{"type":"FeatureCollection","name":"SF OSM building and transport context around mock sites","bbox":[-122.433,37.758,-122.417,37.776],"features":[{"type":"Feature","id":"osm-land-road-8915009","properties":{"source":"© OpenStreetMap contributors; OSM way/8915009 (ODbL), snapshot 2026-07-15T15:22:01Z","osm_type":"way","osm_id":8915009,"osm_url":"https://www.openstreetmap.org/way/8915009","source_timestamp":"2026-07-15T15:22:01Z","scenario_only":false,"layer":"restricted","name":"Dehon Street","restriction_type":"mapped_road_corridor","osm_highway":"residential","modeled_width_m":10.0,"context_scope":"candidate-site road check"},"geometry":{"type":"Polygon","coordinates":[[[-122.43005940355033,37.764342284674925],[-122.43003440696894,37.76408881737964],[-122.43014759302604,37.764081782593145],[-122.43017259644469,37.76433531529785],[-122.43018009966987,37.764412848013876],[-122.43006690032519,37.7644197519589],[-122.43005940355033,37.764342284674925]]]}},{"type":"Feature","id":"osm-land-road-8916232","properties":{"source":"© OpenStreetMap contributors; OSM way/8916232 (ODbL), snapshot 2026-07-15T15:22:01Z","osm_type":"way","osm_id":8916232,"osm_url":"https://www.openstreetmap.org/way/8916232","source_timestamp":"2026-07-15T15:22:01Z","scenario_only":false,"layer":"restricted","name":"Clinton Park","restriction_type":"mapped_road_corridor","osm_highway":"residential","modeled_width_m":10.0,"context_scope":"candidate-site road check"},"geometry":{"type":"Polygon","coordinates":[[[-122.4221755143295,37.76926428242624],[-122.42220252582324,37.769262545972985],[-122.4223249374473,37.76925123728047],[-122.42233806256024,37.76934076271888],[-122.42221367418318,37.76935225402647],[-122.42218468411029,37.769354117673984],[-122.42149758526209,37.76939831759629],[-122.42148841474308,37.769308482403225],[-122.4221755143295,37.76926428242624]]]}},{"type":"Feature","id":"osm-land-road-8916267","properties":{"source":"© OpenStreetMap contributors; OSM way/8916267 (ODbL), snapshot 2026-07-15T15:22:01Z","osm_type":"way","osm_id":8916267,"osm_url":"https://www.openstreetmap.org/way/8916267","source_timestamp":"2026-07-15T15:22:01Z","scenario_only":false,"layer":"restricted","name":"Harlow Street","restriction_type":"mapped_road_corridor","osm_highway":"residential","modeled_width_m":10.0,"context_scope":"candidate-site road check"},"geometry":{"type":"Polygon","coordinates":[[[-122.42937680092173,37.76438365778972],[-122.42935289889999,37.7641354349046],[-122.42946610109514,37.76412856506816],[-122.42949000018217,37.764376753621384],[-122.42949759913283,37.76445514217992],[-122.42938440086223,37.764462057792834],[-122.42937680092173,37.76438365778972]]]}},{"type":"Feature","id":"osm-land-road-8916759","properties":{"source":"© OpenStreetMap contributors; OSM way/8916759 (ODbL), snapshot 2026-07-15T15:22:01Z","osm_type":"way","osm_id":8916759,"osm_url":"https://www.openstreetmap.org/way/8916759","source_timestamp":"2026-07-15T15:22:01Z","scenario_only":false,"layer":"restricted","name":"Walter Street","restriction_type":"mapped_road_corridor","osm_highway":"residential","modeled_width_m":10.0,"context_scope":"candidate-site road check"},"geometry":{"type":"Polygon","coordinates":[[[-122.4324254570746,37.7692553369224],[-122.43241721109848,37.76917740183026],[-122.43226839600713,37.76763063271304],[-122.43225989616639,37.76754233366786],[-122.43237310382874,37.76753546630492],[-122.43238160389575,37.76762376630141],[-122.4325303888964,37.769170198142504],[-122.43253854291957,37.76924726305042],[-122.43254031092829,37.76926189814129],[-122.4324272890655,37.76927050183156],[-122.4324254570746,37.7692553369224]]]}},{"type":"Feature","id":"osm-land-road-8916975","properties":{"source":"© OpenStreetMap contributors; OSM way/8916975 (ODbL), snapshot 2026-07-15T15:22:01Z","osm_type":"way","osm_id":8916975,"osm_url":"https://www.openstreetmap.org/way/8916975","source_timestamp":"2026-07-15T15:22:01Z","scenario_only":false,"layer":"restricted","name":"Brosnan Street","restriction_type":"mapped_road_corridor","osm_highway":"residential","modeled_width_m":10.0,"context_scope":"candidate-site road check"},"geometry":{"type":"Polygon","coordinates":[[[-122.42235233582878,37.76872183433278],[-122.42240307672282,37.768719148049925],[-122.42436851429413,37.768601481711606],[-122.42442779872736,37.76859740341965],[-122.4244376012782,37.76868719657986],[-122.42437768571108,37.76869131828795],[-122.42241112328166,37.76880905194963],[-122.42235987767226,37.76881176495227],[-122.42228565063134,37.7688156663783],[-122.42227814937289,37.76872573362126],[-122.42235233582878,37.76872183433278]]]}},{"type":"Feature","id":"osm-land-road-8917177","properties":{"source":"© OpenStreetMap contributors; OSM way/8917177 (ODbL), snapshot 2026-07-15T15:22:01Z","osm_type":"way","osm_id":8917177,"osm_url":"https://www.openstreetmap.org/way/8917177","source_timestamp":"2026-07-15T15:22:01Z","scenario_only":false,"layer":"restricted","name":"Sanchez Street","restriction_type":"mapped_road_corridor","osm_highway":"residential","modeled_width_m":10.0,"context_scope":"candidate-site road check"},"geometry":{"type":"Polygon","coordinates":[[[-122.43132068803652,37.76931981986041],[-122.43131241240168,37.76924311831281],[-122.43116438127873,37.767685778394885],[-122.43115737136709,37.76760676599681],[-122.43127062862844,37.76760043397596],[-122.43127761871659,37.76767922157787],[-122.43142558759318,37.76923588165997],[-122.43143371195728,37.76931118011243],[-122.43143554819454,37.769324806849035],[-122.43132265179851,37.76933439312386],[-122.43132068803652,37.76931981986041]]]}},{"type":"Feature","id":"osm-land-road-8917241","properties":{"source":"© OpenStreetMap contributors; OSM way/8917241 (ODbL), snapshot 2026-07-15T15:22:01Z","osm_type":"way","osm_id":8917241,"osm_url":"https://www.openstreetmap.org/way/8917241","source_timestamp":"2026-07-15T15:22:01Z","scenario_only":false,"layer":"restricted","name":"Woodward Street","restriction_type":"mapped_road_corridor","osm_highway":"residential","modeled_width_m":10.0,"context_scope":"candidate-site road check"},"geometry":{"type":"Polygon","coordinates":[[[-122.4208605270899,37.76830251141389],[-122.42100952926663,37.769975321503324],[-122.42089627072886,37.76998167846942],[-122.42074727245213,37.76830888348453],[-122.42074047296342,37.768232788556105],[-122.42085372703211,37.76822641141664],[-122.4208605270899,37.76830251141389]]]}},{"type":"Feature","id":"osm-land-road-8917450","properties":{"source":"© OpenStreetMap contributors; OSM way/8917450 (ODbL), snapshot 2026-07-15T15:22:01Z","osm_type":"way","osm_id":8917450,"osm_url":"https://www.openstreetmap.org/way/8917450","source_timestamp":"2026-07-15T15:22:01Z","scenario_only":false,"layer":"restricted","name":"Stevenson Street","restriction_type":"mapped_road_corridor","osm_highway":"residential","modeled_width_m":10.0,"context_scope":"candidate-site road check"},"geometry":{"type":"Polygon","coordinates":[[[-122.4214476328432,37.76827077668418],[-122.4214548310695,37.76835275577123],[-122.42149211242501,37.76877444124468],[-122.42154959251813,37.76934983757372],[-122.42143640747676,37.76935696239906],[-122.42137888757021,37.7687811587281],[-122.42134156987433,37.76835905492761],[-122.42133436804639,37.768277033470206],[-122.42132746632437,37.768197913104366],[-122.4214407336712,37.76819168686836],[-122.4214476328432,37.76827077668418]]]}},{"type":"Feature","id":"osm-land-road-8917451","properties":{"source":"© OpenStreetMap contributors; OSM way/8917451 (ODbL), snapshot 2026-07-15T15:22:01Z","osm_type":"way","osm_id":8917451,"osm_url":"https://www.openstreetmap.org/way/8917451","source_timestamp":"2026-07-15T15:22:01Z","scenario_only":false,"layer":"restricted","name":"Stevenson Street","restriction_type":"mapped_road_corridor","osm_highway":"residential","modeled_width_m":10.0,"context_scope":"candidate-site road check"},"geometry":{"type":"Polygon","coordinates":[[[-122.42169970473005,37.7715597555092],[-122.42156959066011,37.77019129655336],[-122.42155458329371,37.770033918045236],[-122.4215448758075,37.769926834563954],[-122.42165812418793,37.76992036540879],[-122.42166781670159,37.77002728192751],[-122.42168280886284,37.77018449846726],[-122.4218128952649,37.77155264446356],[-122.42182227824719,37.771642580689374],[-122.42170912174747,37.771650019283406],[-122.42169970473005,37.7715597555092]]]}},{"type":"Feature","id":"osm-land-road-8919090","properties":{"source":"© OpenStreetMap contributors; OSM way/8919090 (ODbL), snapshot 2026-07-15T15:22:01Z","osm_type":"way","osm_id":8919090,"osm_url":"https://www.openstreetmap.org/way/8919090","source_timestamp":"2026-07-15T15:22:01Z","scenario_only":false,"layer":"restricted","name":"Sharon Street","restriction_type":"mapped_road_corridor","osm_highway":"residential","modeled_width_m":10.0,"context_scope":"candidate-site road check"},"geometry":{"type":"Polygon","coordinates":[[[-122.42988759357543,37.76600499425219],[-122.42974819649717,37.76454811317431],[-122.42973789552768,37.76444010216244],[-122.4298511044675,37.76443329781032],[-122.42986140402462,37.76454129230299],[-122.4300008046037,37.76599818674128],[-122.43000730826783,37.76606692469929],[-122.4298940917274,37.76607367527348],[-122.42988759357543,37.76600499425219]]]}},{"type":"Feature","id":"osm-land-road-8919224","properties":{"source":"© OpenStreetMap contributors; OSM way/8919224 (ODbL), snapshot 2026-07-15T15:22:01Z","osm_type":"way","osm_id":8919224,"osm_url":"https://www.openstreetmap.org/way/8919224","source_timestamp":"2026-07-15T15:22:01Z","scenario_only":false,"layer":"restricted","name":"Chula Lane","restriction_type":"mapped_road_corridor","osm_highway":"residential","modeled_width_m":10.0,"context_scope":"candidate-site road check"},"geometry":{"type":"Polygon","coordinates":[[[-122.42846194874721,37.76356552915077],[-122.4285627840451,37.7635493395388],[-122.42858242076589,37.76354614981761],[-122.42860517924733,37.763634450181065],[-122.42858541596803,37.76363766045989],[-122.42848445261555,37.76365387063126],[-122.42725834922189,37.76385067117316],[-122.42723585079115,37.76376232882553],[-122.42846194874721,37.76356552915077]]]}},{"type":"Feature","id":"osm-land-road-8919304","properties":{"source":"© OpenStreetMap contributors; OSM way/8919304 (ODbL), snapshot 2026-07-15T15:22:01Z","osm_type":"way","osm_id":8919304,"osm_url":"https://www.openstreetmap.org/way/8919304","source_timestamp":"2026-07-15T15:22:01Z","scenario_only":false,"layer":"restricted","name":"Rosemont Place","restriction_type":"mapped_road_corridor","osm_highway":"residential","modeled_width_m":10.0,"context_scope":"candidate-site road check"},"geometry":{"type":"Polygon","coordinates":[[[-122.42550866713248,37.76802772229769],[-122.42550196006624,37.76794893858953],[-122.42561523992947,37.76794286138322],[-122.42562193286311,37.768021477675035],[-122.42568962591687,37.76877489396385],[-122.4255763740786,37.7687813060089],[-122.42550866713248,37.76802772229769]]]}},{"type":"Feature","id":"osm-land-road-8919330","properties":{"source":"© OpenStreetMap contributors; OSM way/8919330 (ODbL), snapshot 2026-07-15T15:22:01Z","osm_type":"way","osm_id":8919330,"osm_url":"https://www.openstreetmap.org/way/8919330","source_timestamp":"2026-07-15T15:22:01Z","scenario_only":false,"layer":"restricted","name":"Cumberland Street","restriction_type":"mapped_road_corridor","osm_highway":"residential","modeled_width_m":10.0,"context_scope":"candidate-site road check"},"geometry":{"type":"Polygon","coordinates":[[[-122.42369859624422,37.75911407090942],[-122.42567461290241,37.758992969869674],[-122.42578153411493,37.75898636237839],[-122.42593027318733,37.7589777543291],[-122.42593852681735,37.759067645670456],[-122.42579006588988,37.759076237621144],[-122.42568340493614,37.75908282902779],[-122.42370738592305,37.75920393019213],[-122.42361190370326,37.75920982909316],[-122.42360309630172,37.759119970906355],[-122.42369859624422,37.75911407090942]]]}},{"type":"Feature","id":"osm-land-road-8919891","properties":{"source":"© OpenStreetMap contributors; OSM way/8919891 (ODbL), snapshot 2026-07-15T15:22:01Z","osm_type":"way","osm_id":8919891,"osm_url":"https://www.openstreetmap.org/way/8919891","source_timestamp":"2026-07-15T15:22:01Z","scenario_only":false,"layer":"restricted","name":"Ramona Avenue","restriction_type":"mapped_road_corridor","osm_highway":"residential","modeled_width_m":10.0,"context_scope":"candidate-site road check"},"geometry":{"type":"Polygon","coordinates":[[[-122.42529031294823,37.767888313214236],[-122.42522039430423,37.76715141079625],[-122.42515119767674,37.76643324011284],[-122.42514339805224,37.766352443364305],[-122.42525660194283,37.766345556608464],[-122.42526440200416,37.76642635660526],[-122.42533360569092,37.76714458917651],[-122.4254034870466,37.76788108675855],[-122.42541136249737,37.767954158461954],[-122.4252982374971,37.767961841510825],[-122.42529031294823,37.767888313214236]]]}},{"type":"Feature","id":"osm-land-road-8919945","properties":{"source":"© OpenStreetMap contributors; OSM way/8919945 (ODbL), snapshot 2026-07-15T15:22:01Z","osm_type":"way","osm_id":8919945,"osm_url":"https://www.openstreetmap.org/way/8919945","source_timestamp":"2026-07-15T15:22:01Z","scenario_only":false,"layer":"restricted","name":"Wiese Street","restriction_type":"mapped_road_corridor","osm_highway":"residential","modeled_width_m":10.0,"context_scope":"candidate-site road check"},"geometry":{"type":"Polygon","coordinates":[[[-122.42055607565861,37.7650977002737],[-122.42066408233075,37.766186359161416],[-122.42070397996544,37.76656633387518],[-122.42071028778776,37.76662901112674],[-122.42059711220713,37.76663618884605],[-122.42059082002932,37.76657366609761],[-122.4205509176641,37.76619364081138],[-122.4204429243361,37.765105099699106],[-122.42043214189266,37.76500556107157],[-122.42054525810182,37.76499783890122],[-122.42055607565861,37.7650977002737]]]}},{"type":"Feature","id":"osm-land-road-8920014","properties":{"source":"© OpenStreetMap contributors; OSM way/8920014 (ODbL), snapshot 2026-07-15T15:22:01Z","osm_type":"way","osm_id":8920014,"osm_url":"https://www.openstreetmap.org/way/8920014","source_timestamp":"2026-07-15T15:22:01Z","scenario_only":false,"layer":"restricted","name":"Germania Street","restriction_type":"mapped_road_corridor","osm_highway":"residential","modeled_width_m":10.0,"context_scope":"candidate-site road check"},"geometry":{"type":"Polygon","coordinates":[[[-122.42859866072726,37.77087361005033],[-122.43008900008935,37.770683005009474],[-122.4301701185724,37.77067270266176],[-122.43027058878381,37.770659906455336],[-122.43173137055233,37.77047310878083],[-122.43181769939082,37.7704621050986],[-122.43183570061963,37.77055109490045],[-122.43174941501528,37.770562093065216],[-122.4302886286027,37.77074889132187],[-122.43018809378522,37.77076169576474],[-122.43010699992108,37.77077199498957],[-122.42861673461334,37.7709625905466],[-122.42854643924207,37.77097158995373],[-122.42852836076841,37.77088261004533],[-122.42859866072726,37.77087361005033]]]}},{"type":"Feature","id":"osm-land-road-8920221","properties":{"source":"© OpenStreetMap contributors; OSM way/8920221 (ODbL), snapshot 2026-07-15T15:22:01Z","osm_type":"way","osm_id":8920221,"osm_url":"https://www.openstreetmap.org/way/8920221","source_timestamp":"2026-07-15T15:22:01Z","scenario_only":false,"layer":"restricted","name":"Potomac Street","restriction_type":"mapped_road_corridor","osm_highway":"residential","modeled_width_m":10.0,"context_scope":"candidate-site road check"},"geometry":{"type":"Polygon","coordinates":[[[-122.43278387986199,37.770791287157],[-122.43279756108042,37.7708592935419],[-122.43268543890919,37.77087350643134],[-122.43267172012776,37.770805312816236],[-122.43249890244535,37.76992241906916],[-122.43261109754455,37.769908580904044],[-122.43278387986199,37.770791287157]]]}},{"type":"Feature","id":"osm-land-road-8921257","properties":{"source":"© OpenStreetMap contributors; OSM way/8921257 (ODbL), snapshot 2026-07-15T15:22:01Z","osm_type":"way","osm_id":8921257,"osm_url":"https://www.openstreetmap.org/way/8921257","source_timestamp":"2026-07-15T15:22:01Z","scenario_only":false,"layer":"restricted","name":"Capp Street","restriction_type":"mapped_road_corridor","osm_highway":"residential","modeled_width_m":10.0,"context_scope":"candidate-site road check"},"geometry":{"type":"Polygon","coordinates":[[[-122.41868378400287,37.76667279723472],[-122.41868208479448,37.766654705516295],[-122.41863038467598,37.76608889949565],[-122.41860934798743,37.765864105618704],[-122.41859731811309,37.76569027201716],[-122.4187106818835,37.76568532795554],[-122.4187226520085,37.765858294354004],[-122.41874361531939,37.76608230047707],[-122.41879531520084,37.76664809445646],[-122.41879701599251,37.76666620273801],[-122.41880332090682,37.7667355562134],[-122.41869007908862,37.76674204375934],[-122.41868378400287,37.76667279723472]]]}},{"type":"Feature","id":"osm-land-road-8922157","properties":{"source":"© OpenStreetMap contributors; OSM way/8922157 (ODbL), snapshot 2026-07-15T15:22:01Z","osm_type":"way","osm_id":8922157,"osm_url":"https://www.openstreetmap.org/way/8922157","source_timestamp":"2026-07-15T15:22:01Z","scenario_only":false,"layer":"restricted","name":"Adair Street","restriction_type":"mapped_road_corridor","osm_highway":"residential","modeled_width_m":10.0,"context_scope":"candidate-site road check"},"geometry":{"type":"Polygon","coordinates":[[[-122.41857767479975,37.7657384844087],[-122.41768920123216,37.76580137546279],[-122.41756586078463,37.76581066344719],[-122.4175551392215,37.765720936552285],[-122.41767879877376,37.76571162453668],[-122.41856754157547,37.765648714424415],[-122.41864892515717,37.76564291559384],[-122.41865907484863,37.76573268440564],[-122.41857767479975,37.7657384844087]]]}},{"type":"Feature","id":"osm-land-road-8922890","properties":{"source":"© OpenStreetMap contributors; OSM way/8922890 (ODbL), snapshot 2026-07-15T15:22:01Z","osm_type":"way","osm_id":8922890,"osm_url":"https://www.openstreetmap.org/way/8922890","source_timestamp":"2026-07-15T15:22:01Z","scenario_only":false,"layer":"restricted","name":"Julian Avenue","restriction_type":"mapped_road_corridor","osm_highway":"residential","modeled_width_m":10.0,"context_scope":"candidate-site road check"},"geometry":{"type":"Polygon","coordinates":[[[-122.42114708914896,37.7681403640951],[-122.4211125924901,37.76777579646541],[-122.42109889460431,37.767632817395125],[-122.42106669457361,37.76729641439454],[-122.42100761261102,37.76667869805457],[-122.42100069420901,37.76661352423377],[-122.42099497889932,37.766546945297925],[-122.42088718182937,37.76542476688427],[-122.4208576287321,37.765085302660324],[-122.42084451644101,37.76498149639605],[-122.42095748355248,37.76497250357683],[-122.42097077126243,37.765077697312464],[-122.42100041816603,37.76541823308849],[-122.42110822109608,37.76654045467483],[-122.42111390578611,37.766606675738984],[-122.42112078738384,37.76667150191822],[-122.42117990554209,37.76728958683767],[-122.42121210553407,37.76762598407307],[-122.42122580549936,37.767768982572036],[-122.42126030976317,37.76813362443168],[-122.42126671197371,37.76820174732184],[-122.4211534880215,37.76820845265094],[-122.42114708914896,37.7681403640951]]]}},{"type":"Feature","id":"osm-land-road-24335448","properties":{"source":"© OpenStreetMap contributors; OSM way/24335448 (ODbL), snapshot 2026-07-15T15:22:01Z","osm_type":"way","osm_id":24335448,"osm_url":"https://www.openstreetmap.org/way/24335448","source_timestamp":"2026-07-15T15:22:01Z","scenario_only":false,"layer":"restricted","name":"Duboce Avenue","restriction_type":"mapped_road_corridor","osm_highway":"residential","modeled_width_m":10.0,"context_scope":"candidate-site road check"},"geometry":{"type":"Polygon","coordinates":[[[-122.4316550938425,37.76926874163675],[-122.43247897763897,37.769221294398214],[-122.43274186468518,37.76920084984202],[-122.43275293532118,37.76929055015742],[-122.43248862236652,37.769311105601304],[-122.43166290616186,37.76935865836282],[-122.43158950464237,37.76936246882391],[-122.43158209536175,37.769272531175694],[-122.4316550938425,37.76926874163675]]]}},{"type":"Feature","id":"osm-land-road-24335449","properties":{"source":"© OpenStreetMap contributors; OSM way/24335449 (ODbL), snapshot 2026-07-15T15:22:01Z","osm_type":"way","osm_id":24335449,"osm_url":"https://www.openstreetmap.org/way/24335449","source_timestamp":"2026-07-15T15:22:01Z","scenario_only":false,"layer":"restricted","name":"Steiner Street","restriction_type":"mapped_road_corridor","osm_highway":"residential","modeled_width_m":10.0,"context_scope":"candidate-site road check"},"geometry":{"type":"Polygon","coordinates":[[[-122.43166100884962,37.76997764557158],[-122.43154786203952,37.769425527152265],[-122.43153256435383,37.76933833996667],[-122.43152977161303,37.7693247614184],[-122.43164182837633,37.76931023855487],[-122.43164483563632,37.76932486000649],[-122.43166013795062,37.7694120728209],[-122.4317729911395,37.769962754401746],[-122.43178814573972,37.77003254508117],[-122.43167625424907,37.77004785489216],[-122.43166100884962,37.76997764557158]]]}},{"type":"Feature","id":"osm-land-road-25052347","properties":{"source":"© OpenStreetMap contributors; OSM way/25052347 (ODbL), snapshot 2026-07-15T15:22:01Z","osm_type":"way","osm_id":25052347,"osm_url":"https://www.openstreetmap.org/way/25052347","source_timestamp":"2026-07-15T15:22:01Z","scenario_only":false,"layer":"restricted","name":"Linda Street","restriction_type":"mapped_road_corridor","osm_highway":"residential","modeled_width_m":10.0,"context_scope":"candidate-site road check"},"geometry":{"type":"Polygon","coordinates":[[[-122.4228185231616,37.759977847505446],[-122.4227913229289,37.759716443354215],[-122.42274841944793,37.75928860539],[-122.42270042275055,37.758817634274074],[-122.42281357724426,37.75881036569873],[-122.42286158054691,37.759281394582786],[-122.42290447706587,37.75970915661854],[-122.42293167683322,37.75997055246734],[-122.42293558316625,37.760009415178175],[-122.42282241682867,37.760016584794606],[-122.4228185231616,37.759977847505446]]]}},{"type":"Feature","id":"osm-land-road-26929845","properties":{"source":"© OpenStreetMap contributors; OSM way/26929845 (ODbL), snapshot 2026-07-15T15:22:01Z","osm_type":"way","osm_id":26929845,"osm_url":"https://www.openstreetmap.org/way/26929845","source_timestamp":"2026-07-15T15:22:01Z","scenario_only":false,"layer":"restricted","name":"Guerrero Street","restriction_type":"mapped_road_corridor","osm_highway":"secondary","modeled_width_m":16.0,"context_scope":"candidate-site road check"},"geometry":{"type":"Polygon","coordinates":[[[-122.42374222185418,37.76151618796389],[-122.42360712268243,37.76005477764189],[-122.42359945182903,37.75997159262831],[-122.42359398590149,37.7599189203437],[-122.42351693217735,37.759170289704535],[-122.42345547321126,37.75845489317348],[-122.42344895658071,37.75837177977602],[-122.42363024340926,37.75836282015416],[-122.42363672677818,37.7584455067567],[-122.42369806781038,37.75915951022574],[-122.42377501656999,37.759907103532946],[-122.42378054815822,37.75996040730201],[-122.42378827790498,37.76004422877131],[-122.42392337860761,37.76150561708103],[-122.42392827819809,37.76155851196319],[-122.42374712178993,37.76156908796708],[-122.42374222185418,37.76151618796389]]]}},{"type":"Feature","id":"osm-land-road-27145510","properties":{"source":"© OpenStreetMap contributors; OSM way/27145510 (ODbL), snapshot 2026-07-15T15:22:01Z","osm_type":"way","osm_id":27145510,"osm_url":"https://www.openstreetmap.org/way/27145510","source_timestamp":"2026-07-15T15:22:01Z","scenario_only":false,"layer":"restricted","name":"Duboce Avenue","restriction_type":"mapped_road_corridor","osm_highway":"residential","modeled_width_m":10.0,"context_scope":"candidate-site road check"},"geometry":{"type":"Polygon","coordinates":[[[-122.43288678158952,37.769180936392395],[-122.43318996598303,37.7691492769628],[-122.43346672293777,37.769131194839076],[-122.43358806171615,37.76912285470331],[-122.43366529579254,37.769122237653775],[-122.43371026209722,37.769121837062826],[-122.43375917948585,37.76912153695595],[-122.43388969764203,37.76912043764459],[-122.43402376384525,37.76911935168521],[-122.43413540039927,37.76911295276316],[-122.43491098894378,37.76906825341936],[-122.4350498917927,37.76906025325447],[-122.43517517381764,37.76905305428611],[-122.43523524634847,37.7690495558855],[-122.43570948664703,37.76902225354734],[-122.43581507976252,37.76901615394449],[-122.43582332024211,37.76910604605509],[-122.43571772017845,37.76911214605821],[-122.4352435299647,37.769139445493764],[-122.43518345362,37.769142944115856],[-122.43505810345445,37.76915014701906],[-122.43491920954247,37.76915814666771],[-122.43414361059318,37.76920284660317],[-122.43402843615723,37.76920944831442],[-122.4338908907883,37.76921056245251],[-122.43376022051444,37.76921166304373],[-122.4337113379031,37.76921196293682],[-122.43366650420782,37.7692123623459],[-122.43359353828681,37.76921294529632],[-122.43347627706765,37.76922100516042],[-122.43320203402392,37.76923892303661],[-122.43290381842037,37.76927006360672],[-122.43275702606124,37.769290112325244],[-122.43273777394997,37.769201287673724],[-122.43288678158952,37.769180936392395]]]}},{"type":"Feature","id":"osm-land-road-27551598","properties":{"source":"© OpenStreetMap contributors; OSM way/27551598 (ODbL), snapshot 2026-07-15T15:22:01Z","osm_type":"way","osm_id":27551598,"osm_url":"https://www.openstreetmap.org/way/27551598","source_timestamp":"2026-07-15T15:22:01Z","scenario_only":false,"layer":"restricted","name":"Mapped transport corridor","restriction_type":"mapped_road_corridor","osm_highway":"footway","modeled_width_m":3.0,"context_scope":"candidate-site road check"},"geometry":{"type":"Polygon","coordinates":[[[-122.43185969320469,37.769935888902225],[-122.43189172106061,37.769924724907106],[-122.43194837464274,37.76989159530523],[-122.43201836543383,37.769855187994],[-122.43209531440696,37.76981757073901],[-122.43216514793887,37.76978795970578],[-122.43222809345963,37.76976355433484],[-122.43229631956162,37.76974353589812],[-122.43234173033325,37.76973332888974],[-122.43239167597433,37.76972801108665],[-122.43243853903299,37.76972675019698],[-122.43248845554297,37.76973201565159],[-122.43253554451974,37.76974210614643],[-122.43257438458865,37.76975550939465],[-122.43260105955487,37.7697588111819],[-122.43262899268028,37.769757345554986],[-122.43266882792017,37.76974516065784],[-122.43274156268242,37.769720814716635],[-122.43281038590004,37.7697054404147],[-122.43287365228821,37.769698343224036],[-122.43290247559294,37.769694374113335],[-122.43292969239586,37.76968673584955],[-122.43294381325774,37.769678384802866],[-122.43295644366644,37.769663112743345],[-122.43296322139496,37.769648978706066],[-122.43296734105871,37.76962032022089],[-122.43295948743885,37.7695731014777],[-122.43295266888646,37.769522318440885],[-122.43295266889626,37.76947953099584],[-122.43295948759737,37.76943210547858],[-122.43296750538123,37.76938053437673],[-122.43296957927723,37.76933332879988],[-122.43300362072304,37.769334271197664],[-122.43300149461928,37.76938266562085],[-122.43299331240338,37.76943529451899],[-122.43298673110415,37.76948106900169],[-122.43298673111329,37.76952088155665],[-122.43299331256043,37.76956989851985],[-122.43300165894127,37.76962007977663],[-122.43299657860652,37.769655421291596],[-122.43298695633612,37.7696754872547],[-122.43296898674546,37.76969721519581],[-122.43294590760678,37.7697108641499],[-122.43291112440855,37.769720625886514],[-122.43287894771272,37.76972505677591],[-122.43281741410121,37.76973195958519],[-122.43275283731947,37.769746385283106],[-122.43268157208195,37.769770239341824],[-122.43263640732103,37.769784054444855],[-122.43259954044483,37.76978598881804],[-122.43256481540959,37.76978169060512],[-122.43252425547828,37.76976769385327],[-122.4324817444558,37.76975858434824],[-122.43243686096667,37.76975384980297],[-122.43239452402618,37.76975498891331],[-122.43234866966795,37.769759871110125],[-122.43230688044018,37.76976926410164],[-122.43224150654262,37.76978844566476],[-122.43218065206365,37.769812040293694],[-122.4321122855957,37.769841029260355],[-122.43203663456897,37.76987801200528],[-122.43196782536016,37.76991380469396],[-122.43190887894207,37.76994827509226],[-122.43187090679724,37.769961511097485],[-122.43182029548866,37.76997198240304],[-122.43181170451284,37.76994581759676],[-122.43185969320469,37.769935888902225]]]}},{"type":"Feature","id":"osm-land-road-27551603","properties":{"source":"© OpenStreetMap contributors; OSM way/27551603 (ODbL), snapshot 2026-07-15T15:22:01Z","osm_type":"way","osm_id":27551603,"osm_url":"https://www.openstreetmap.org/way/27551603","source_timestamp":"2026-07-15T15:22:01Z","scenario_only":false,"layer":"restricted","name":"Mapped transport corridor","restriction_type":"mapped_road_corridor","osm_highway":"footway","modeled_width_m":3.0,"context_scope":"candidate-site road check"},"geometry":{"type":"Polygon","coordinates":[[[-122.43263174266421,37.76979623349175],[-122.43260392689407,37.76981749909945],[-122.43258526838132,37.76984601997758],[-122.43257607153045,37.76987992758665],[-122.43257196464297,37.76991669408226],[-122.4325380353576,37.76991430591529],[-122.43254232847053,37.76987587241094],[-122.4325529316207,37.76983678002022],[-122.43257627310899,37.769801100898924],[-122.43261045733881,37.769774966507285],[-122.4326659215362,37.769746362977116],[-122.43268447846664,37.769769037022165],[-122.43263174266421,37.76979623349175]]]}},{"type":"Feature","id":"osm-land-road-27553818","properties":{"source":"© OpenStreetMap contributors; OSM way/27553818 (ODbL), snapshot 2026-07-15T15:22:01Z","osm_type":"way","osm_id":27553818,"osm_url":"https://www.openstreetmap.org/way/27553818","source_timestamp":"2026-07-15T15:22:01Z","scenario_only":false,"layer":"restricted","name":"Cunningham Place","restriction_type":"mapped_road_corridor","osm_highway":"service","modeled_width_m":7.0,"context_scope":"candidate-site road check"},"geometry":{"type":"Polygon","coordinates":[[[-122.42142307449157,37.759343944244314],[-122.42150596607871,37.75933964468069],[-122.42210922311183,37.75929757556836],[-122.42211617689097,37.75936042443139],[-122.42151203392369,37.75940255531908],[-122.42142912551084,37.75940685575546],[-122.42137335985302,37.75941072561397],[-122.42136644014971,37.75934787438579],[-122.42142307449157,37.759343944244314]]]}},{"type":"Feature","id":"osm-land-road-28256362","properties":{"source":"© OpenStreetMap contributors; OSM way/28256362 (ODbL), snapshot 2026-07-15T15:22:01Z","osm_type":"way","osm_id":28256362,"osm_url":"https://www.openstreetmap.org/way/28256362","source_timestamp":"2026-07-15T15:22:01Z","scenario_only":false,"layer":"restricted","name":"Mapped transport corridor","restriction_type":"mapped_road_corridor","osm_highway":"footway","modeled_width_m":3.0,"context_scope":"candidate-site road check"},"geometry":{"type":"Polygon","coordinates":[[[-122.42807778749139,37.76115152555314],[-122.42804430474463,37.76108875787117],[-122.42799863591516,37.76099420829661],[-122.42795645571275,37.76090108966639],[-122.42792784494424,37.76081868254157],[-122.42790313780155,37.76074252755052],[-122.4278769371111,37.76047529996588],[-122.42781922312885,37.760018888565945],[-122.4278119993617,37.759925179975056],[-122.42780249624943,37.759786434071984],[-122.42783650375029,37.75978496592553],[-122.427846000638,37.75992362002249],[-122.4278531768707,37.7600167114316],[-122.42791086288842,37.76047290003165],[-122.42793686219748,37.76073807244707],[-122.42796075505426,37.76081171745611],[-122.42798894428549,37.760892910331364],[-122.42803056408282,37.760984791701176],[-122.42807589525323,37.76107864212669],[-122.42810941250646,37.76114147444472],[-122.4281542316762,37.761235725005434],[-122.4281223683218,37.76124527499241],[-122.42807778749139,37.76115152555314]]]}},{"type":"Feature","id":"osm-land-road-29479413","properties":{"source":"© OpenStreetMap contributors; OSM way/29479413 (ODbL), snapshot 2026-07-15T15:22:01Z","osm_type":"way","osm_id":29479413,"osm_url":"https://www.openstreetmap.org/way/29479413","source_timestamp":"2026-07-15T15:22:01Z","scenario_only":false,"layer":"restricted","name":"17th Street","restriction_type":"mapped_road_corridor","osm_highway":"residential","modeled_width_m":10.0,"context_scope":"candidate-site road check"},"geometry":{"type":"Polygon","coordinates":[[[-122.42854233549974,37.762850643427946],[-122.42860473574778,37.76284760668147],[-122.42863246410342,37.7628448535109],[-122.42864672615435,37.76284396904262],[-122.42998294035888,37.76276286817402],[-122.4306192079725,37.76272367016587],[-122.43075834349071,37.76271516798579],[-122.43076705651426,37.76280503201373],[-122.43062797422729,37.76281353093066],[-122.42999165964603,37.76285273182551],[-122.42865547385061,37.7629338309569],[-122.42864393590317,37.76293454648852],[-122.42861526425828,37.76293739331799],[-122.42855026450468,37.7629405565716],[-122.42853155517848,37.76294172590436],[-122.42852264482654,37.762851874095176],[-122.42854233549974,37.762850643427946]]]}},{"type":"Feature","id":"osm-land-road-29480939","properties":{"source":"© OpenStreetMap contributors; OSM way/29480939 (ODbL), snapshot 2026-07-15T15:22:01Z","osm_type":"way","osm_id":29480939,"osm_url":"https://www.openstreetmap.org/way/29480939","source_timestamp":"2026-07-15T15:22:01Z","scenario_only":false,"layer":"restricted","name":"Church Street","restriction_type":"mapped_road_corridor","osm_highway":"residential","modeled_width_m":10.0,"context_scope":"candidate-site road check"},"geometry":{"type":"Polygon","coordinates":[[[-122.4285371970868,37.76359371201964],[-122.42847768119425,37.76298044343883],[-122.42847717049756,37.76297441716337],[-122.42847047883788,37.7629000092715],[-122.42858372115758,37.76289359070127],[-122.42859042949804,37.76296818280936],[-122.42859091880112,37.76297395653392],[-122.42865040290839,37.76358688795311],[-122.42867890782303,37.763889337652536],[-122.42856569217223,37.763896062320235],[-122.4285371970868,37.76359371201964]]]}},{"type":"Feature","id":"osm-land-road-29480941","properties":{"source":"© OpenStreetMap contributors; OSM way/29480941 (ODbL), snapshot 2026-07-15T15:22:01Z","osm_type":"way","osm_id":29480941,"osm_url":"https://www.openstreetmap.org/way/29480941","source_timestamp":"2026-07-15T15:22:01Z","scenario_only":false,"layer":"restricted","name":"16th Street","restriction_type":"mapped_road_corridor","osm_highway":"tertiary","modeled_width_m":14.0,"context_scope":"candidate-site road check"},"geometry":{"type":"Polygon","coordinates":[[[-122.42978831410127,37.76437380053714],[-122.43011744783563,37.76435339224222],[-122.43077907897164,37.76431418446681],[-122.43091047395598,37.764306384763586],[-122.43092232605333,37.7644322152355],[-122.43079092594247,37.76444001524114],[-122.43012955217391,37.76447920775688],[-122.42980068838607,37.76449959930832],[-122.42944718300537,37.76452149963923],[-122.42943481700442,37.76439570035983],[-122.42978831410127,37.76437380053714]]]}},{"type":"Feature","id":"osm-land-road-29480946","properties":{"source":"© OpenStreetMap contributors; OSM way/29480946 (ODbL), snapshot 2026-07-15T15:22:01Z","osm_type":"way","osm_id":29480946,"osm_url":"https://www.openstreetmap.org/way/29480946","source_timestamp":"2026-07-15T15:22:01Z","scenario_only":false,"layer":"restricted","name":"Hermann Street","restriction_type":"mapped_road_corridor","osm_highway":"residential","modeled_width_m":10.0,"context_scope":"candidate-site road check"},"geometry":{"type":"Polygon","coordinates":[[[-122.43017123397298,37.77019225265733],[-122.4306070287429,37.77013441353285],[-122.4316293172401,37.770007377679605],[-122.43172341492215,37.769995677967415],[-122.43174098508804,37.770084722031676],[-122.43164688503283,37.77009642203817],[-122.43062517126765,37.77022338646619],[-122.43018996397188,37.770281147616],[-122.43009356598162,37.77029394734878],[-122.43007483402926,37.77020505265022],[-122.43017123397298,37.77019225265733]]]}},{"type":"Feature","id":"osm-land-road-32121419","properties":{"source":"© OpenStreetMap contributors; OSM way/32121419 (ODbL), snapshot 2026-07-15T15:22:01Z","osm_type":"way","osm_id":32121419,"osm_url":"https://www.openstreetmap.org/way/32121419","source_timestamp":"2026-07-15T15:22:01Z","scenario_only":false,"layer":"restricted","name":"Duboce Avenue","restriction_type":"mapped_road_corridor","osm_highway":"residential","modeled_width_m":10.0,"context_scope":"candidate-site road check"},"geometry":{"type":"Polygon","coordinates":[[[-122.43158162480898,37.769272557162004],[-122.43158997519569,37.76936244283756],[-122.43138327507107,37.76937454284379],[-122.43137492493362,37.769284657155765],[-122.43158162480898,37.769272557162004]]]}},{"type":"Feature","id":"osm-land-road-32929982","properties":{"source":"© OpenStreetMap contributors; OSM way/32929982 (ODbL), snapshot 2026-07-15T15:22:01Z","osm_type":"way","osm_id":32929982,"osm_url":"https://www.openstreetmap.org/way/32929982","source_timestamp":"2026-07-15T15:22:01Z","scenario_only":false,"layer":"restricted","name":"Dolores Street","restriction_type":"mapped_road_corridor","osm_highway":"secondary","modeled_width_m":16.0,"context_scope":"candidate-site road check"},"geometry":{"type":"Polygon","coordinates":[[[-122.42606873924922,37.76136567085105],[-122.42602644016458,37.76092467478434],[-122.42599964160775,37.76064468630578],[-122.42592934471875,37.759916409329996],[-122.42592094205855,37.75982858062054],[-122.4259148478169,37.75976533957479],[-122.4258514194986,37.759116441769095],[-122.425843816026,37.75902790007386],[-122.42577554532498,37.75831879540111],[-122.42576733998229,37.75823263852097],[-122.4257612429583,37.75816866892598],[-122.42569784648198,37.75751039717529],[-122.42569084543501,37.75743718542972],[-122.42568464810226,37.75737301223825],[-122.42562234885004,37.75672489250936],[-122.42562163471686,37.756720709699394],[-122.4256136399678,37.75663491877159],[-122.42560814955799,37.756578117269676],[-122.42553694774787,37.75583728912252],[-122.42546754890884,37.75511599204492],[-122.42545954868044,37.75503278861533],[-122.42564065130708,37.755021811314975],[-122.42564865124352,37.755105009598545],[-122.42571805195414,37.75582630783987],[-122.4257892519311,37.756567098196015],[-122.42579476001988,37.756624081158726],[-122.42580236526577,37.75670569023113],[-122.42580305113242,37.75670970742121],[-122.42586575311321,37.757362000407916],[-122.42587195196315,37.757426187688],[-122.42587895536191,37.75749942203055],[-122.42594235430455,37.75815770271342],[-122.4259484598038,37.758221759294635],[-122.42595665750224,37.75830783402396],[-122.42602498396225,37.75901749985641],[-122.42603258048952,37.75910595816118],[-122.42609595217046,37.75975426035551],[-122.4261020560294,37.75981759959784],[-122.42611045760546,37.75990541480857],[-122.4261807561528,37.760633690554165],[-122.42620756037567,37.76091373090796],[-122.42624986035838,37.76135472511822],[-122.42625576119336,37.76141633304551],[-122.42607463879418,37.76142726688477],[-122.42606873924922,37.76136567085105]]]}},{"type":"Feature","id":"osm-land-road-32929983","properties":{"source":"© OpenStreetMap contributors; OSM way/32929983 (ODbL), snapshot 2026-07-15T15:22:01Z","osm_type":"way","osm_id":32929983,"osm_url":"https://www.openstreetmap.org/way/32929983","source_timestamp":"2026-07-15T15:22:01Z","scenario_only":false,"layer":"restricted","name":"14th Street","restriction_type":"mapped_road_corridor","osm_highway":"residential","modeled_width_m":10.0,"context_scope":"candidate-site road check"},"geometry":{"type":"Polygon","coordinates":[[[-122.42664075836778,37.767926825953246],[-122.42654582553675,37.76793302809749],[-122.4255628140659,37.76799084053038],[-122.42535907617977,37.768002936841505],[-122.42484721805269,37.768033934302984],[-122.42483858195219,37.76794406569658],[-122.42535052382505,37.76791306315803],[-122.4255543658873,37.7679009606597],[-122.42653697446822,37.76784317190202],[-122.42663184163726,37.76783697404628],[-122.4267793396679,37.76782816221488],[-122.42678786033692,37.76791803778465],[-122.42664075836778,37.767926825953246]]]}},{"type":"Feature","id":"osm-land-road-35393254","properties":{"source":"© OpenStreetMap contributors; OSM way/35393254 (ODbL), snapshot 2026-07-15T15:22:01Z","osm_type":"way","osm_id":35393254,"osm_url":"https://www.openstreetmap.org/way/35393254","source_timestamp":"2026-07-15T15:22:01Z","scenario_only":false,"layer":"restricted","name":"Clinton Park","restriction_type":"mapped_road_corridor","osm_highway":"residential","modeled_width_m":10.0,"context_scope":"candidate-site road check"},"geometry":{"type":"Polygon","coordinates":[[[-122.42443563881478,37.76920503307146],[-122.42250015563035,37.76932472583713],[-122.4224638299165,37.76932702009279],[-122.42233924707905,37.769340643254225],[-122.42232375292988,37.769251356745],[-122.42245157009054,37.769237379906606],[-122.42249124437471,37.769234874162414],[-122.42442696119012,37.769115166928074],[-122.42447883220831,37.769112062677706],[-122.42448736779652,37.76920193732184],[-122.42443563881478,37.76920503307146]]]}},{"type":"Feature","id":"osm-land-building-35973054","properties":{"source":"© OpenStreetMap contributors; OSM way/35973054 (ODbL), snapshot 2026-07-15T15:22:01Z","osm_type":"way","osm_id":35973054,"osm_url":"https://www.openstreetmap.org/way/35973054","source_timestamp":"2026-07-15T15:22:01Z","scenario_only":false,"layer":"building","name":"San Francisco Armory","osm_building":"office","context_scope":"candidate-site building check","height_m":19.0},"geometry":{"type":"Polygon","coordinates":[[[-122.4211137,37.7681047],[-122.4204911,37.768143],[-122.420477,37.7681582],[-122.420444,37.7681602],[-122.4204295,37.7681468],[-122.4202001,37.7681609],[-122.4201874,37.7681754],[-122.4201524,37.7681775],[-122.420137,37.7681669],[-122.4201348,37.7681437],[-122.4201529,37.7681278],[-122.4200987,37.7675765],[-122.42008,37.7675655],[-122.4200775,37.7675386],[-122.4200937,37.7675252],[-122.4207262,37.7674863],[-122.4210509,37.7674664],[-122.4211137,37.7681047]]]}},{"type":"Feature","id":"osm-land-building-36745548","properties":{"source":"© OpenStreetMap contributors; OSM way/36745548 (ODbL), snapshot 2026-07-15T15:22:01Z","osm_type":"way","osm_id":36745548,"osm_url":"https://www.openstreetmap.org/way/36745548","source_timestamp":"2026-07-15T15:22:01Z","scenario_only":false,"layer":"building","name":"Mapped building footprint","osm_building":"school","context_scope":"candidate-site building check"},"geometry":{"type":"Polygon","coordinates":[[[-122.4234009,37.769184],[-122.4226738,37.7692277],[-122.4226686,37.7691742],[-122.4227278,37.7691706],[-122.422696,37.7688395],[-122.4226398,37.7688429],[-122.4226342,37.7687852],[-122.4233585,37.7687416],[-122.4233596,37.7687524],[-122.4233835,37.7687509],[-122.4233884,37.7688019],[-122.4233643,37.7688034],[-122.4234009,37.769184]]]}},{"type":"Feature","id":"osm-land-road-70051598","properties":{"source":"© OpenStreetMap contributors; OSM way/70051598 (ODbL), snapshot 2026-07-15T15:22:01Z","osm_type":"way","osm_id":70051598,"osm_url":"https://www.openstreetmap.org/way/70051598","source_timestamp":"2026-07-15T15:22:01Z","scenario_only":false,"layer":"restricted","name":"Duboce Avenue","restriction_type":"mapped_road_corridor","osm_highway":"secondary","modeled_width_m":16.0,"context_scope":"candidate-site road check"},"geometry":{"type":"Polygon","coordinates":[[[-122.421235941012,37.76989902312383],[-122.42135295093341,37.76988166952675],[-122.42147378790506,37.769866035360764],[-122.42150301212209,37.7700083646368],[-122.42138424909567,37.77002373047056],[-122.42127065902027,37.770040576873015],[-122.42115193404743,37.77005966832513],[-122.42111586598607,37.769918331671555],[-122.421235941012,37.76989902312383]]]}},{"type":"Feature","id":"osm-land-road-110475656","properties":{"source":"© OpenStreetMap contributors; OSM way/110475656 (ODbL), snapshot 2026-07-15T15:22:01Z","osm_type":"way","osm_id":110475656,"osm_url":"https://www.openstreetmap.org/way/110475656","source_timestamp":"2026-07-15T15:22:01Z","scenario_only":false,"layer":"restricted","name":"Mapped transport corridor","restriction_type":"mapped_road_corridor","osm_highway":"footway","modeled_width_m":3.0,"context_scope":"candidate-site road check"},"geometry":{"type":"Polygon","coordinates":[[[-122.4262105853791,37.75991157443612],[-122.42620661841178,37.75986940694735],[-122.42620248600451,37.75982548088937],[-122.4261973582693,37.75982578252046],[-122.42619484173116,37.75979881747948],[-122.42623391398934,37.75979651910847],[-122.42624058158772,37.75986739304911],[-122.42624201461477,37.7598826255617],[-122.42631744984438,37.75987821700371],[-122.42631995015603,37.75990518299625],[-122.4262105853791,37.75991157443612]]]}},{"type":"Feature","id":"osm-land-building-121024970","properties":{"source":"© OpenStreetMap contributors; OSM way/121024970 (ODbL), snapshot 2026-07-15T15:22:01Z","osm_type":"way","osm_id":121024970,"osm_url":"https://www.openstreetmap.org/way/121024970","source_timestamp":"2026-07-15T15:22:01Z","scenario_only":false,"layer":"building","name":"462 Duboce Apartments","osm_building":"apartments","context_scope":"candidate-site building check","height_m":15.0},"geometry":{"type":"Polygon","coordinates":[[[-122.4308084,37.7695866],[-122.4308483,37.7695805],[-122.4308718,37.7696925],[-122.4308901,37.7697834],[-122.4308056,37.7697924],[-122.4308189,37.7698554],[-122.4309025,37.7698449],[-122.4309091,37.7698785],[-122.4309425,37.7700458],[-122.4307692,37.7700671],[-122.4307631,37.770036],[-122.4307432,37.7700384],[-122.4307295,37.76997],[-122.4307096,37.7698552],[-122.4307842,37.7698488],[-122.4307669,37.7697539],[-122.4307749,37.7697425],[-122.4307615,37.7696764],[-122.4306766,37.7696872],[-122.4306664,37.7696363],[-122.4306757,37.7696351],[-122.4306624,37.7695689],[-122.4306531,37.7695701],[-122.4306442,37.7695277],[-122.430634,37.7695241],[-122.4306292,37.7695184],[-122.4306305,37.7695066],[-122.4306361,37.7694977],[-122.4306462,37.7694911],[-122.4306735,37.769489],[-122.4306735,37.7694826],[-122.4307239,37.7694784],[-122.4307362,37.7695564],[-122.4307691,37.7695539],[-122.4307757,37.7695925],[-122.4308084,37.7695866]]]}},{"type":"Feature","id":"osm-land-building-132501623","properties":{"source":"© OpenStreetMap contributors; OSM way/132501623 (ODbL), snapshot 2026-07-15T15:22:01Z","osm_type":"way","osm_id":132501623,"osm_url":"https://www.openstreetmap.org/way/132501623","source_timestamp":"2026-07-15T15:22:01Z","scenario_only":false,"layer":"building","name":"Mapped building footprint","osm_building":"terrace","context_scope":"candidate-site building check"},"geometry":{"type":"Polygon","coordinates":[[[-122.4325361,37.7686107],[-122.4325297,37.7685466],[-122.432642,37.7685396],[-122.4327742,37.7685314],[-122.4327805,37.7685954],[-122.4325361,37.7686107]]]}},{"type":"Feature","id":"osm-land-building-132501628","properties":{"source":"© OpenStreetMap contributors; OSM way/132501628 (ODbL), snapshot 2026-07-15T15:22:01Z","osm_type":"way","osm_id":132501628,"osm_url":"https://www.openstreetmap.org/way/132501628","source_timestamp":"2026-07-15T15:22:01Z","scenario_only":false,"layer":"building","name":"Mapped building footprint","osm_building":"terrace","context_scope":"candidate-site building check"},"geometry":{"type":"Polygon","coordinates":[[[-122.4325595,37.7688962],[-122.4325547,37.7688384],[-122.4327543,37.7688277],[-122.4327879,37.7688259],[-122.4327928,37.7688837],[-122.4325595,37.7688962]]]}},{"type":"Feature","id":"osm-land-building-132501637","properties":{"source":"© OpenStreetMap contributors; OSM way/132501637 (ODbL), snapshot 2026-07-15T15:22:01Z","osm_type":"way","osm_id":132501637,"osm_url":"https://www.openstreetmap.org/way/132501637","source_timestamp":"2026-07-15T15:22:01Z","scenario_only":false,"layer":"building","name":"Mapped building footprint","osm_building":"terrace","context_scope":"candidate-site building check"},"geometry":{"type":"Polygon","coordinates":[[[-122.4325491,37.7687709],[-122.4325415,37.7686781],[-122.432667,37.7686706],[-122.432782,37.7686629],[-122.4327876,37.7687388],[-122.4327485,37.7687603],[-122.4325491,37.7687709]]]}},{"type":"Feature","id":"osm-land-building-132501647","properties":{"source":"© OpenStreetMap contributors; OSM way/132501647 (ODbL), snapshot 2026-07-15T15:22:01Z","osm_type":"way","osm_id":132501647,"osm_url":"https://www.openstreetmap.org/way/132501647","source_timestamp":"2026-07-15T15:22:01Z","scenario_only":false,"layer":"building","name":"Mapped building footprint","osm_building":"terrace","context_scope":"candidate-site building check"},"geometry":{"type":"Polygon","coordinates":[[[-122.4325415,37.7686781],[-122.4325358,37.7686192],[-122.4327927,37.7686037],[-122.432797,37.7686486],[-122.4326657,37.7686565],[-122.432667,37.7686706],[-122.4325415,37.7686781]]]}},{"type":"Feature","id":"osm-land-building-132501650","properties":{"source":"© OpenStreetMap contributors; OSM way/132501650 (ODbL), snapshot 2026-07-15T15:22:01Z","osm_type":"way","osm_id":132501650,"osm_url":"https://www.openstreetmap.org/way/132501650","source_timestamp":"2026-07-15T15:22:01Z","scenario_only":false,"layer":"building","name":"Mapped building footprint","osm_building":"terrace","context_scope":"candidate-site building check"},"geometry":{"type":"Polygon","coordinates":[[[-122.4325547,37.7688384],[-122.4325491,37.7687709],[-122.4327485,37.7687603],[-122.4327543,37.7688277],[-122.4325547,37.7688384]]]}},{"type":"Feature","id":"osm-land-building-148032749","properties":{"source":"© OpenStreetMap contributors; OSM way/148032749 (ODbL), snapshot 2026-07-15T15:22:01Z","osm_type":"way","osm_id":148032749,"osm_url":"https://www.openstreetmap.org/way/148032749","source_timestamp":"2026-07-15T15:22:01Z","scenario_only":false,"layer":"building","name":"Mapped building footprint","osm_building":"yes","context_scope":"candidate-site building check","height_m":8.0},"geometry":{"type":"Polygon","coordinates":[[[-122.419863,37.765329],[-122.4198936,37.7656054],[-122.4200916,37.765592],[-122.4200617,37.7653166],[-122.419863,37.765329]]]}},{"type":"Feature","id":"osm-land-building-148032755","properties":{"source":"© OpenStreetMap contributors; OSM way/148032755 (ODbL), snapshot 2026-07-15T15:22:01Z","osm_type":"way","osm_id":148032755,"osm_url":"https://www.openstreetmap.org/way/148032755","source_timestamp":"2026-07-15T15:22:01Z","scenario_only":false,"layer":"building","name":"Mapped building footprint","osm_building":"yes","context_scope":"candidate-site building check","height_m":17.0},"geometry":{"type":"Polygon","coordinates":[[[-122.4200732,37.7653159],[-122.4200617,37.7653166],[-122.419863,37.765329],[-122.4198465,37.7651639],[-122.4200578,37.7651508],[-122.4200666,37.7652462],[-122.4199866,37.7652512],[-122.4199889,37.7652742],[-122.4200687,37.7652692],[-122.4200714,37.7652988],[-122.4200732,37.7653159]]]}},{"type":"Feature","id":"osm-land-road-155373675","properties":{"source":"© OpenStreetMap contributors; OSM way/155373675 (ODbL), snapshot 2026-07-15T15:22:01Z","osm_type":"way","osm_id":155373675,"osm_url":"https://www.openstreetmap.org/way/155373675","source_timestamp":"2026-07-15T15:22:01Z","scenario_only":false,"layer":"restricted","name":"Capp Street","restriction_type":"mapped_road_corridor","osm_highway":"residential","modeled_width_m":10.0,"context_scope":"candidate-site road check"},"geometry":{"type":"Polygon","coordinates":[[[-122.41865532133944,37.76502555043252],[-122.41850952478394,37.76359190639384],[-122.41845603463386,37.76352354330674],[-122.41838251732285,37.76343936310329],[-122.41834479164773,37.76303014958925],[-122.41832225932303,37.76279440951894],[-122.4183180644051,37.76273697849483],[-122.41824361833662,37.761988514964465],[-122.41823542536608,37.761909182444384],[-122.41834857462871,37.76190181752841],[-122.41835678165823,37.7619812850083],[-122.41843133559058,37.76273082147791],[-122.4184355406727,37.76278839045379],[-122.41845800834753,37.76302345038351],[-122.4184934826542,37.76340823687034],[-122.41855096533465,37.763474056673786],[-122.41862047519467,37.76356289357983],[-122.41877067867202,37.76503984953934],[-122.41872159683132,37.76513454744718],[-122.41861660319316,37.765100252529585],[-122.41865532133944,37.76502555043252]]]}},{"type":"Feature","id":"osm-land-road-191010941","properties":{"source":"© OpenStreetMap contributors; OSM way/191010941 (ODbL), snapshot 2026-07-15T15:22:01Z","osm_type":"way","osm_id":191010941,"osm_url":"https://www.openstreetmap.org/way/191010941","source_timestamp":"2026-07-15T15:22:01Z","scenario_only":false,"layer":"restricted","name":"Dolores Street","restriction_type":"mapped_road_corridor","osm_highway":"secondary","modeled_width_m":16.0,"context_scope":"candidate-site road check"},"geometry":{"type":"Polygon","coordinates":[[[-122.42550045182179,37.75511401551502],[-122.42556985234131,37.75583601175788],[-122.42563845307156,37.75654931030393],[-122.42564105629,37.75657654352453],[-122.42564648587602,37.756633352356396],[-122.42565358129313,37.756717097059955],[-122.42571735044848,37.75737097259958],[-122.42572335426374,37.75743341148646],[-122.42573055519455,37.75750842022204],[-122.42578834821641,37.758111939645126],[-122.42579374599589,37.75816641656347],[-122.42579995691077,37.75823072877269],[-122.42580815801131,37.758316939236636],[-122.4258763984984,37.759026251078076],[-122.42588359405283,37.759115494589985],[-122.42594725274061,37.759763765822015],[-122.42595285847455,37.75982232497488],[-122.42596175753538,37.759914914028144],[-122.42603145830032,37.76064141275357],[-122.42610105810901,37.76136390161687],[-122.42610696372073,37.761425859390634],[-122.42592583626691,37.761436740539644],[-122.4259199390958,37.76137486942693],[-122.4258503427556,37.760652398267766],[-122.42578064197814,37.759925880970606],[-122.42577174256455,37.75983328589631],[-122.4257661472468,37.75977483410829],[-122.42570240593561,37.75912570534026],[-122.42569520149017,37.759036348852156],[-122.42562704491577,37.758327891248925],[-122.42561884307682,37.75824167115762],[-122.4256126539914,37.758177583366844],[-122.42560725177093,37.75812306028517],[-122.4255494441333,37.757519372836235],[-122.42554224530359,37.75744438407397],[-122.42553624953896,37.75738202733073],[-122.42547241869507,37.756727502870305],[-122.42546531411234,37.756643647573874],[-122.4254599436589,37.75658745600095],[-122.4254573453184,37.75656027301519],[-122.42538874778171,37.7558469895814],[-122.42531934839018,37.75512498675024],[-122.4253113480415,37.75504168206365],[-122.42549245194604,37.75503071786663],[-122.42550045182179,37.75511401551502]]]}},{"type":"Feature","id":"osm-land-road-191297195","properties":{"source":"© OpenStreetMap contributors; OSM way/191297195 (ODbL), snapshot 2026-07-15T15:22:01Z","osm_type":"way","osm_id":191297195,"osm_url":"https://www.openstreetmap.org/way/191297195","source_timestamp":"2026-07-15T15:22:01Z","scenario_only":false,"layer":"restricted","name":"20th Street","restriction_type":"mapped_road_corridor","osm_highway":"residential","modeled_width_m":10.0,"context_scope":"candidate-site road check"},"geometry":{"type":"Polygon","coordinates":[[[-122.42353529998928,37.758322364573495],[-122.42354390001559,37.75841223542605],[-122.42344939995864,37.75841793542898],[-122.4234408000462,37.758328064570556],[-122.42353529998928,37.758322364573495]]]}},{"type":"Feature","id":"osm-land-road-191297196","properties":{"source":"© OpenStreetMap contributors; OSM way/191297196 (ODbL), snapshot 2026-07-15T15:22:01Z","osm_type":"way","osm_id":191297196,"osm_url":"https://www.openstreetmap.org/way/191297196","source_timestamp":"2026-07-15T15:22:01Z","scenario_only":false,"layer":"restricted","name":"Guerrero Street","restriction_type":"mapped_road_corridor","osm_highway":"secondary","modeled_width_m":16.0,"context_scope":"candidate-site road check"},"geometry":{"type":"Polygon","coordinates":[[[-122.42344266517821,37.75832093302694],[-122.42336007034737,37.75757066330921],[-122.4232945238422,37.756857547899926],[-122.42328702100674,37.756775415863004],[-122.42346817898144,37.75676498406725],[-122.42347567761796,37.75684706804522],[-122.42354112963949,37.7575591366211],[-122.42362353480652,37.75830766690354],[-122.42362999138585,37.75836031233494],[-122.42344920859804,37.75837428759557],[-122.42344266517821,37.75832093302694]]]}},{"type":"Feature","id":"osm-land-road-215819167","properties":{"source":"© OpenStreetMap contributors; OSM way/215819167 (ODbL), snapshot 2026-07-15T15:22:01Z","osm_type":"way","osm_id":215819167,"osm_url":"https://www.openstreetmap.org/way/215819167","source_timestamp":"2026-07-15T15:22:01Z","scenario_only":false,"layer":"restricted","name":"Clinton Park","restriction_type":"mapped_road_corridor","osm_highway":"residential","modeled_width_m":10.0,"context_scope":"candidate-site road check"},"geometry":{"type":"Polygon","coordinates":[[[-122.42669158841008,37.769046747848556],[-122.4246786570084,37.769161249624545],[-122.42457125147992,37.76916734993819],[-122.42456314852464,37.769077450061346],[-122.4246705457751,37.76907135021695],[-122.42668341159452,37.76895685215098],[-122.42675958136978,37.76895245389585],[-122.42676781863489,37.769042346103696],[-122.42669158841008,37.769046747848556]]]}},{"type":"Feature","id":"osm-land-building-232849085","properties":{"source":"© OpenStreetMap contributors; OSM way/232849085 (ODbL), snapshot 2026-07-15T15:22:01Z","osm_type":"way","osm_id":232849085,"osm_url":"https://www.openstreetmap.org/way/232849085","source_timestamp":"2026-07-15T15:22:01Z","scenario_only":false,"layer":"building","name":"Mapped building footprint","osm_building":"yes","context_scope":"candidate-site building check","height_m":10.0},"geometry":{"type":"Polygon","coordinates":[[[-122.4214918,37.7678523],[-122.4215059,37.7679997],[-122.4215133,37.7679993],[-122.4215233,37.7681033],[-122.4213125,37.7681174],[-122.4212898,37.7678643],[-122.4214918,37.7678523]]]}},{"type":"Feature","id":"osm-land-building-252221828","properties":{"source":"© OpenStreetMap contributors; OSM way/252221828 (ODbL), snapshot 2026-07-15T15:22:01Z","osm_type":"way","osm_id":252221828,"osm_url":"https://www.openstreetmap.org/way/252221828","source_timestamp":"2026-07-15T15:22:01Z","scenario_only":false,"layer":"building","name":"Pet Food Express","osm_building":"retail","context_scope":"candidate-site building check","height_m":6.0},"geometry":{"type":"Polygon","coordinates":[[[-122.4262013,37.7694632],[-122.4264025,37.7693075],[-122.4262793,37.769076],[-122.4259986,37.769094],[-122.4259992,37.7691008],[-122.4260052,37.7691842],[-122.4260109,37.7692279],[-122.4260923,37.7693785],[-122.4262013,37.7694632]]]}},{"type":"Feature","id":"osm-land-building-252221829","properties":{"source":"© OpenStreetMap contributors; OSM way/252221829 (ODbL), snapshot 2026-07-15T15:22:01Z","osm_type":"way","osm_id":252221829,"osm_url":"https://www.openstreetmap.org/way/252221829","source_timestamp":"2026-07-15T15:22:01Z","scenario_only":false,"layer":"building","name":"Mapped building footprint","osm_building":"commercial","context_scope":"candidate-site building check","height_m":10.0},"geometry":{"type":"Polygon","coordinates":[[[-122.4262013,37.7694632],[-122.4261146,37.769535],[-122.425959,37.7695428],[-122.4259575,37.7695566],[-122.4258578,37.7695587],[-122.4258577,37.7695696],[-122.4258264,37.7695708],[-122.4258236,37.7695597],[-122.4258049,37.7693221],[-122.4258048,37.7693115],[-122.4260184,37.7693006],[-122.4260182,37.7693225],[-122.4260923,37.7693785],[-122.4262013,37.7694632]]]}},{"type":"Feature","id":"osm-land-road-254750818","properties":{"source":"© OpenStreetMap contributors; OSM way/254750818 (ODbL), snapshot 2026-07-15T15:22:01Z","osm_type":"way","osm_id":254750818,"osm_url":"https://www.openstreetmap.org/way/254750818","source_timestamp":"2026-07-15T15:22:01Z","scenario_only":false,"layer":"restricted","name":"16th Street","restriction_type":"mapped_road_corridor","osm_highway":"secondary","modeled_width_m":16.0,"context_scope":"candidate-site road check"},"geometry":{"type":"Polygon","coordinates":[[[-122.42015634271945,37.764950207866754],[-122.42043601062228,37.76493261617325],[-122.42048162041338,37.76492981557166],[-122.4205901623478,37.764923006666976],[-122.42089410674927,37.76490510404965],[-122.42123322942784,37.76488409644656],[-122.42137452500226,37.76487607967537],[-122.42138747500941,37.765019920323475],[-122.42124677058439,37.765027903552266],[-122.42090789326315,37.76504889594919],[-122.4206040376647,37.76506679333184],[-122.42049577959943,37.76507358442715],[-122.42045018939058,37.76507638382559],[-122.42017025729311,37.765093992132066],[-122.4198890400962,37.76511060496082],[-122.41987555991598,37.76496679503803],[-122.42015634271945,37.764950207866754]]]}},{"type":"Feature","id":"osm-land-road-254759959","properties":{"source":"© OpenStreetMap contributors; OSM way/254759959 (ODbL), snapshot 2026-07-15T15:22:01Z","osm_type":"way","osm_id":254759959,"osm_url":"https://www.openstreetmap.org/way/254759959","source_timestamp":"2026-07-15T15:22:01Z","scenario_only":false,"layer":"restricted","name":"Valencia Street","restriction_type":"mapped_road_corridor","osm_highway":"tertiary","modeled_width_m":14.0,"context_scope":"candidate-site road check"},"geometry":{"type":"Polygon","coordinates":[[[-122.4213551361208,37.760045234716536],[-122.42129066953005,37.75938417006522],[-122.42144913046025,37.759374429881426],[-122.42151366387023,37.760036165230055],[-122.42151879213586,37.760097200870796],[-122.42136020785587,37.76010559907576],[-122.4213551361208,37.760045234716536]]]}},{"type":"Feature","id":"osm-land-building-256093208","properties":{"source":"© OpenStreetMap contributors; OSM way/256093208 (ODbL), snapshot 2026-07-15T15:22:01Z","osm_type":"way","osm_id":256093208,"osm_url":"https://www.openstreetmap.org/way/256093208","source_timestamp":"2026-07-15T15:22:01Z","scenario_only":false,"layer":"building","name":"Mapped building footprint","osm_building":"yes","context_scope":"candidate-site building check","height_m":10.0},"geometry":{"type":"Polygon","coordinates":[[[-122.4251427,37.7695262],[-122.4251391,37.769488],[-122.4251219,37.7694886],[-122.4251159,37.769402],[-122.4252032,37.7693969],[-122.4252036,37.7694023],[-122.4252149,37.7694017],[-122.42522,37.7694932],[-122.4251693,37.769494],[-122.4251693,37.7695055],[-122.4252113,37.7695055],[-122.4252187,37.769607],[-122.4250502,37.7696149],[-122.4250442,37.7695314],[-122.4251427,37.7695262]]]}},{"type":"Feature","id":"osm-land-building-256093209","properties":{"source":"© OpenStreetMap contributors; OSM way/256093209 (ODbL), snapshot 2026-07-15T15:22:01Z","osm_type":"way","osm_id":256093209,"osm_url":"https://www.openstreetmap.org/way/256093209","source_timestamp":"2026-07-15T15:22:01Z","scenario_only":false,"layer":"building","name":"Mapped building footprint","osm_building":"apartments","context_scope":"candidate-site building check","height_m":10.0},"geometry":{"type":"Polygon","coordinates":[[[-122.4255241,37.7691419],[-122.4255373,37.7692766],[-122.4254527,37.7692794],[-122.4254432,37.7691875],[-122.4254347,37.7691835],[-122.4254325,37.7691585],[-122.4254494,37.769139],[-122.4255143,37.7691368],[-122.4255241,37.7691419]]]}},{"type":"Feature","id":"osm-land-building-256093210","properties":{"source":"© OpenStreetMap contributors; OSM way/256093210 (ODbL), snapshot 2026-07-15T15:22:01Z","osm_type":"way","osm_id":256093210,"osm_url":"https://www.openstreetmap.org/way/256093210","source_timestamp":"2026-07-15T15:22:01Z","scenario_only":false,"layer":"building","name":"Mapped building footprint","osm_building":"apartments","context_scope":"candidate-site building check","height_m":12.0},"geometry":{"type":"Polygon","coordinates":[[[-122.4256968,37.7691323],[-122.4257097,37.7692658],[-122.4256239,37.7692711],[-122.4256091,37.769138],[-122.4256216,37.7691293],[-122.4256839,37.7691279],[-122.4256926,37.7691276],[-122.4256968,37.7691323]]]}},{"type":"Feature","id":"osm-land-building-256093211","properties":{"source":"© OpenStreetMap contributors; OSM way/256093211 (ODbL), snapshot 2026-07-15T15:22:01Z","osm_type":"way","osm_id":256093211,"osm_url":"https://www.openstreetmap.org/way/256093211","source_timestamp":"2026-07-15T15:22:01Z","scenario_only":false,"layer":"building","name":"Mapped building footprint","osm_building":"apartments","context_scope":"candidate-site building check","height_m":11.0},"geometry":{"type":"Polygon","coordinates":[[[-122.4256091,37.769138],[-122.4256239,37.7692711],[-122.4255373,37.7692766],[-122.4255241,37.7691419],[-122.425563,37.769141],[-122.4255735,37.7691303],[-122.4255967,37.7691297],[-122.4256091,37.769138]]]}},{"type":"Feature","id":"osm-land-building-256093212","properties":{"source":"© OpenStreetMap contributors; OSM way/256093212 (ODbL), snapshot 2026-07-15T15:22:01Z","osm_type":"way","osm_id":256093212,"osm_url":"https://www.openstreetmap.org/way/256093212","source_timestamp":"2026-07-15T15:22:01Z","scenario_only":false,"layer":"building","name":"Mapped building footprint","osm_building":"apartments","context_scope":"candidate-site building check"},"geometry":{"type":"Polygon","coordinates":[[[-122.4257877,37.7691297],[-122.4257962,37.7692608],[-122.4257097,37.7692658],[-122.4256968,37.7691323],[-122.4257378,37.7691321],[-122.4257487,37.7691215],[-122.4257711,37.7691209],[-122.4257824,37.769129],[-122.4257877,37.7691297]]]}},{"type":"Feature","id":"osm-land-building-256093213","properties":{"source":"© OpenStreetMap contributors; OSM way/256093213 (ODbL), snapshot 2026-07-15T15:22:01Z","osm_type":"way","osm_id":256093213,"osm_url":"https://www.openstreetmap.org/way/256093213","source_timestamp":"2026-07-15T15:22:01Z","scenario_only":false,"layer":"building","name":"Mapped building footprint","osm_building":"apartments","context_scope":"candidate-site building check"},"geometry":{"type":"Polygon","coordinates":[[[-122.4258695,37.7691159],[-122.4258765,37.7691916],[-122.4258816,37.7692595],[-122.4257962,37.7692608],[-122.4257877,37.7691297],[-122.425795,37.76912],[-122.4258187,37.7691196],[-122.425819,37.7691171],[-122.425859,37.769116],[-122.4258695,37.7691159]]]}},{"type":"Feature","id":"osm-land-building-256093214","properties":{"source":"© OpenStreetMap contributors; OSM way/256093214 (ODbL), snapshot 2026-07-15T15:22:01Z","osm_type":"way","osm_id":256093214,"osm_url":"https://www.openstreetmap.org/way/256093214","source_timestamp":"2026-07-15T15:22:01Z","scenario_only":false,"layer":"building","name":"Mapped building footprint","osm_building":"yes","context_scope":"candidate-site building check","height_m":13.0},"geometry":{"type":"Polygon","coordinates":[[[-122.4247312,37.7694001],[-122.4250061,37.7693838],[-122.4250148,37.7693931],[-122.4250142,37.7694058],[-122.4250096,37.7694154],[-122.4250173,37.7694227],[-122.4250171,37.7694394],[-122.4250121,37.7694469],[-122.4248918,37.769453],[-122.424892,37.7694466],[-122.4248638,37.7694469],[-122.4248645,37.7694639],[-122.4247612,37.7694672],[-122.4247509,37.7694635],[-122.4247504,37.7694463],[-122.4247331,37.7694468],[-122.4247312,37.7694001]]]}},{"type":"Feature","id":"osm-land-building-256093215","properties":{"source":"© OpenStreetMap contributors; OSM way/256093215 (ODbL), snapshot 2026-07-15T15:22:01Z","osm_type":"way","osm_id":256093215,"osm_url":"https://www.openstreetmap.org/way/256093215","source_timestamp":"2026-07-15T15:22:01Z","scenario_only":false,"layer":"building","name":"Mapped building footprint","osm_building":"yes","context_scope":"candidate-site building check","height_m":9.0},"geometry":{"type":"Polygon","coordinates":[[[-122.4248611,37.7692502],[-122.4248609,37.7692651],[-122.42499,37.769256],[-122.4249927,37.7693097],[-122.4246992,37.7693266],[-122.4246976,37.7693036],[-122.424741,37.769302],[-122.424741,37.7692982],[-122.4247329,37.769292],[-122.4247326,37.7692774],[-122.4247442,37.7692667],[-122.4247442,37.7692611],[-122.4248051,37.769258],[-122.4248061,37.7692463],[-122.424821,37.7692458],[-122.4248215,37.7692518],[-122.4248611,37.7692502]]]}},{"type":"Feature","id":"osm-land-building-256093216","properties":{"source":"© OpenStreetMap contributors; OSM way/256093216 (ODbL), snapshot 2026-07-15T15:22:01Z","osm_type":"way","osm_id":256093216,"osm_url":"https://www.openstreetmap.org/way/256093216","source_timestamp":"2026-07-15T15:22:01Z","scenario_only":false,"layer":"building","name":"Mapped building footprint","osm_building":"apartments","context_scope":"candidate-site building check","height_m":10.0},"geometry":{"type":"Polygon","coordinates":[[[-122.4249863,37.7691793],[-122.4249874,37.769191],[-122.4249799,37.7691913],[-122.4249831,37.7692339],[-122.4247595,37.7692466],[-122.4247597,37.769252],[-122.4247422,37.7692527],[-122.424742,37.7692274],[-122.4247273,37.7692171],[-122.4247265,37.769202],[-122.424738,37.7691939],[-122.4247385,37.7691868],[-122.4247994,37.7691848],[-122.4247994,37.7691722],[-122.4248063,37.7691717],[-122.4248162,37.7691593],[-122.4248376,37.7691589],[-122.424849,37.7691682],[-122.4248601,37.7691682],[-122.4248601,37.7691842],[-122.4249863,37.7691793]]]}},{"type":"Feature","id":"osm-land-building-256093217","properties":{"source":"© OpenStreetMap contributors; OSM way/256093217 (ODbL), snapshot 2026-07-15T15:22:01Z","osm_type":"way","osm_id":256093217,"osm_url":"https://www.openstreetmap.org/way/256093217","source_timestamp":"2026-07-15T15:22:01Z","scenario_only":false,"layer":"building","name":"Mapped building footprint","osm_building":"apartments","context_scope":"candidate-site building check"},"geometry":{"type":"Polygon","coordinates":[[[-122.4252885,37.7691604],[-122.425298,37.7691508],[-122.4253163,37.7691508],[-122.4253264,37.7691573],[-122.4253361,37.7691576],[-122.4253359,37.7691701],[-122.4253315,37.7691701],[-122.4253378,37.7692404],[-122.4253238,37.7692407],[-122.4253267,37.7692834],[-122.4252774,37.7692845],[-122.4252661,37.7691745],[-122.4252607,37.7691743],[-122.4252604,37.7691615],[-122.4252885,37.7691604]]]}},{"type":"Feature","id":"osm-land-building-256093218","properties":{"source":"© OpenStreetMap contributors; OSM way/256093218 (ODbL), snapshot 2026-07-15T15:22:01Z","osm_type":"way","osm_id":256093218,"osm_url":"https://www.openstreetmap.org/way/256093218","source_timestamp":"2026-07-15T15:22:01Z","scenario_only":false,"layer":"building","name":"Mapped building footprint","osm_building":"apartments","context_scope":"candidate-site building check","height_m":10.0},"geometry":{"type":"Polygon","coordinates":[[[-122.4259992,37.7691008],[-122.4260052,37.7691842],[-122.4259947,37.7691847],[-122.4260011,37.7692736],[-122.425897,37.7692783],[-122.4258912,37.7691912],[-122.4258765,37.7691916],[-122.4258695,37.7691159],[-122.4258751,37.7691075],[-122.4259075,37.7691062],[-122.4259081,37.769115],[-122.4259575,37.7691127],[-122.4259567,37.7691027],[-122.4259992,37.7691008]]]}},{"type":"Feature","id":"osm-land-building-256093219","properties":{"source":"© OpenStreetMap contributors; OSM way/256093219 (ODbL), snapshot 2026-07-15T15:22:01Z","osm_type":"way","osm_id":256093219,"osm_url":"https://www.openstreetmap.org/way/256093219","source_timestamp":"2026-07-15T15:22:01Z","scenario_only":false,"layer":"building","name":"Mapped building footprint","osm_building":"apartments","context_scope":"candidate-site building check"},"geometry":{"type":"Polygon","coordinates":[[[-122.4253361,37.7691576],[-122.4253658,37.7691567],[-122.4253739,37.7691467],[-122.4253928,37.7691467],[-122.4254025,37.7691548],[-122.4254131,37.769154],[-122.4254129,37.7691657],[-122.4254073,37.7691653],[-122.4254091,37.7692009],[-122.4254244,37.7692006],[-122.4254263,37.7692356],[-122.4254019,37.7692359],[-122.4254088,37.7693364],[-122.4253598,37.7693374],[-122.4253442,37.7691703],[-122.4253359,37.7691701],[-122.4253361,37.7691576]]]}},{"type":"Feature","id":"osm-land-building-256093220","properties":{"source":"© OpenStreetMap contributors; OSM way/256093220 (ODbL), snapshot 2026-07-15T15:22:01Z","osm_type":"way","osm_id":256093220,"osm_url":"https://www.openstreetmap.org/way/256093220","source_timestamp":"2026-07-15T15:22:01Z","scenario_only":false,"layer":"building","name":"Mapped building footprint","osm_building":"yes","context_scope":"candidate-site building check","height_m":12.0},"geometry":{"type":"Polygon","coordinates":[[[-122.4247612,37.7694672],[-122.4248645,37.7694639],[-122.4248651,37.7694746],[-122.4248922,37.7694733],[-122.4248926,37.7694663],[-122.4250132,37.7694595],[-122.4250227,37.7694693],[-122.4250229,37.7694845],[-122.4250145,37.7694925],[-122.4250262,37.7695002],[-122.4250273,37.7695129],[-122.4250202,37.7695205],[-122.4249602,37.7695241],[-122.4247684,37.7695349],[-122.4247416,37.7695353],[-122.4247383,37.7694907],[-122.4247539,37.7694913],[-122.4247534,37.7694709],[-122.4247612,37.7694672]]]}},{"type":"Feature","id":"osm-land-building-256093221","properties":{"source":"© OpenStreetMap contributors; OSM way/256093221 (ODbL), snapshot 2026-07-15T15:22:01Z","osm_type":"way","osm_id":256093221,"osm_url":"https://www.openstreetmap.org/way/256093221","source_timestamp":"2026-07-15T15:22:01Z","scenario_only":false,"layer":"building","name":"Mapped building footprint","osm_building":"apartments","context_scope":"candidate-site building check","height_m":10.0},"geometry":{"type":"Polygon","coordinates":[[[-122.4251069,37.7693178],[-122.4250996,37.76924],[-122.4250913,37.7691479],[-122.4251762,37.7691425],[-122.4251831,37.7692165],[-122.4251743,37.769217],[-122.4251792,37.7692699],[-122.4251688,37.7692705],[-122.425171,37.7692934],[-122.4251825,37.7692927],[-122.4251844,37.7693133],[-122.4251069,37.7693178]]]}},{"type":"Feature","id":"osm-land-building-256093222","properties":{"source":"© OpenStreetMap contributors; OSM way/256093222 (ODbL), snapshot 2026-07-15T15:22:01Z","osm_type":"way","osm_id":256093222,"osm_url":"https://www.openstreetmap.org/way/256093222","source_timestamp":"2026-07-15T15:22:01Z","scenario_only":false,"layer":"building","name":"Mapped building footprint","osm_building":"yes","context_scope":"candidate-site building check","height_m":11.0},"geometry":{"type":"Polygon","coordinates":[[[-122.4253936,37.7695873],[-122.4253919,37.7695661],[-122.4253864,37.7695019],[-122.425393,37.7694955],[-122.425392,37.7694762],[-122.4253875,37.769476],[-122.4253852,37.769446],[-122.4253942,37.7694411],[-122.4253921,37.7694],[-122.4254473,37.7693975],[-122.425449,37.7694344],[-122.4254608,37.7694359],[-122.4254627,37.769489],[-122.4254719,37.7694951],[-122.4254792,37.7695844],[-122.4253936,37.7695873]]]}},{"type":"Feature","id":"osm-land-building-256093223","properties":{"source":"© OpenStreetMap contributors; OSM way/256093223 (ODbL), snapshot 2026-07-15T15:22:01Z","osm_type":"way","osm_id":256093223,"osm_url":"https://www.openstreetmap.org/way/256093223","source_timestamp":"2026-07-15T15:22:01Z","scenario_only":false,"layer":"building","name":"Mapped building footprint","osm_building":"yes","context_scope":"candidate-site building check"},"geometry":{"type":"Polygon","coordinates":[[[-122.4252008,37.7691401],[-122.4252027,37.7691645],[-122.425211,37.7691565],[-122.4252305,37.7691562],[-122.4252407,37.7691633],[-122.4252501,37.7691634],[-122.4252505,37.7691749],[-122.4252436,37.7691752],[-122.4252458,37.76921],[-122.4252617,37.7692093],[-122.4252644,37.7692465],[-122.425238,37.769247],[-122.4252461,37.7693405],[-122.4251986,37.7693427],[-122.4251831,37.7692165],[-122.4251762,37.7691425],[-122.4252008,37.7691401]]]}},{"type":"Feature","id":"osm-land-building-256093224","properties":{"source":"© OpenStreetMap contributors; OSM way/256093224 (ODbL), snapshot 2026-07-15T15:22:01Z","osm_type":"way","osm_id":256093224,"osm_url":"https://www.openstreetmap.org/way/256093224","source_timestamp":"2026-07-15T15:22:01Z","scenario_only":false,"layer":"building","name":"Mapped building footprint","osm_building":"yes","context_scope":"candidate-site building check","height_m":11.0},"geometry":{"type":"Polygon","coordinates":[[[-122.4253089,37.7695701],[-122.4252892,37.7694301],[-122.425283,37.7693467],[-122.4253621,37.7693427],[-122.4253711,37.7694159],[-122.4253773,37.7694159],[-122.4253829,37.7694864],[-122.4253857,37.7694874],[-122.4253864,37.7695019],[-122.4253919,37.7695661],[-122.4253888,37.7695663],[-122.4253889,37.7695866],[-122.4253242,37.7695883],[-122.425322,37.7695779],[-122.4253147,37.7695702],[-122.4253089,37.7695701]]]}},{"type":"Feature","id":"osm-land-building-256093225","properties":{"source":"© OpenStreetMap contributors; OSM way/256093225 (ODbL), snapshot 2026-07-15T15:22:01Z","osm_type":"way","osm_id":256093225,"osm_url":"https://www.openstreetmap.org/way/256093225","source_timestamp":"2026-07-15T15:22:01Z","scenario_only":false,"layer":"building","name":"Mapped building footprint","osm_building":"yes","context_scope":"candidate-site building check","height_m":10.0},"geometry":{"type":"Polygon","coordinates":[[[-122.4250533,37.7693589],[-122.4250545,37.7693824],[-122.4250061,37.7693838],[-122.4247312,37.7694001],[-122.42471,37.769401],[-122.4247078,37.7693798],[-122.4247537,37.7693775],[-122.4247399,37.769369],[-122.4247388,37.7693528],[-122.4247494,37.7693436],[-122.4247503,37.7693362],[-122.4248128,37.7693325],[-122.4248123,37.7693218],[-122.4248271,37.7693214],[-122.4248285,37.7693268],[-122.4248697,37.7693253],[-122.4248716,37.7693419],[-122.4249228,37.7693392],[-122.4249231,37.7693277],[-122.4249884,37.7693259],[-122.4249876,37.7693337],[-122.4250185,37.7693331],[-122.4250189,37.7693597],[-122.4250533,37.7693589]]]}},{"type":"Feature","id":"osm-land-building-256093226","properties":{"source":"© OpenStreetMap contributors; OSM way/256093226 (ODbL), snapshot 2026-07-15T15:22:01Z","osm_type":"way","osm_id":256093226,"osm_url":"https://www.openstreetmap.org/way/256093226","source_timestamp":"2026-07-15T15:22:01Z","scenario_only":false,"layer":"building","name":"Mapped building footprint","osm_building":"yes","context_scope":"candidate-site building check"},"geometry":{"type":"Polygon","coordinates":[[[-122.42522,37.7694932],[-122.4252149,37.7694017],[-122.4252143,37.7693863],[-122.4252414,37.7693845],[-122.4252414,37.7693658],[-122.4252723,37.7693649],[-122.4252746,37.7694304],[-122.4252892,37.7694301],[-122.4253089,37.7695701],[-122.4253023,37.7695704],[-122.4253027,37.7695918],[-122.4252797,37.769592],[-122.4252783,37.7695728],[-122.4252732,37.7695728],[-122.4252627,37.7695837],[-122.4252451,37.7695843],[-122.4252303,37.7695745],[-122.425225,37.7695752],[-122.42522,37.7694932]]]}},{"type":"Feature","id":"osm-land-building-256093227","properties":{"source":"© OpenStreetMap contributors; OSM way/256093227 (ODbL), snapshot 2026-07-15T15:22:01Z","osm_type":"way","osm_id":256093227,"osm_url":"https://www.openstreetmap.org/way/256093227","source_timestamp":"2026-07-15T15:22:01Z","scenario_only":false,"layer":"building","name":"Mapped building footprint","osm_building":"yes","context_scope":"candidate-site building check","height_m":11.0},"geometry":{"type":"Polygon","coordinates":[[[-122.4247684,37.7695349],[-122.4249602,37.7695241],[-122.4249671,37.7696017],[-122.4249774,37.7696015],[-122.4249784,37.7696179],[-122.4248881,37.7696223],[-122.424886,37.7696008],[-122.4247735,37.7696068],[-122.4247731,37.7695991],[-122.4247564,37.7695927],[-122.4247539,37.7695688],[-122.4247688,37.7695616],[-122.4247684,37.7695349]]]}},{"type":"Feature","id":"osm-land-building-256093611","properties":{"source":"© OpenStreetMap contributors; OSM way/256093611 (ODbL), snapshot 2026-07-15T15:22:01Z","osm_type":"way","osm_id":256093611,"osm_url":"https://www.openstreetmap.org/way/256093611","source_timestamp":"2026-07-15T15:22:01Z","scenario_only":false,"layer":"building","name":"Mapped building footprint","osm_building":"yes","context_scope":"candidate-site building check"},"geometry":{"type":"Polygon","coordinates":[[[-122.4243265,37.7694742],[-122.4243356,37.7696095],[-122.4243225,37.7696099],[-122.4243242,37.7696325],[-122.4242703,37.7696335],[-122.4242597,37.7694752],[-122.4243265,37.7694742]]]}},{"type":"Feature","id":"osm-land-building-256093612","properties":{"source":"© OpenStreetMap contributors; OSM way/256093612 (ODbL), snapshot 2026-07-15T15:22:01Z","osm_type":"way","osm_id":256093612,"osm_url":"https://www.openstreetmap.org/way/256093612","source_timestamp":"2026-07-15T15:22:01Z","scenario_only":false,"layer":"building","name":"Mapped building footprint","osm_building":"yes","context_scope":"candidate-site building check","height_m":10.0},"geometry":{"type":"Polygon","coordinates":[[[-122.4244153,37.76938],[-122.424417,37.7694349],[-122.4243446,37.7694373],[-122.4243452,37.7694491],[-122.4242861,37.769451],[-122.4242854,37.769439],[-122.4242672,37.7694396],[-122.4242668,37.7694321],[-122.4241732,37.7694351],[-122.4241712,37.7693965],[-122.4242173,37.769395],[-122.4242169,37.7693879],[-122.4244153,37.76938]]]}},{"type":"Feature","id":"osm-land-building-256093614","properties":{"source":"© OpenStreetMap contributors; OSM way/256093614 (ODbL), snapshot 2026-07-15T15:22:01Z","osm_type":"way","osm_id":256093614,"osm_url":"https://www.openstreetmap.org/way/256093614","source_timestamp":"2026-07-15T15:22:01Z","scenario_only":false,"layer":"building","name":"Mapped building footprint","osm_building":"apartments","context_scope":"candidate-site building check"},"geometry":{"type":"Polygon","coordinates":[[[-122.4229865,37.7692804],[-122.4230824,37.7692755],[-122.4230897,37.769364],[-122.4230712,37.7693649],[-122.4230782,37.769451],[-122.4230008,37.7694549],[-122.4229938,37.7693703],[-122.4229865,37.7692804]]]}},{"type":"Feature","id":"osm-land-building-256093617","properties":{"source":"© OpenStreetMap contributors; OSM way/256093617 (ODbL), snapshot 2026-07-15T15:22:01Z","osm_type":"way","osm_id":256093617,"osm_url":"https://www.openstreetmap.org/way/256093617","source_timestamp":"2026-07-15T15:22:01Z","scenario_only":false,"layer":"building","name":"Mapped building footprint","osm_building":"yes","context_scope":"candidate-site building check","height_m":13.0},"geometry":{"type":"Polygon","coordinates":[[[-122.422505,37.7696703],[-122.4224921,37.7696631],[-122.4224907,37.7696461],[-122.4224983,37.7696399],[-122.4224983,37.7696313],[-122.422489,37.7696267],[-122.4224846,37.7696084],[-122.4224951,37.7696001],[-122.4227486,37.7695959],[-122.4227515,37.7696156],[-122.4227927,37.7696147],[-122.4227954,37.7696521],[-122.4227853,37.7696529],[-122.422505,37.7696703]]]}},{"type":"Feature","id":"osm-land-building-256093618","properties":{"source":"© OpenStreetMap contributors; OSM way/256093618 (ODbL), snapshot 2026-07-15T15:22:01Z","osm_type":"way","osm_id":256093618,"osm_url":"https://www.openstreetmap.org/way/256093618","source_timestamp":"2026-07-15T15:22:01Z","scenario_only":false,"layer":"building","name":"Mapped building footprint","osm_building":"yes","context_scope":"candidate-site building check","height_m":11.0},"geometry":{"type":"Polygon","coordinates":[[[-122.4224951,37.7696001],[-122.4224808,37.7695921],[-122.4224808,37.7695728],[-122.422488,37.7695632],[-122.4224793,37.7695565],[-122.4224791,37.7695356],[-122.4224914,37.7695315],[-122.4227075,37.7695181],[-122.4227174,37.7695264],[-122.4227187,37.7695441],[-122.422714,37.7695567],[-122.4227535,37.7695563],[-122.4227548,37.7695834],[-122.4227479,37.7695829],[-122.4227486,37.7695959],[-122.4224951,37.7696001]]]}},{"type":"Feature","id":"osm-land-building-256093620","properties":{"source":"© OpenStreetMap contributors; OSM way/256093620 (ODbL), snapshot 2026-07-15T15:22:01Z","osm_type":"way","osm_id":256093620,"osm_url":"https://www.openstreetmap.org/way/256093620","source_timestamp":"2026-07-15T15:22:01Z","scenario_only":false,"layer":"building","name":"Mapped building footprint","osm_building":"yes","context_scope":"candidate-site building check","height_m":13.0},"geometry":{"type":"Polygon","coordinates":[[[-122.422921,37.7697341],[-122.4228174,37.7697399],[-122.4227978,37.7695232],[-122.4229014,37.7695174],[-122.422921,37.7697341]]]}},{"type":"Feature","id":"osm-land-building-256093621","properties":{"source":"© OpenStreetMap contributors; OSM way/256093621 (ODbL), snapshot 2026-07-15T15:22:01Z","osm_type":"way","osm_id":256093621,"osm_url":"https://www.openstreetmap.org/way/256093621","source_timestamp":"2026-07-15T15:22:01Z","scenario_only":false,"layer":"building","name":"Mapped building footprint","osm_building":"apartments","context_scope":"candidate-site building check","height_m":11.0},"geometry":{"type":"Polygon","coordinates":[[[-122.4224756,37.7693975],[-122.4224749,37.7693898],[-122.4224647,37.7693855],[-122.4224639,37.7693697],[-122.4224733,37.7693637],[-122.422472,37.7693418],[-122.4224598,37.7693339],[-122.4224604,37.769321],[-122.4224703,37.7693091],[-122.4224865,37.7693096],[-122.4224985,37.7693185],[-122.4225572,37.7693147],[-122.4225654,37.7693051],[-122.4225887,37.7693036],[-122.4226009,37.7693124],[-122.4226356,37.76931],[-122.4226463,37.7692985],[-122.4226654,37.7692976],[-122.4226757,37.7693063],[-122.4227413,37.7693033],[-122.4227525,37.7692924],[-122.4227804,37.7692932],[-122.4227886,37.7693768],[-122.4227215,37.7693802],[-122.4224756,37.7693975]]]}},{"type":"Feature","id":"osm-land-building-256093622","properties":{"source":"© OpenStreetMap contributors; OSM way/256093622 (ODbL), snapshot 2026-07-15T15:22:01Z","osm_type":"way","osm_id":256093622,"osm_url":"https://www.openstreetmap.org/way/256093622","source_timestamp":"2026-07-15T15:22:01Z","scenario_only":false,"layer":"building","name":"Mapped building footprint","osm_building":"yes","context_scope":"candidate-site building check","height_m":9.0},"geometry":{"type":"Polygon","coordinates":[[[-122.4244117,37.7693209],[-122.4244153,37.76938],[-122.4242169,37.7693879],[-122.4241926,37.7693884],[-122.4241898,37.7693305],[-122.4244117,37.7693209]]]}},{"type":"Feature","id":"osm-land-building-256093627","properties":{"source":"© OpenStreetMap contributors; OSM way/256093627 (ODbL), snapshot 2026-07-15T15:22:01Z","osm_type":"way","osm_id":256093627,"osm_url":"https://www.openstreetmap.org/way/256093627","source_timestamp":"2026-07-15T15:22:01Z","scenario_only":false,"layer":"building","name":"Mapped building footprint","osm_building":"apartments","context_scope":"candidate-site building check","height_m":8.0},"geometry":{"type":"Polygon","coordinates":[[[-122.4244206,37.7691975],[-122.424425,37.7692625],[-122.4243222,37.7692646],[-122.4242671,37.7692674],[-122.4242663,37.7692595],[-122.424228,37.7692606],[-122.4242278,37.7692565],[-122.4242235,37.769208],[-122.4244206,37.7691975]]]}},{"type":"Feature","id":"osm-land-building-256093629","properties":{"source":"© OpenStreetMap contributors; OSM way/256093629 (ODbL), snapshot 2026-07-15T15:22:01Z","osm_type":"way","osm_id":256093629,"osm_url":"https://www.openstreetmap.org/way/256093629","source_timestamp":"2026-07-15T15:22:01Z","scenario_only":false,"layer":"building","name":"Mapped building footprint","osm_building":"apartments","context_scope":"candidate-site building check","height_m":8.0},"geometry":{"type":"Polygon","coordinates":[[[-122.4227804,37.7692932],[-122.4228788,37.7692894],[-122.4228873,37.7694138],[-122.4227918,37.7694178],[-122.4227886,37.7693768],[-122.4227804,37.7692932]]]}},{"type":"Feature","id":"osm-land-building-256093633","properties":{"source":"© OpenStreetMap contributors; OSM way/256093633 (ODbL), snapshot 2026-07-15T15:22:01Z","osm_type":"way","osm_id":256093633,"osm_url":"https://www.openstreetmap.org/way/256093633","source_timestamp":"2026-07-15T15:22:01Z","scenario_only":false,"layer":"building","name":"Mapped building footprint","osm_building":"yes","context_scope":"candidate-site building check","height_m":13.0},"geometry":{"type":"Polygon","coordinates":[[[-122.4225139,37.7697693],[-122.422498,37.7697593],[-122.4224988,37.7697457],[-122.4225083,37.7697367],[-122.4225072,37.7697068],[-122.4224946,37.7697005],[-122.4224938,37.7696833],[-122.422505,37.7696703],[-122.4227853,37.7696529],[-122.422793,37.7697415],[-122.42278,37.7697533],[-122.4227519,37.769755],[-122.42274,37.7697442],[-122.4227333,37.7697444],[-122.4227247,37.7697566],[-122.4226972,37.7697583],[-122.4226827,37.7697484],[-122.4226266,37.7697515],[-122.4226139,37.7697633],[-122.4225903,37.7697647],[-122.4225816,37.7697539],[-122.4225469,37.769756],[-122.42254,37.7697678],[-122.4225139,37.7697693]]]}},{"type":"Feature","id":"osm-land-building-256093634","properties":{"source":"© OpenStreetMap contributors; OSM way/256093634 (ODbL), snapshot 2026-07-15T15:22:01Z","osm_type":"way","osm_id":256093634,"osm_url":"https://www.openstreetmap.org/way/256093634","source_timestamp":"2026-07-15T15:22:01Z","scenario_only":false,"layer":"building","name":"Mapped building footprint","osm_building":"apartments","context_scope":"candidate-site building check"},"geometry":{"type":"Polygon","coordinates":[[[-122.4240095,37.7692214],[-122.4240951,37.7692171],[-122.4241073,37.7693682],[-122.4240943,37.7693746],[-122.4240711,37.7693752],[-122.4240691,37.7693737],[-122.4240633,37.7693737],[-122.4240637,37.7693841],[-122.4240247,37.7693854],[-122.4240095,37.7692214]]]}},{"type":"Feature","id":"osm-land-building-256093635","properties":{"source":"© OpenStreetMap contributors; OSM way/256093635 (ODbL), snapshot 2026-07-15T15:22:01Z","osm_type":"way","osm_id":256093635,"osm_url":"https://www.openstreetmap.org/way/256093635","source_timestamp":"2026-07-15T15:22:01Z","scenario_only":false,"layer":"building","name":"Mapped building footprint","osm_building":"yes","context_scope":"candidate-site building check"},"geometry":{"type":"Polygon","coordinates":[[[-122.4242597,37.7694752],[-122.4242703,37.7696335],[-122.424271,37.7696579],[-122.4241696,37.7696636],[-122.424148,37.7694791],[-122.4242597,37.7694752]]]}},{"type":"Feature","id":"osm-land-building-256093637","properties":{"source":"© OpenStreetMap contributors; OSM way/256093637 (ODbL), snapshot 2026-07-15T15:22:01Z","osm_type":"way","osm_id":256093637,"osm_url":"https://www.openstreetmap.org/way/256093637","source_timestamp":"2026-07-15T15:22:01Z","scenario_only":false,"layer":"building","name":"Mapped building footprint","osm_building":"apartments","context_scope":"candidate-site building check"},"geometry":{"type":"Polygon","coordinates":[[[-122.424228,37.7692606],[-122.4242278,37.7692707],[-122.4242174,37.7692714],[-122.4242174,37.7692786],[-122.4241623,37.7692797],[-122.4241624,37.7692785],[-122.4241695,37.7692785],[-122.4241696,37.7692755],[-122.4241102,37.7692766],[-122.4241102,37.7692696],[-122.4241037,37.7692696],[-122.4241011,37.7692178],[-122.4242104,37.7692103],[-122.4242114,37.769216],[-122.4242171,37.7692185],[-122.4242181,37.7692413],[-122.4242119,37.7692448],[-122.4242131,37.7692573],[-122.4242278,37.7692565],[-122.424228,37.7692606]]]}},{"type":"Feature","id":"osm-land-building-256093638","properties":{"source":"© OpenStreetMap contributors; OSM way/256093638 (ODbL), snapshot 2026-07-15T15:22:01Z","osm_type":"way","osm_id":256093638,"osm_url":"https://www.openstreetmap.org/way/256093638","source_timestamp":"2026-07-15T15:22:01Z","scenario_only":false,"layer":"building","name":"Mapped building footprint","osm_building":"yes","context_scope":"candidate-site building check","height_m":12.0},"geometry":{"type":"Polygon","coordinates":[[[-122.4230104,37.769729],[-122.422921,37.7697341],[-122.4229014,37.7695174],[-122.4229908,37.7695123],[-122.4229963,37.7695734],[-122.4230104,37.769729]]]}},{"type":"Feature","id":"osm-land-building-256093639","properties":{"source":"© OpenStreetMap contributors; OSM way/256093639 (ODbL), snapshot 2026-07-15T15:22:01Z","osm_type":"way","osm_id":256093639,"osm_url":"https://www.openstreetmap.org/way/256093639","source_timestamp":"2026-07-15T15:22:01Z","scenario_only":false,"layer":"building","name":"Mapped building footprint","osm_building":"yes","context_scope":"candidate-site building check","height_m":9.0},"geometry":{"type":"Polygon","coordinates":[[[-122.4244279,37.7696208],[-122.424433,37.7696239],[-122.4244362,37.7696292],[-122.4244372,37.7696352],[-122.4244357,37.7696391],[-122.424432,37.7696435],[-122.4244256,37.7696447],[-122.4244173,37.7696447],[-122.4244101,37.7696423],[-122.4244057,37.7696381],[-122.4243404,37.7696415],[-122.4243356,37.7696095],[-122.4243265,37.7694742],[-122.4243668,37.769474],[-122.4243672,37.7694652],[-122.4244142,37.769464],[-122.4244279,37.7696208]]]}},{"type":"Feature","id":"osm-land-building-256093642","properties":{"source":"© OpenStreetMap contributors; OSM way/256093642 (ODbL), snapshot 2026-07-15T15:22:01Z","osm_type":"way","osm_id":256093642,"osm_url":"https://www.openstreetmap.org/way/256093642","source_timestamp":"2026-07-15T15:22:01Z","scenario_only":false,"layer":"building","name":"Mapped building footprint","osm_building":"apartments","context_scope":"candidate-site building check"},"geometry":{"type":"Polygon","coordinates":[[[-122.4240095,37.7692214],[-122.4240247,37.7693854],[-122.4240297,37.7694455],[-122.423942,37.7694484],[-122.4239329,37.7693431],[-122.4239402,37.7693358],[-122.4239318,37.7692266],[-122.4240095,37.7692214]]]}},{"type":"Feature","id":"osm-land-building-256093644","properties":{"source":"© OpenStreetMap contributors; OSM way/256093644 (ODbL), snapshot 2026-07-15T15:22:01Z","osm_type":"way","osm_id":256093644,"osm_url":"https://www.openstreetmap.org/way/256093644","source_timestamp":"2026-07-15T15:22:01Z","scenario_only":false,"layer":"building","name":"Mapped building footprint","osm_building":"apartments","context_scope":"candidate-site building check"},"geometry":{"type":"Polygon","coordinates":[[[-122.4228788,37.7692894],[-122.4229865,37.7692804],[-122.4229938,37.7693703],[-122.4229827,37.7693703],[-122.422987,37.7694174],[-122.422974,37.7694194],[-122.4229799,37.7694667],[-122.4229063,37.7694686],[-122.4229049,37.7694232],[-122.4228879,37.7694236],[-122.4228873,37.7694138],[-122.4228788,37.7692894]]]}},{"type":"Feature","id":"osm-land-building-256093646","properties":{"source":"© OpenStreetMap contributors; OSM way/256093646 (ODbL), snapshot 2026-07-15T15:22:01Z","osm_type":"way","osm_id":256093646,"osm_url":"https://www.openstreetmap.org/way/256093646","source_timestamp":"2026-07-15T15:22:01Z","scenario_only":false,"layer":"building","name":"Mapped building footprint","osm_building":"apartments","context_scope":"candidate-site building check"},"geometry":{"type":"Polygon","coordinates":[[[-122.4230824,37.7692755],[-122.4232024,37.7692694],[-122.4232146,37.7694189],[-122.4232033,37.7694195],[-122.4232074,37.7694689],[-122.4230987,37.7694745],[-122.4230897,37.769364],[-122.4230824,37.7692755]]]}},{"type":"Feature","id":"osm-land-building-256093649","properties":{"source":"© OpenStreetMap contributors; OSM way/256093649 (ODbL), snapshot 2026-07-15T15:22:01Z","osm_type":"way","osm_id":256093649,"osm_url":"https://www.openstreetmap.org/way/256093649","source_timestamp":"2026-07-15T15:22:01Z","scenario_only":false,"layer":"building","name":"Mapped building footprint","osm_building":"yes","context_scope":"candidate-site building check","height_m":15.0},"geometry":{"type":"Polygon","coordinates":[[[-122.4224914,37.7695315],[-122.4224901,37.7695125],[-122.4224799,37.7695061],[-122.422479,37.769485],[-122.4224843,37.7694783],[-122.4224824,37.769443],[-122.4224714,37.769443],[-122.4224706,37.7694047],[-122.4224756,37.7693975],[-122.4227215,37.7693802],[-122.422733,37.7695165],[-122.4227075,37.7695181],[-122.4224914,37.7695315]]]}},{"type":"Feature","id":"osm-land-building-256093650","properties":{"source":"© OpenStreetMap contributors; OSM way/256093650 (ODbL), snapshot 2026-07-15T15:22:01Z","osm_type":"way","osm_id":256093650,"osm_url":"https://www.openstreetmap.org/way/256093650","source_timestamp":"2026-07-15T15:22:01Z","scenario_only":false,"layer":"building","name":"Mapped building footprint","osm_building":"apartments","context_scope":"candidate-site building check","height_m":11.0},"geometry":{"type":"Polygon","coordinates":[[[-122.424425,37.7692625],[-122.4244253,37.7692732],[-122.4244252,37.7692732],[-122.4244257,37.7692879],[-122.4244302,37.7692878],[-122.4244301,37.7693088],[-122.4244117,37.7693209],[-122.4241898,37.7693305],[-122.4241415,37.769333],[-122.4241396,37.7693021],[-122.424163,37.7693016],[-122.4241623,37.7692797],[-122.4242174,37.7692786],[-122.4243226,37.7692765],[-122.4243222,37.7692646],[-122.424425,37.7692625]]]}},{"type":"Feature","id":"osm-land-building-256095401","properties":{"source":"© OpenStreetMap contributors; OSM way/256095401 (ODbL), snapshot 2026-07-15T15:22:01Z","osm_type":"way","osm_id":256095401,"osm_url":"https://www.openstreetmap.org/way/256095401","source_timestamp":"2026-07-15T15:22:01Z","scenario_only":false,"layer":"building","name":"Mapped building footprint","osm_building":"apartments","context_scope":"candidate-site building check","height_m":6.0},"geometry":{"type":"Polygon","coordinates":[[[-122.422173,37.7692575],[-122.4215557,37.7692959],[-122.4215474,37.769152],[-122.4221551,37.7691183],[-122.4221594,37.7691169],[-122.422173,37.7692575]]]}},{"type":"Feature","id":"osm-land-building-256098988","properties":{"source":"© OpenStreetMap contributors; OSM way/256098988 (ODbL), snapshot 2026-07-15T15:22:01Z","osm_type":"way","osm_id":256098988,"osm_url":"https://www.openstreetmap.org/way/256098988","source_timestamp":"2026-07-15T15:22:01Z","scenario_only":false,"layer":"building","name":"Mapped building footprint","osm_building":"apartments","context_scope":"candidate-site building check","height_m":12.0},"geometry":{"type":"Polygon","coordinates":[[[-122.4218624,37.7680834],[-122.4218391,37.7678286],[-122.4219453,37.7678223],[-122.4219436,37.7677985],[-122.4220339,37.7677933],[-122.4220398,37.7677928],[-122.4220648,37.7680715],[-122.4218624,37.7680834]]]}},{"type":"Feature","id":"osm-land-building-256098990","properties":{"source":"© OpenStreetMap contributors; OSM way/256098990 (ODbL), snapshot 2026-07-15T15:22:01Z","osm_type":"way","osm_id":256098990,"osm_url":"https://www.openstreetmap.org/way/256098990","source_timestamp":"2026-07-15T15:22:01Z","scenario_only":false,"layer":"building","name":"Mapped building footprint","osm_building":"yes","context_scope":"candidate-site building check","height_m":9.0},"geometry":{"type":"Polygon","coordinates":[[[-122.4215853,37.7680996],[-122.4215809,37.7680264],[-122.4215627,37.7680271],[-122.4215607,37.7679938],[-122.4215789,37.7679932],[-122.4215713,37.7678689],[-122.4217675,37.7678571],[-122.4217753,37.7679501],[-122.421783,37.7679574],[-122.421794,37.7680895],[-122.4215853,37.7680996]]]}},{"type":"Feature","id":"osm-land-building-256442759","properties":{"source":"© OpenStreetMap contributors; OSM way/256442759 (ODbL), snapshot 2026-07-15T15:22:01Z","osm_type":"way","osm_id":256442759,"osm_url":"https://www.openstreetmap.org/way/256442759","source_timestamp":"2026-07-15T15:22:01Z","scenario_only":false,"layer":"building","name":"Mapped building footprint","osm_building":"school","context_scope":"candidate-site building check"},"geometry":{"type":"Polygon","coordinates":[[[-122.4284519,37.7638844],[-122.4282767,37.7638985],[-122.4282588,37.7637705],[-122.4280947,37.7637961],[-122.4281081,37.7638649],[-122.4279976,37.7638773],[-122.4279652,37.7637158],[-122.4284352,37.7636346],[-122.4284519,37.7638844]]]}},{"type":"Feature","id":"osm-land-building-256848506","properties":{"source":"© OpenStreetMap contributors; OSM way/256848506 (ODbL), snapshot 2026-07-15T15:22:01Z","osm_type":"way","osm_id":256848506,"osm_url":"https://www.openstreetmap.org/way/256848506","source_timestamp":"2026-07-15T15:22:01Z","scenario_only":false,"layer":"building","name":"Mapped building footprint","osm_building":"yes","context_scope":"candidate-site building check","height_m":13.0},"geometry":{"type":"Polygon","coordinates":[[[-122.4223436,37.7680252],[-122.4223426,37.7679978],[-122.4223256,37.7679862],[-122.4223246,37.7679676],[-122.4223386,37.7679575],[-122.4223366,37.767938],[-122.4223236,37.7679286],[-122.4223226,37.7679058],[-122.4223366,37.7678956],[-122.4223336,37.7678761],[-122.4223186,37.7678681],[-122.4223186,37.7678491],[-122.4223296,37.767836],[-122.4223276,37.7678108],[-122.4223176,37.767805],[-122.4223146,37.7677968],[-122.4223136,37.7677871],[-122.4223166,37.7677777],[-122.4223206,37.7677704],[-122.4223366,37.7677655],[-122.4223526,37.7677646],[-122.4223616,37.767766],[-122.4223736,37.7677716],[-122.4223776,37.7677746],[-122.4224766,37.7677719],[-122.4224936,37.7679738],[-122.4225396,37.7679719],[-122.4225236,37.7677668],[-122.4226436,37.7677603],[-122.4226616,37.7679973],[-122.4226716,37.768002],[-122.4226796,37.7680085],[-122.4226816,37.7680161],[-122.4226836,37.7680267],[-122.4226816,37.7680352],[-122.4226726,37.7680436],[-122.4226606,37.7680483],[-122.4226426,37.7680489],[-122.4226306,37.7680464],[-122.4225966,37.768048],[-122.4225866,37.7680586],[-122.4225596,37.7680596],[-122.4225496,37.7680518],[-122.4224876,37.7680552],[-122.4224786,37.768064],[-122.4224496,37.7680662],[-122.4224426,37.768059],[-122.4223986,37.7680602],[-122.4223856,37.7680647],[-122.4223796,37.7680662],[-122.4223686,37.7680662],[-122.4223576,37.7680644],[-122.4223426,37.768055],[-122.4223376,37.7680435],[-122.4223386,37.7680347],[-122.4223406,37.7680289],[-122.4223436,37.7680252]]]}},{"type":"Feature","id":"osm-land-building-256853224","properties":{"source":"© OpenStreetMap contributors; OSM way/256853224 (ODbL), snapshot 2026-07-15T15:22:01Z","osm_type":"way","osm_id":256853224,"osm_url":"https://www.openstreetmap.org/way/256853224","source_timestamp":"2026-07-15T15:22:01Z","scenario_only":false,"layer":"building","name":"Mapped building footprint","osm_building":"yes","context_scope":"candidate-site building check"},"geometry":{"type":"Polygon","coordinates":[[[-122.4250176,37.7691515],[-122.4250913,37.7691479],[-122.4250996,37.76924],[-122.4250252,37.7692437],[-122.4250176,37.7691515]]]}},{"type":"Feature","id":"osm-land-building-256853335","properties":{"source":"© OpenStreetMap contributors; OSM way/256853335 (ODbL), snapshot 2026-07-15T15:22:01Z","osm_type":"way","osm_id":256853335,"osm_url":"https://www.openstreetmap.org/way/256853335","source_timestamp":"2026-07-15T15:22:01Z","scenario_only":false,"layer":"building","name":"Redstone Building","osm_building":"commercial","context_scope":"candidate-site building check","height_m":20.0},"geometry":{"type":"Polygon","coordinates":[[[-122.4180229,37.7653482],[-122.4180002,37.7653492],[-122.4179937,37.765275],[-122.4181699,37.765266],[-122.418515,37.7652483],[-122.4185211,37.7653227],[-122.4185338,37.7654767],[-122.4181886,37.7654944],[-122.4181759,37.7653404],[-122.4181537,37.7653415],[-122.4181679,37.7655153],[-122.4180371,37.765522],[-122.4180229,37.7653482]]]}},{"type":"Feature","id":"osm-land-building-256853337","properties":{"source":"© OpenStreetMap contributors; OSM way/256853337 (ODbL), snapshot 2026-07-15T15:22:01Z","osm_type":"way","osm_id":256853337,"osm_url":"https://www.openstreetmap.org/way/256853337","source_timestamp":"2026-07-15T15:22:01Z","scenario_only":false,"layer":"building","name":"Mapped building footprint","osm_building":"yes","context_scope":"candidate-site building check","height_m":12.0},"geometry":{"type":"Polygon","coordinates":[[[-122.418016,37.7655245],[-122.4180926,37.7655206],[-122.4180993,37.765602],[-122.4181122,37.7656014],[-122.4181132,37.7656139],[-122.4181198,37.7656945],[-122.4180303,37.7656991],[-122.4180294,37.7656886],[-122.4180238,37.7656198],[-122.418016,37.7655245]]]}},{"type":"Feature","id":"osm-land-building-256853340","properties":{"source":"© OpenStreetMap contributors; OSM way/256853340 (ODbL), snapshot 2026-07-15T15:22:01Z","osm_type":"way","osm_id":256853340,"osm_url":"https://www.openstreetmap.org/way/256853340","source_timestamp":"2026-07-15T15:22:01Z","scenario_only":false,"layer":"building","name":"Mapped building footprint","osm_building":"yes","context_scope":"candidate-site building check","height_m":6.0},"geometry":{"type":"Polygon","coordinates":[[[-122.4182446,37.7656054],[-122.418287,37.7656032],[-122.4182935,37.7656817],[-122.4182035,37.7656863],[-122.4181971,37.7656079],[-122.4181889,37.7655087],[-122.4182364,37.7655062],[-122.4182446,37.7656054]]]}},{"type":"Feature","id":"osm-land-building-256857775","properties":{"source":"© OpenStreetMap contributors; OSM way/256857775 (ODbL), snapshot 2026-07-15T15:22:01Z","osm_type":"way","osm_id":256857775,"osm_url":"https://www.openstreetmap.org/way/256857775","source_timestamp":"2026-07-15T15:22:01Z","scenario_only":false,"layer":"building","name":"The Lost Church","osm_building":"yes","context_scope":"candidate-site building check","height_m":7.0},"geometry":{"type":"Polygon","coordinates":[[[-122.418376,37.7657595],[-122.4185518,37.7657488],[-122.4185585,37.7658172],[-122.4183916,37.7658275],[-122.4183904,37.7658147],[-122.4183814,37.7658153],[-122.418376,37.7657595]]]}},{"type":"Feature","id":"osm-land-building-256857778","properties":{"source":"© OpenStreetMap contributors; OSM way/256857778 (ODbL), snapshot 2026-07-15T15:22:01Z","osm_type":"way","osm_id":256857778,"osm_url":"https://www.openstreetmap.org/way/256857778","source_timestamp":"2026-07-15T15:22:01Z","scenario_only":false,"layer":"building","name":"Mapped building footprint","osm_building":"yes","context_scope":"candidate-site building check","height_m":6.0},"geometry":{"type":"Polygon","coordinates":[[[-122.4192859,37.7654134],[-122.4193312,37.7654109],[-122.4193327,37.7654286],[-122.4195826,37.7654151],[-122.4196193,37.7658413],[-122.4193574,37.7658554],[-122.4193303,37.765567],[-122.4192973,37.765569],[-122.4192859,37.7654134]]]}},{"type":"Feature","id":"osm-land-building-256857779","properties":{"source":"© OpenStreetMap contributors; OSM way/256857779 (ODbL), snapshot 2026-07-15T15:22:01Z","osm_type":"way","osm_id":256857779,"osm_url":"https://www.openstreetmap.org/way/256857779","source_timestamp":"2026-07-15T15:22:01Z","scenario_only":false,"layer":"building","name":"Mapped building footprint","osm_building":"yes","context_scope":"candidate-site building check","height_m":12.0},"geometry":{"type":"Polygon","coordinates":[[[-122.4204154,37.7655715],[-122.4204129,37.7655452],[-122.4204002,37.7654093],[-122.4204329,37.7654073],[-122.4204289,37.7653638],[-122.4203964,37.7653657],[-122.4203744,37.7651322],[-122.4204828,37.7651258],[-122.4205047,37.7653587],[-122.4205046,37.7653587],[-122.4205112,37.765428],[-122.4205081,37.7654282],[-122.420521,37.7655653],[-122.420501,37.7655665],[-122.4204154,37.7655715]]]}},{"type":"Feature","id":"osm-land-building-256857780","properties":{"source":"© OpenStreetMap contributors; OSM way/256857780 (ODbL), snapshot 2026-07-15T15:22:01Z","osm_type":"way","osm_id":256857780,"osm_url":"https://www.openstreetmap.org/way/256857780","source_timestamp":"2026-07-15T15:22:01Z","scenario_only":false,"layer":"building","name":"Mapped building footprint","osm_building":"yes","context_scope":"candidate-site building check","height_m":10.0},"geometry":{"type":"Polygon","coordinates":[[[-122.4201158,37.7655379],[-122.4201128,37.7655056],[-122.4200937,37.7655067],[-122.420089,37.7654564],[-122.4201053,37.7654555],[-122.4200907,37.7652977],[-122.4200714,37.7652988],[-122.4200687,37.7652692],[-122.4200666,37.7652462],[-122.4200578,37.7651508],[-122.4202589,37.765139],[-122.4202874,37.7654468],[-122.4201961,37.7654521],[-122.4202059,37.765559],[-122.420119,37.765564],[-122.4200992,37.7655651],[-122.4200968,37.765539],[-122.4201158,37.7655379]]]}},{"type":"Feature","id":"osm-land-building-256857784","properties":{"source":"© OpenStreetMap contributors; OSM way/256857784 (ODbL), snapshot 2026-07-15T15:22:01Z","osm_type":"way","osm_id":256857784,"osm_url":"https://www.openstreetmap.org/way/256857784","source_timestamp":"2026-07-15T15:22:01Z","scenario_only":false,"layer":"building","name":"Mapped building footprint","osm_building":"yes","context_scope":"candidate-site building check","height_m":4.0},"geometry":{"type":"Polygon","coordinates":[[[-122.4191791,37.7660014],[-122.4190142,37.7660088],[-122.4190094,37.7659425],[-122.4191743,37.7659351],[-122.4191791,37.7660014]]]}},{"type":"Feature","id":"osm-land-building-256857793","properties":{"source":"© OpenStreetMap contributors; OSM way/256857793 (ODbL), snapshot 2026-07-15T15:22:01Z","osm_type":"way","osm_id":256857793,"osm_url":"https://www.openstreetmap.org/way/256857793","source_timestamp":"2026-07-15T15:22:01Z","scenario_only":false,"layer":"building","name":"Mapped building footprint","osm_building":"yes","context_scope":"candidate-site building check","height_m":10.0},"geometry":{"type":"Polygon","coordinates":[[[-122.4183827,37.765828],[-122.4183916,37.7658275],[-122.4185585,37.7658172],[-122.4185681,37.7658166],[-122.4185749,37.7658862],[-122.4185103,37.7658901],[-122.4183895,37.7658975],[-122.4183879,37.7658818],[-122.4183814,37.7658822],[-122.4183775,37.7658423],[-122.418384,37.7658419],[-122.4183827,37.765828]]]}},{"type":"Feature","id":"osm-land-building-256857794","properties":{"source":"© OpenStreetMap contributors; OSM way/256857794 (ODbL), snapshot 2026-07-15T15:22:01Z","osm_type":"way","osm_id":256857794,"osm_url":"https://www.openstreetmap.org/way/256857794","source_timestamp":"2026-07-15T15:22:01Z","scenario_only":false,"layer":"building","name":"Mapped building footprint","osm_building":"yes","context_scope":"candidate-site building check","height_m":4.0},"geometry":{"type":"Polygon","coordinates":[[[-122.4182991,37.7658317],[-122.4183652,37.7658277],[-122.4183716,37.7658978],[-122.4183722,37.7659047],[-122.41835,37.765906],[-122.418307,37.7659087],[-122.4182991,37.7658317]]]}},{"type":"Feature","id":"osm-land-building-256857798","properties":{"source":"© OpenStreetMap contributors; OSM way/256857798 (ODbL), snapshot 2026-07-15T15:22:01Z","osm_type":"way","osm_id":256857798,"osm_url":"https://www.openstreetmap.org/way/256857798","source_timestamp":"2026-07-15T15:22:01Z","scenario_only":false,"layer":"building","name":"Mapped building footprint","osm_building":"yes","context_scope":"candidate-site building check","height_m":9.0},"geometry":{"type":"Polygon","coordinates":[[[-122.4183716,37.7658978],[-122.4183895,37.7658975],[-122.4185103,37.7658901],[-122.4185113,37.7659008],[-122.4185774,37.7658968],[-122.4185829,37.7658965],[-122.418586,37.7659279],[-122.4185804,37.7659283],[-122.4185832,37.7659561],[-122.4184664,37.7659633],[-122.4184652,37.7659511],[-122.418443,37.7659524],[-122.4184441,37.7659646],[-122.4183589,37.7659673],[-122.4183598,37.7659351],[-122.4183512,37.7659347],[-122.41835,37.765906],[-122.4183722,37.7659047],[-122.4183716,37.7658978]]]}},{"type":"Feature","id":"osm-land-building-258967172","properties":{"source":"© OpenStreetMap contributors; OSM way/258967172 (ODbL), snapshot 2026-07-15T15:22:01Z","osm_type":"way","osm_id":258967172,"osm_url":"https://www.openstreetmap.org/way/258967172","source_timestamp":"2026-07-15T15:22:01Z","scenario_only":false,"layer":"building","name":"Mapped building footprint","osm_building":"yes","context_scope":"candidate-site building check","height_m":8.0},"geometry":{"type":"Polygon","coordinates":[[[-122.4221779,37.7579671],[-122.4221456,37.7579685],[-122.4221442,37.757949],[-122.4221362,37.7579494],[-122.4221356,37.7579406],[-122.4221215,37.7579412],[-122.4221159,37.7578619],[-122.4220939,37.7578629],[-122.4220872,37.7577681],[-122.4221636,37.7577648],[-122.4221738,37.7579101],[-122.4221779,37.7579671]]]}},{"type":"Feature","id":"osm-land-building-258967174","properties":{"source":"© OpenStreetMap contributors; OSM way/258967174 (ODbL), snapshot 2026-07-15T15:22:01Z","osm_type":"way","osm_id":258967174,"osm_url":"https://www.openstreetmap.org/way/258967174","source_timestamp":"2026-07-15T15:22:01Z","scenario_only":false,"layer":"building","name":"Mapped building footprint","osm_building":"yes","context_scope":"candidate-site building check","height_m":10.0},"geometry":{"type":"Polygon","coordinates":[[[-122.4232376,37.7582273],[-122.4233099,37.758223],[-122.4233167,37.7582955],[-122.4230829,37.7583093],[-122.4230779,37.7582566],[-122.4230913,37.7582558],[-122.4230893,37.7582346],[-122.4231336,37.758232],[-122.4231342,37.7582376],[-122.4231729,37.7582353],[-122.4231725,37.7582311],[-122.4232376,37.7582273]]]}},{"type":"Feature","id":"osm-land-building-258967175","properties":{"source":"© OpenStreetMap contributors; OSM way/258967175 (ODbL), snapshot 2026-07-15T15:22:01Z","osm_type":"way","osm_id":258967175,"osm_url":"https://www.openstreetmap.org/way/258967175","source_timestamp":"2026-07-15T15:22:01Z","scenario_only":false,"layer":"building","name":"Mapped building footprint","osm_building":"yes","context_scope":"candidate-site building check","height_m":10.0},"geometry":{"type":"Polygon","coordinates":[[[-122.4221636,37.7577648],[-122.4221608,37.7577261],[-122.4221836,37.7577251],[-122.4221857,37.7577561],[-122.4222338,37.7577539],[-122.4222417,37.7578651],[-122.4222536,37.7578646],[-122.4222587,37.7579362],[-122.4222614,37.7579746],[-122.4221923,37.7579776],[-122.4221875,37.7579095],[-122.4221738,37.7579101],[-122.4221636,37.7577648]]]}},{"type":"Feature","id":"osm-land-building-258967177","properties":{"source":"© OpenStreetMap contributors; OSM way/258967177 (ODbL), snapshot 2026-07-15T15:22:01Z","osm_type":"way","osm_id":258967177,"osm_url":"https://www.openstreetmap.org/way/258967177","source_timestamp":"2026-07-15T15:22:01Z","scenario_only":false,"layer":"building","name":"Mapped building footprint","osm_building":"yes","context_scope":"candidate-site building check","height_m":10.0},"geometry":{"type":"Polygon","coordinates":[[[-122.4218336,37.7579557],[-122.4218205,37.7577849],[-122.4218927,37.7577813],[-122.4219085,37.7579854],[-122.4218713,37.7579872],[-122.4218687,37.757954],[-122.4218336,37.7579557]]]}},{"type":"Feature","id":"osm-land-building-258967180","properties":{"source":"© OpenStreetMap contributors; OSM way/258967180 (ODbL), snapshot 2026-07-15T15:22:01Z","osm_type":"way","osm_id":258967180,"osm_url":"https://www.openstreetmap.org/way/258967180","source_timestamp":"2026-07-15T15:22:01Z","scenario_only":false,"layer":"building","name":"Mapped building footprint","osm_building":"yes","context_scope":"candidate-site building check","height_m":13.0},"geometry":{"type":"Polygon","coordinates":[[[-122.4225324,37.7579254],[-122.4224139,37.7579306],[-122.4224119,37.7579027],[-122.4223772,37.7579043],[-122.422366,37.7577458],[-122.4224341,37.7577428],[-122.4224319,37.7577116],[-122.4224675,37.7577101],[-122.4224692,37.7577342],[-122.422546,37.7577308],[-122.422555,37.7578587],[-122.4225278,37.7578599],[-122.4225324,37.7579254]]]}},{"type":"Feature","id":"osm-land-building-258967181","properties":{"source":"© OpenStreetMap contributors; OSM way/258967181 (ODbL), snapshot 2026-07-15T15:22:01Z","osm_type":"way","osm_id":258967181,"osm_url":"https://www.openstreetmap.org/way/258967181","source_timestamp":"2026-07-15T15:22:01Z","scenario_only":false,"layer":"building","name":"Mapped building footprint","osm_building":"yes","context_scope":"candidate-site building check","height_m":9.0},"geometry":{"type":"Polygon","coordinates":[[[-122.4233251,37.7581454],[-122.4230704,37.7581577],[-122.4230695,37.7581467],[-122.4230411,37.758148],[-122.4230374,37.7581005],[-122.4231041,37.7580972],[-122.4231052,37.758111],[-122.4231881,37.758107],[-122.4231868,37.7580897],[-122.4233032,37.758084],[-122.423306,37.7581201],[-122.4233231,37.7581193],[-122.4233251,37.7581454]]]}},{"type":"Feature","id":"osm-land-building-258967183","properties":{"source":"© OpenStreetMap contributors; OSM way/258967183 (ODbL), snapshot 2026-07-15T15:22:01Z","osm_type":"way","osm_id":258967183,"osm_url":"https://www.openstreetmap.org/way/258967183","source_timestamp":"2026-07-15T15:22:01Z","scenario_only":false,"layer":"building","name":"Mapped building footprint","osm_building":"yes","context_scope":"candidate-site building check","height_m":7.0},"geometry":{"type":"Polygon","coordinates":[[[-122.422359,37.7581359],[-122.4223635,37.7581891],[-122.4223727,37.7581886],[-122.4223829,37.7583083],[-122.4223025,37.7583125],[-122.4222993,37.758275],[-122.4222923,37.7582753],[-122.422292,37.7582717],[-122.4222861,37.7582027],[-122.4222845,37.7581835],[-122.4222989,37.7581828],[-122.4222952,37.7581393],[-122.422359,37.7581359]]]}},{"type":"Feature","id":"osm-land-building-258967184","properties":{"source":"© OpenStreetMap contributors; OSM way/258967184 (ODbL), snapshot 2026-07-15T15:22:01Z","osm_type":"way","osm_id":258967184,"osm_url":"https://www.openstreetmap.org/way/258967184","source_timestamp":"2026-07-15T15:22:01Z","scenario_only":false,"layer":"building","name":"Mapped building footprint","osm_building":"yes","context_scope":"candidate-site building check"},"geometry":{"type":"Polygon","coordinates":[[[-122.4220035,37.7579807],[-122.4219085,37.7579854],[-122.4218927,37.7577813],[-122.4218912,37.7577674],[-122.4219862,37.7577627],[-122.4220035,37.7579807]]]}},{"type":"Feature","id":"osm-land-building-258967185","properties":{"source":"© OpenStreetMap contributors; OSM way/258967185 (ODbL), snapshot 2026-07-15T15:22:01Z","osm_type":"way","osm_id":258967185,"osm_url":"https://www.openstreetmap.org/way/258967185","source_timestamp":"2026-07-15T15:22:01Z","scenario_only":false,"layer":"building","name":"Mapped building footprint","osm_building":"yes","context_scope":"candidate-site building check","height_m":9.0},"geometry":{"type":"Polygon","coordinates":[[[-122.4222536,37.7578646],[-122.4222455,37.7577499],[-122.4222873,37.7577481],[-122.422288,37.7577574],[-122.4223375,37.7577552],[-122.4223426,37.7578277],[-122.4223249,37.7578284],[-122.4223277,37.7578683],[-122.4223454,37.7578675],[-122.4223491,37.7579197],[-122.422306,37.7579216],[-122.4223069,37.7579341],[-122.4222587,37.7579362],[-122.4222536,37.7578646]]]}},{"type":"Feature","id":"osm-land-building-258967186","properties":{"source":"© OpenStreetMap contributors; OSM way/258967186 (ODbL), snapshot 2026-07-15T15:22:01Z","osm_type":"way","osm_id":258967186,"osm_url":"https://www.openstreetmap.org/way/258967186","source_timestamp":"2026-07-15T15:22:01Z","scenario_only":false,"layer":"building","name":"Mapped building footprint","osm_building":"yes","context_scope":"candidate-site building check","height_m":9.0},"geometry":{"type":"Polygon","coordinates":[[[-122.4221201,37.7582706],[-122.4221279,37.7583611],[-122.4221001,37.7583626],[-122.422097,37.7583264],[-122.4220506,37.7583288],[-122.4220499,37.7583216],[-122.4220423,37.758322],[-122.4220267,37.7581411],[-122.4220599,37.7581393],[-122.4220578,37.7581144],[-122.4220626,37.7581142],[-122.4220568,37.7580464],[-122.4221006,37.7580441],[-122.4221166,37.7582291],[-122.4221201,37.7582706]]]}},{"type":"Feature","id":"osm-land-building-258967187","properties":{"source":"© OpenStreetMap contributors; OSM way/258967187 (ODbL), snapshot 2026-07-15T15:22:01Z","osm_type":"way","osm_id":258967187,"osm_url":"https://www.openstreetmap.org/way/258967187","source_timestamp":"2026-07-15T15:22:01Z","scenario_only":false,"layer":"building","name":"Mapped building footprint","osm_building":"yes","context_scope":"candidate-site building check","height_m":11.0},"geometry":{"type":"Polygon","coordinates":[[[-122.4224608,37.7583102],[-122.4224183,37.7583124],[-122.4224211,37.7583451],[-122.4223909,37.7583467],[-122.4223882,37.758314],[-122.4223834,37.7583143],[-122.4223829,37.7583083],[-122.4223727,37.7581886],[-122.4223724,37.7581841],[-122.422385,37.7581835],[-122.4223792,37.7581148],[-122.4224485,37.7581112],[-122.422457,37.7582118],[-122.4224524,37.7582121],[-122.4224608,37.7583102]]]}},{"type":"Feature","id":"osm-land-building-258967189","properties":{"source":"© OpenStreetMap contributors; OSM way/258967189 (ODbL), snapshot 2026-07-15T15:22:01Z","osm_type":"way","osm_id":258967189,"osm_url":"https://www.openstreetmap.org/way/258967189","source_timestamp":"2026-07-15T15:22:01Z","scenario_only":false,"layer":"building","name":"Mapped building footprint","osm_building":"yes","context_scope":"candidate-site building check","height_m":9.0},"geometry":{"type":"Polygon","coordinates":[[[-122.4232944,37.7581531],[-122.4232948,37.7581583],[-122.4233123,37.7581573],[-122.4233155,37.7581908],[-122.4233277,37.7581901],[-122.4233298,37.7582126],[-122.4232367,37.7582181],[-122.4232376,37.7582273],[-122.4231725,37.7582311],[-122.4231717,37.7582221],[-122.4231134,37.7582255],[-122.4231091,37.7581794],[-122.4231989,37.7581742],[-122.4231974,37.7581588],[-122.4232944,37.7581531]]]}},{"type":"Feature","id":"osm-land-building-258967190","properties":{"source":"© OpenStreetMap contributors; OSM way/258967190 (ODbL), snapshot 2026-07-15T15:22:01Z","osm_type":"way","osm_id":258967190,"osm_url":"https://www.openstreetmap.org/way/258967190","source_timestamp":"2026-07-15T15:22:01Z","scenario_only":false,"layer":"building","name":"Mapped building footprint","osm_building":"yes","context_scope":"candidate-site building check"},"geometry":{"type":"Polygon","coordinates":[[[-122.4226127,37.758121],[-122.42263,37.7583136],[-122.422559,37.7583174],[-122.4225514,37.7582314],[-122.4225648,37.7582307],[-122.4225553,37.7581232],[-122.4226127,37.758121]]]}},{"type":"Feature","id":"osm-land-building-258967192","properties":{"source":"© OpenStreetMap contributors; OSM way/258967192 (ODbL), snapshot 2026-07-15T15:22:01Z","osm_type":"way","osm_id":258967192,"osm_url":"https://www.openstreetmap.org/way/258967192","source_timestamp":"2026-07-15T15:22:01Z","scenario_only":false,"layer":"building","name":"Mapped building footprint","osm_building":"yes","context_scope":"candidate-site building check","height_m":10.0},"geometry":{"type":"Polygon","coordinates":[[[-122.422559,37.7583174],[-122.4224815,37.7583216],[-122.422474,37.758231],[-122.4224626,37.7582316],[-122.4224589,37.7581863],[-122.4224707,37.7581857],[-122.4224685,37.7581599],[-122.4224567,37.7581605],[-122.4224534,37.7581205],[-122.4225427,37.7581158],[-122.4225493,37.7581941],[-122.4225367,37.7581947],[-122.4225389,37.7582212],[-122.4225504,37.7582206],[-122.4225514,37.7582314],[-122.422559,37.7583174]]]}},{"type":"Feature","id":"osm-land-building-258967194","properties":{"source":"© OpenStreetMap contributors; OSM way/258967194 (ODbL), snapshot 2026-07-15T15:22:01Z","osm_type":"way","osm_id":258967194,"osm_url":"https://www.openstreetmap.org/way/258967194","source_timestamp":"2026-07-15T15:22:01Z","scenario_only":false,"layer":"building","name":"Mapped building footprint","osm_building":"yes","context_scope":"candidate-site building check","height_m":11.0},"geometry":{"type":"Polygon","coordinates":[[[-122.421952,37.7583447],[-122.4219298,37.7583459],[-122.4219289,37.7583348],[-122.4218831,37.7583372],[-122.4218822,37.7583263],[-122.4218752,37.7583267],[-122.421874,37.7583127],[-122.421881,37.7583123],[-122.4218771,37.7582671],[-122.4218619,37.7582679],[-122.4218597,37.7582429],[-122.4218749,37.7582421],[-122.4218739,37.7582302],[-122.4218833,37.7582297],[-122.421877,37.7581551],[-122.4219356,37.758152],[-122.421952,37.7583447]]]}},{"type":"Feature","id":"osm-land-building-258967195","properties":{"source":"© OpenStreetMap contributors; OSM way/258967195 (ODbL), snapshot 2026-07-15T15:22:01Z","osm_type":"way","osm_id":258967195,"osm_url":"https://www.openstreetmap.org/way/258967195","source_timestamp":"2026-07-15T15:22:01Z","scenario_only":false,"layer":"building","name":"Mapped building footprint","osm_building":"yes","context_scope":"candidate-site building check","height_m":11.0},"geometry":{"type":"Polygon","coordinates":[[[-122.4222114,37.7583203],[-122.4222078,37.7583205],[-122.4222107,37.7583545],[-122.4221877,37.7583558],[-122.4221847,37.7583217],[-122.4221353,37.7583244],[-122.4221306,37.75827],[-122.4221201,37.7582706],[-122.4221166,37.7582291],[-122.422127,37.7582285],[-122.4221192,37.7581384],[-122.4221225,37.7581383],[-122.4221201,37.7581099],[-122.4221758,37.7581069],[-122.4221782,37.7581353],[-122.4221818,37.7581351],[-122.4221856,37.7581787],[-122.4221991,37.758178],[-122.4222114,37.7583203]]]}},{"type":"Feature","id":"osm-land-building-258967197","properties":{"source":"© OpenStreetMap contributors; OSM way/258967197 (ODbL), snapshot 2026-07-15T15:22:01Z","osm_type":"way","osm_id":258967197,"osm_url":"https://www.openstreetmap.org/way/258967197","source_timestamp":"2026-07-15T15:22:01Z","scenario_only":false,"layer":"building","name":"Mapped building footprint","osm_building":"yes","context_scope":"candidate-site building check","height_m":6.0},"geometry":{"type":"Polygon","coordinates":[[[-122.4222861,37.7582027],[-122.422292,37.7582717],[-122.4222833,37.7582721],[-122.4222866,37.7583111],[-122.4222423,37.7583134],[-122.4222441,37.7583357],[-122.4222288,37.7583365],[-122.422227,37.7583142],[-122.4222211,37.7583146],[-122.4222094,37.7581768],[-122.4222172,37.7581764],[-122.4222137,37.7581345],[-122.4222283,37.7581338],[-122.4222275,37.7581238],[-122.4222687,37.7581216],[-122.4222805,37.758121],[-122.4222832,37.7581526],[-122.4222714,37.7581532],[-122.4222756,37.7582032],[-122.4222861,37.7582027]]]}},{"type":"Feature","id":"osm-land-building-258967203","properties":{"source":"© OpenStreetMap contributors; OSM way/258967203 (ODbL), snapshot 2026-07-15T15:22:01Z","osm_type":"way","osm_id":258967203,"osm_url":"https://www.openstreetmap.org/way/258967203","source_timestamp":"2026-07-15T15:22:01Z","scenario_only":false,"layer":"building","name":"Mapped building footprint","osm_building":"yes","context_scope":"candidate-site building check","height_m":6.0},"geometry":{"type":"Polygon","coordinates":[[[-122.4229925,37.7583111],[-122.4229035,37.7583158],[-122.422902,37.7582989],[-122.4228899,37.7581549],[-122.4229789,37.7581503],[-122.4229925,37.7583111]]]}},{"type":"Feature","id":"osm-land-building-258967204","properties":{"source":"© OpenStreetMap contributors; OSM way/258967204 (ODbL), snapshot 2026-07-15T15:22:01Z","osm_type":"way","osm_id":258967204,"osm_url":"https://www.openstreetmap.org/way/258967204","source_timestamp":"2026-07-15T15:22:01Z","scenario_only":false,"layer":"building","name":"Mapped building footprint","osm_building":"apartments","context_scope":"candidate-site building check","height_m":10.0},"geometry":{"type":"Polygon","coordinates":[[[-122.4218597,37.7582429],[-122.4218619,37.7582679],[-122.4218712,37.7583772],[-122.4217842,37.7583819],[-122.4217706,37.7582231],[-122.4218576,37.7582184],[-122.4218597,37.7582429]]]}},{"type":"Feature","id":"osm-land-building-258967212","properties":{"source":"© OpenStreetMap contributors; OSM way/258967212 (ODbL), snapshot 2026-07-15T15:22:01Z","osm_type":"way","osm_id":258967212,"osm_url":"https://www.openstreetmap.org/way/258967212","source_timestamp":"2026-07-15T15:22:01Z","scenario_only":false,"layer":"building","name":"Mapped building footprint","osm_building":"yes","context_scope":"candidate-site building check","height_m":9.0},"geometry":{"type":"Polygon","coordinates":[[[-122.423158,37.7580272],[-122.4232773,37.7580221],[-122.4232812,37.7580782],[-122.4231654,37.7580832],[-122.4231657,37.7580872],[-122.4231138,37.7580895],[-122.423111,37.7580487],[-122.4231593,37.7580466],[-122.423158,37.7580272]]]}},{"type":"Feature","id":"osm-land-building-258967214","properties":{"source":"© OpenStreetMap contributors; OSM way/258967214 (ODbL), snapshot 2026-07-15T15:22:01Z","osm_type":"way","osm_id":258967214,"osm_url":"https://www.openstreetmap.org/way/258967214","source_timestamp":"2026-07-15T15:22:01Z","scenario_only":false,"layer":"building","name":"Mapped building footprint","osm_building":"yes","context_scope":"candidate-site building check","height_m":13.0},"geometry":{"type":"Polygon","coordinates":[[[-122.422712,37.7580134],[-122.4226442,37.7580163],[-122.4226337,37.7578672],[-122.4225948,37.7578689],[-122.4225856,37.757739],[-122.4227281,37.7577327],[-122.4227372,37.7578613],[-122.4227014,37.7578629],[-122.422712,37.7580134]]]}},{"type":"Feature","id":"osm-land-building-258967215","properties":{"source":"© OpenStreetMap contributors; OSM way/258967215 (ODbL), snapshot 2026-07-15T15:22:01Z","osm_type":"way","osm_id":258967215,"osm_url":"https://www.openstreetmap.org/way/258967215","source_timestamp":"2026-07-15T15:22:01Z","scenario_only":false,"layer":"building","name":"Mapped building footprint","osm_building":"apartments","context_scope":"candidate-site building check","height_m":12.0},"geometry":{"type":"Polygon","coordinates":[[[-122.421629,37.7583962],[-122.4213943,37.7584074],[-122.421372,37.7581159],[-122.4216054,37.7581048],[-122.4216112,37.7581803],[-122.4214871,37.7581862],[-122.4214888,37.7582073],[-122.4216141,37.7582013],[-122.421629,37.7583962]]]}},{"type":"Feature","id":"osm-land-building-258967216","properties":{"source":"© OpenStreetMap contributors; OSM way/258967216 (ODbL), snapshot 2026-07-15T15:22:01Z","osm_type":"way","osm_id":258967216,"osm_url":"https://www.openstreetmap.org/way/258967216","source_timestamp":"2026-07-15T15:22:01Z","scenario_only":false,"layer":"building","name":"Mapped building footprint","osm_building":"apartments","context_scope":"candidate-site building check","height_m":13.0},"geometry":{"type":"Polygon","coordinates":[[[-122.4217706,37.7582231],[-122.4217842,37.7583819],[-122.4217587,37.7583833],[-122.4217591,37.7583884],[-122.4217177,37.7583906],[-122.4217172,37.7583856],[-122.4216619,37.7583886],[-122.4216374,37.7581025],[-122.4217597,37.7580959],[-122.4217706,37.7582231]]]}},{"type":"Feature","id":"osm-land-building-260108215","properties":{"source":"© OpenStreetMap contributors; OSM way/260108215 (ODbL), snapshot 2026-07-15T15:22:01Z","osm_type":"way","osm_id":260108215,"osm_url":"https://www.openstreetmap.org/way/260108215","source_timestamp":"2026-07-15T15:22:01Z","scenario_only":false,"layer":"building","name":"Mapped building footprint","osm_building":"yes","context_scope":"candidate-site building check","height_m":13.0},"geometry":{"type":"Polygon","coordinates":[[[-122.4239482,37.7590659],[-122.4237052,37.7590805],[-122.423691,37.7589328],[-122.423934,37.7589182],[-122.4239482,37.7590659]]]}},{"type":"Feature","id":"osm-land-building-260108218","properties":{"source":"© OpenStreetMap contributors; OSM way/260108218 (ODbL), snapshot 2026-07-15T15:22:01Z","osm_type":"way","osm_id":260108218,"osm_url":"https://www.openstreetmap.org/way/260108218","source_timestamp":"2026-07-15T15:22:01Z","scenario_only":false,"layer":"building","name":"Mapped building footprint","osm_building":"yes","context_scope":"candidate-site building check","height_m":12.0},"geometry":{"type":"Polygon","coordinates":[[[-122.423934,37.7589182],[-122.423691,37.7589328],[-122.4236841,37.7588614],[-122.4238035,37.7588542],[-122.4238048,37.7588678],[-122.423845,37.7588654],[-122.4238437,37.7588518],[-122.4239271,37.7588468],[-122.423934,37.7589182]]]}},{"type":"Feature","id":"osm-land-building-260108219","properties":{"source":"© OpenStreetMap contributors; OSM way/260108219 (ODbL), snapshot 2026-07-15T15:22:01Z","osm_type":"way","osm_id":260108219,"osm_url":"https://www.openstreetmap.org/way/260108219","source_timestamp":"2026-07-15T15:22:01Z","scenario_only":false,"layer":"building","name":"Mapped building footprint","osm_building":"yes","context_scope":"candidate-site building check","height_m":12.0},"geometry":{"type":"Polygon","coordinates":[[[-122.4239271,37.7588468],[-122.4238437,37.7588518],[-122.4238426,37.75884],[-122.4238023,37.7588424],[-122.4238035,37.7588542],[-122.4236841,37.7588614],[-122.4236777,37.7587944],[-122.4239207,37.7587798],[-122.4239271,37.7588468]]]}},{"type":"Feature","id":"osm-land-building-260108222","properties":{"source":"© OpenStreetMap contributors; OSM way/260108222 (ODbL), snapshot 2026-07-15T15:22:01Z","osm_type":"way","osm_id":260108222,"osm_url":"https://www.openstreetmap.org/way/260108222","source_timestamp":"2026-07-15T15:22:01Z","scenario_only":false,"layer":"building","name":"Mapped building footprint","osm_building":"yes","context_scope":"candidate-site building check","height_m":13.0},"geometry":{"type":"Polygon","coordinates":[[[-122.4239598,37.7585852],[-122.4238783,37.7585901],[-122.4238745,37.7585502],[-122.4237932,37.7585551],[-122.423797,37.758595],[-122.4237774,37.7585962],[-122.4236563,37.7586035],[-122.423641,37.7584441],[-122.4239797,37.7584238],[-122.423995,37.7585831],[-122.4239598,37.7585852]]]}},{"type":"Feature","id":"osm-land-building-260108223","properties":{"source":"© OpenStreetMap contributors; OSM way/260108223 (ODbL), snapshot 2026-07-15T15:22:01Z","osm_type":"way","osm_id":260108223,"osm_url":"https://www.openstreetmap.org/way/260108223","source_timestamp":"2026-07-15T15:22:01Z","scenario_only":false,"layer":"building","name":"Mapped building footprint","osm_building":"yes","context_scope":"candidate-site building check","height_m":12.0},"geometry":{"type":"Polygon","coordinates":[[[-122.4238844,37.7587187],[-122.4238547,37.7587205],[-122.4238532,37.7587052],[-122.4237875,37.7587092],[-122.423789,37.7587244],[-122.4236687,37.7587317],[-122.4236563,37.7586035],[-122.4237774,37.7585962],[-122.4237788,37.7586111],[-122.4238423,37.7586073],[-122.4238409,37.7585924],[-122.4238783,37.7585901],[-122.4239598,37.7585852],[-122.4239722,37.7587134],[-122.4238844,37.7587187]]]}},{"type":"Feature","id":"osm-land-building-260108245","properties":{"source":"© OpenStreetMap contributors; OSM way/260108245 (ODbL), snapshot 2026-07-15T15:22:01Z","osm_type":"way","osm_id":260108245,"osm_url":"https://www.openstreetmap.org/way/260108245","source_timestamp":"2026-07-15T15:22:01Z","scenario_only":false,"layer":"building","name":"Mapped building footprint","osm_building":"yes","context_scope":"candidate-site building check","height_m":10.0},"geometry":{"type":"Polygon","coordinates":[[[-122.4239207,37.7587798],[-122.4236777,37.7587944],[-122.4236686,37.758795],[-122.4236625,37.7587321],[-122.4236687,37.7587317],[-122.423789,37.7587244],[-122.4237903,37.7587386],[-122.4238251,37.7587365],[-122.4238237,37.7587223],[-122.4238547,37.7587205],[-122.4238844,37.7587187],[-122.4238884,37.7587606],[-122.4239259,37.7587583],[-122.4239279,37.7587794],[-122.4239207,37.7587798]]]}},{"type":"Feature","id":"osm-land-building-260112238","properties":{"source":"© OpenStreetMap contributors; OSM way/260112238 (ODbL), snapshot 2026-07-15T15:22:01Z","osm_type":"way","osm_id":260112238,"osm_url":"https://www.openstreetmap.org/way/260112238","source_timestamp":"2026-07-15T15:22:01Z","scenario_only":false,"layer":"building","name":"Mapped building footprint","osm_building":"yes","context_scope":"candidate-site building check","height_m":13.0},"geometry":{"type":"Polygon","coordinates":[[[-122.4239282,37.7593477],[-122.4238743,37.7593511],[-122.4238318,37.7593539],[-122.4237315,37.7593604],[-122.4237194,37.7592429],[-122.4239468,37.7592283],[-122.4239589,37.7593458],[-122.4239282,37.7593477]]]}},{"type":"Feature","id":"osm-land-building-260123558","properties":{"source":"© OpenStreetMap contributors; OSM way/260123558 (ODbL), snapshot 2026-07-15T15:22:01Z","osm_type":"way","osm_id":260123558,"osm_url":"https://www.openstreetmap.org/way/260123558","source_timestamp":"2026-07-15T15:22:01Z","scenario_only":false,"layer":"building","name":"Fellow Store + Playground","osm_building":"yes","context_scope":"candidate-site building check"},"geometry":{"type":"Polygon","coordinates":[[[-122.4218951,37.7597281],[-122.4215466,37.7597464],[-122.4215398,37.7596658],[-122.4217958,37.7596523],[-122.4218884,37.7596475],[-122.4218951,37.7597281]]]}},{"type":"Feature","id":"osm-land-building-260123559","properties":{"source":"© OpenStreetMap contributors; OSM way/260123559 (ODbL), snapshot 2026-07-15T15:22:01Z","osm_type":"way","osm_id":260123559,"osm_url":"https://www.openstreetmap.org/way/260123559","source_timestamp":"2026-07-15T15:22:01Z","scenario_only":false,"layer":"building","name":"Mapped building footprint","osm_building":"yes","context_scope":"candidate-site building check","height_m":6.0},"geometry":{"type":"Polygon","coordinates":[[[-122.4215341,37.7595982],[-122.4215247,37.7595987],[-122.421519,37.7595305],[-122.4217424,37.7595187],[-122.4217482,37.759587],[-122.4215341,37.7595982]]]}},{"type":"Feature","id":"osm-land-building-260123560","properties":{"source":"© OpenStreetMap contributors; OSM way/260123560 (ODbL), snapshot 2026-07-15T15:22:01Z","osm_type":"way","osm_id":260123560,"osm_url":"https://www.openstreetmap.org/way/260123560","source_timestamp":"2026-07-15T15:22:01Z","scenario_only":false,"layer":"building","name":"Mapped building footprint","osm_building":"yes","context_scope":"candidate-site building check","height_m":12.0},"geometry":{"type":"Polygon","coordinates":[[[-122.4228639,37.7591808],[-122.4228585,37.7591155],[-122.4230695,37.7591047],[-122.4230703,37.7591139],[-122.4230948,37.7591126],[-122.4230988,37.7591614],[-122.4230731,37.7591627],[-122.4230737,37.75917],[-122.4230372,37.7591719],[-122.4230166,37.759173],[-122.4228639,37.7591808]]]}},{"type":"Feature","id":"osm-land-building-260123561","properties":{"source":"© OpenStreetMap contributors; OSM way/260123561 (ODbL), snapshot 2026-07-15T15:22:01Z","osm_type":"way","osm_id":260123561,"osm_url":"https://www.openstreetmap.org/way/260123561","source_timestamp":"2026-07-15T15:22:01Z","scenario_only":false,"layer":"building","name":"Mapped building footprint","osm_building":"yes","context_scope":"candidate-site building check","height_m":12.0},"geometry":{"type":"Polygon","coordinates":[[[-122.4234124,37.7587803],[-122.423228,37.7587895],[-122.4232273,37.7587801],[-122.4231706,37.7587829],[-122.4231651,37.7587128],[-122.4232211,37.75871],[-122.42322,37.7587011],[-122.4234109,37.7586916],[-122.4234152,37.7586915],[-122.4234222,37.7587799],[-122.4234124,37.7587803]]]}},{"type":"Feature","id":"osm-land-building-260123562","properties":{"source":"© OpenStreetMap contributors; OSM way/260123562 (ODbL), snapshot 2026-07-15T15:22:01Z","osm_type":"way","osm_id":260123562,"osm_url":"https://www.openstreetmap.org/way/260123562","source_timestamp":"2026-07-15T15:22:01Z","scenario_only":false,"layer":"building","name":"Mapped building footprint","osm_building":"yes","context_scope":"candidate-site building check","height_m":12.0},"geometry":{"type":"Polygon","coordinates":[[[-122.423497,37.7597264],[-122.4232617,37.759739],[-122.4232325,37.7597406],[-122.4232319,37.7597339],[-122.4232042,37.7597354],[-122.4232001,37.7596866],[-122.4232277,37.7596852],[-122.4232267,37.7596731],[-122.4232478,37.759672],[-122.4234921,37.759659],[-122.4235009,37.7596585],[-122.4235067,37.7597259],[-122.423497,37.7597264]]]}},{"type":"Feature","id":"osm-land-building-260123563","properties":{"source":"© OpenStreetMap contributors; OSM way/260123563 (ODbL), snapshot 2026-07-15T15:22:01Z","osm_type":"way","osm_id":260123563,"osm_url":"https://www.openstreetmap.org/way/260123563","source_timestamp":"2026-07-15T15:22:01Z","scenario_only":false,"layer":"building","name":"Mapped building footprint","osm_building":"yes","context_scope":"candidate-site building check","height_m":5.0},"geometry":{"type":"Polygon","coordinates":[[[-122.4229711,37.7587946],[-122.4229633,37.7586902],[-122.4229552,37.7586906],[-122.4229482,37.7585981],[-122.422941,37.7585015],[-122.4230258,37.7584975],[-122.4230422,37.7587161],[-122.4230577,37.7587153],[-122.4230618,37.7587705],[-122.4230502,37.758771],[-122.4230517,37.7587908],[-122.4229711,37.7587946]]]}},{"type":"Feature","id":"osm-land-building-260123564","properties":{"source":"© OpenStreetMap contributors; OSM way/260123564 (ODbL), snapshot 2026-07-15T15:22:01Z","osm_type":"way","osm_id":260123564,"osm_url":"https://www.openstreetmap.org/way/260123564","source_timestamp":"2026-07-15T15:22:01Z","scenario_only":false,"layer":"building","name":"Mapped building footprint","osm_building":"yes","context_scope":"candidate-site building check","height_m":9.0},"geometry":{"type":"Polygon","coordinates":[[[-122.4227869,37.7586655],[-122.4227894,37.758699],[-122.4227454,37.758701],[-122.4227469,37.7587209],[-122.4226761,37.7587242],[-122.422674,37.7586959],[-122.4227013,37.7586946],[-122.4226873,37.7585083],[-122.4227626,37.7585048],[-122.4227693,37.7585902],[-122.4227817,37.7585961],[-122.4227869,37.7586655]]]}},{"type":"Feature","id":"osm-land-building-260123565","properties":{"source":"© OpenStreetMap contributors; OSM way/260123565 (ODbL), snapshot 2026-07-15T15:22:01Z","osm_type":"way","osm_id":260123565,"osm_url":"https://www.openstreetmap.org/way/260123565","source_timestamp":"2026-07-15T15:22:01Z","scenario_only":false,"layer":"building","name":"Mapped building footprint","osm_building":"yes","context_scope":"candidate-site building check","height_m":9.0},"geometry":{"type":"Polygon","coordinates":[[[-122.4234445,37.7592483],[-122.4233421,37.7592533],[-122.4233416,37.7592468],[-122.4233071,37.7592485],[-122.4233035,37.7592027],[-122.4233376,37.759201],[-122.4233365,37.7591863],[-122.4233359,37.7591784],[-122.4233817,37.7591761],[-122.4233823,37.7591837],[-122.4234392,37.7591809],[-122.4234445,37.7592483]]]}},{"type":"Feature","id":"osm-land-building-260123566","properties":{"source":"© OpenStreetMap contributors; OSM way/260123566 (ODbL), snapshot 2026-07-15T15:22:01Z","osm_type":"way","osm_id":260123566,"osm_url":"https://www.openstreetmap.org/way/260123566","source_timestamp":"2026-07-15T15:22:01Z","scenario_only":false,"layer":"building","name":"Mapped building footprint","osm_building":"yes","context_scope":"candidate-site building check","height_m":9.0},"geometry":{"type":"Polygon","coordinates":[[[-122.4223439,37.7585173],[-122.4223532,37.7586416],[-122.4223327,37.7586426],[-122.4223367,37.7586961],[-122.4222725,37.7586991],[-122.4222684,37.7586443],[-122.4222572,37.7586448],[-122.4222561,37.7586305],[-122.4222541,37.7586044],[-122.4222643,37.7586039],[-122.4222581,37.7585213],[-122.4223439,37.7585173]]]}},{"type":"Feature","id":"osm-land-building-260123567","properties":{"source":"© OpenStreetMap contributors; OSM way/260123567 (ODbL), snapshot 2026-07-15T15:22:01Z","osm_type":"way","osm_id":260123567,"osm_url":"https://www.openstreetmap.org/way/260123567","source_timestamp":"2026-07-15T15:22:01Z","scenario_only":false,"layer":"building","name":"Mapped building footprint","osm_building":"yes","context_scope":"candidate-site building check"},"geometry":{"type":"Polygon","coordinates":[[[-122.4224991,37.7585142],[-122.4225145,37.7587195],[-122.4225179,37.7587655],[-122.4224685,37.7587678],[-122.4224653,37.7587256],[-122.4224477,37.7587264],[-122.4224372,37.7587193],[-122.4224363,37.7587072],[-122.4224086,37.7587085],[-122.4224066,37.7586817],[-122.4224342,37.7586804],[-122.422422,37.7585179],[-122.4224991,37.7585142]]]}},{"type":"Feature","id":"osm-land-building-260123568","properties":{"source":"© OpenStreetMap contributors; OSM way/260123568 (ODbL), snapshot 2026-07-15T15:22:01Z","osm_type":"way","osm_id":260123568,"osm_url":"https://www.openstreetmap.org/way/260123568","source_timestamp":"2026-07-15T15:22:01Z","scenario_only":false,"layer":"building","name":"Mapped building footprint","osm_building":"yes","context_scope":"candidate-site building check","height_m":9.0},"geometry":{"type":"Polygon","coordinates":[[[-122.4219041,37.7598362],[-122.4219096,37.7599015],[-122.421896,37.7599022],[-122.4219041,37.759999],[-122.4215632,37.7600169],[-122.421557,37.7599492],[-122.4215444,37.7597931],[-122.4215505,37.7597928],[-122.4215466,37.7597464],[-122.4218951,37.7597281],[-122.4218998,37.7597841],[-122.4218811,37.7597851],[-122.4218855,37.7598372],[-122.4219041,37.7598362]]]}},{"type":"Feature","id":"osm-land-building-260123569","properties":{"source":"© OpenStreetMap contributors; OSM way/260123569 (ODbL), snapshot 2026-07-15T15:22:01Z","osm_type":"way","osm_id":260123569,"osm_url":"https://www.openstreetmap.org/way/260123569","source_timestamp":"2026-07-15T15:22:01Z","scenario_only":false,"layer":"building","name":"Mapped building footprint","osm_building":"yes","context_scope":"candidate-site building check","height_m":12.0},"geometry":{"type":"Polygon","coordinates":[[[-122.4234947,37.759797],[-122.4232677,37.7598092],[-122.4232668,37.7597985],[-122.4232553,37.7597991],[-122.4232527,37.7597685],[-122.4232642,37.7597679],[-122.4232617,37.759739],[-122.423497,37.7597264],[-122.4234975,37.7597319],[-122.4235053,37.7597315],[-122.4235076,37.7597581],[-122.4234915,37.759759],[-122.4234947,37.759797]]]}},{"type":"Feature","id":"osm-land-building-260123570","properties":{"source":"© OpenStreetMap contributors; OSM way/260123570 (ODbL), snapshot 2026-07-15T15:22:01Z","osm_type":"way","osm_id":260123570,"osm_url":"https://www.openstreetmap.org/way/260123570","source_timestamp":"2026-07-15T15:22:01Z","scenario_only":false,"layer":"building","name":"Mapped building footprint","osm_building":"yes","context_scope":"candidate-site building check","height_m":4.0},"geometry":{"type":"Polygon","coordinates":[[[-122.4231407,37.7593045],[-122.423088,37.7593072],[-122.4230717,37.7593081],[-122.4230707,37.7592956],[-122.4230305,37.7592976],[-122.4230302,37.7592944],[-122.4229243,37.7592998],[-122.4229209,37.7592592],[-122.4230439,37.7592528],[-122.4230431,37.7592425],[-122.4230866,37.7592402],[-122.4231352,37.7592377],[-122.4231407,37.7593045]]]}},{"type":"Feature","id":"osm-land-building-260123571","properties":{"source":"© OpenStreetMap contributors; OSM way/260123571 (ODbL), snapshot 2026-07-15T15:22:01Z","osm_type":"way","osm_id":260123571,"osm_url":"https://www.openstreetmap.org/way/260123571","source_timestamp":"2026-07-15T15:22:01Z","scenario_only":false,"layer":"building","name":"Mapped building footprint","osm_building":"yes","context_scope":"candidate-site building check","height_m":10.0},"geometry":{"type":"Polygon","coordinates":[[[-122.4222541,37.7586044],[-122.4222561,37.7586305],[-122.422241,37.7586312],[-122.4222446,37.7586791],[-122.4222622,37.7586783],[-122.4222655,37.7587221],[-122.4223034,37.7587204],[-122.4223057,37.7587522],[-122.4222679,37.758754],[-122.4222695,37.758775],[-122.4221705,37.7587797],[-122.4221523,37.758538],[-122.4222488,37.7585334],[-122.4222541,37.7586044]]]}},{"type":"Feature","id":"osm-land-building-260123572","properties":{"source":"© OpenStreetMap contributors; OSM way/260123572 (ODbL), snapshot 2026-07-15T15:22:01Z","osm_type":"way","osm_id":260123572,"osm_url":"https://www.openstreetmap.org/way/260123572","source_timestamp":"2026-07-15T15:22:01Z","scenario_only":false,"layer":"building","name":"Mapped building footprint","osm_building":"yes","context_scope":"candidate-site building check"},"geometry":{"type":"Polygon","coordinates":[[[-122.4229163,37.7596654],[-122.4229105,37.7595962],[-122.4230324,37.75959],[-122.4230368,37.7595897],[-122.4230379,37.7596042],[-122.4230599,37.7596031],[-122.4230587,37.7595886],[-122.4230584,37.7595853],[-122.4231232,37.759582],[-122.4231235,37.7595853],[-122.4231291,37.7596538],[-122.4230653,37.7596572],[-122.4229163,37.7596654]]]}},{"type":"Feature","id":"osm-land-building-260123573","properties":{"source":"© OpenStreetMap contributors; OSM way/260123573 (ODbL), snapshot 2026-07-15T15:22:01Z","osm_type":"way","osm_id":260123573,"osm_url":"https://www.openstreetmap.org/way/260123573","source_timestamp":"2026-07-15T15:22:01Z","scenario_only":false,"layer":"building","name":"Mapped building footprint","osm_building":"yes","context_scope":"candidate-site building check","height_m":8.0},"geometry":{"type":"Polygon","coordinates":[[[-122.4218641,37.7594348],[-122.4218602,37.7593892],[-122.4219538,37.7593843],[-122.4219639,37.7595044],[-122.4219466,37.7595053],[-122.4219503,37.7595491],[-122.421913,37.759551],[-122.4219136,37.7595575],[-122.4218792,37.7595593],[-122.4218763,37.7595247],[-122.4218836,37.7595243],[-122.4218803,37.7594857],[-122.4218731,37.7594861],[-122.4218684,37.7594863],[-122.4218641,37.7594348]]]}},{"type":"Feature","id":"osm-land-building-260123574","properties":{"source":"© OpenStreetMap contributors; OSM way/260123574 (ODbL), snapshot 2026-07-15T15:22:01Z","osm_type":"way","osm_id":260123574,"osm_url":"https://www.openstreetmap.org/way/260123574","source_timestamp":"2026-07-15T15:22:01Z","scenario_only":false,"layer":"building","name":"Mapped building footprint","osm_building":"yes","context_scope":"candidate-site building check","height_m":11.0},"geometry":{"type":"Polygon","coordinates":[[[-122.4230269,37.7589688],[-122.42291,37.7589748],[-122.4228441,37.7589782],[-122.4228385,37.758909],[-122.4230512,37.7588981],[-122.423052,37.7589076],[-122.4230791,37.7589062],[-122.4230787,37.7589011],[-122.4230992,37.7589001],[-122.4230997,37.7589052],[-122.4231043,37.7589615],[-122.4230806,37.7589627],[-122.4230798,37.7589532],[-122.4230558,37.7589544],[-122.4230569,37.7589672],[-122.4230269,37.7589688]]]}},{"type":"Feature","id":"osm-land-building-260123575","properties":{"source":"© OpenStreetMap contributors; OSM way/260123575 (ODbL), snapshot 2026-07-15T15:22:01Z","osm_type":"way","osm_id":260123575,"osm_url":"https://www.openstreetmap.org/way/260123575","source_timestamp":"2026-07-15T15:22:01Z","scenario_only":false,"layer":"building","name":"Mapped building footprint","osm_building":"yes","context_scope":"candidate-site building check","height_m":12.0},"geometry":{"type":"Polygon","coordinates":[[[-122.4230695,37.7591047],[-122.4228585,37.7591155],[-122.4228529,37.7590472],[-122.4228653,37.7590466],[-122.4230484,37.7590372],[-122.4230639,37.7590364],[-122.4230645,37.7590445],[-122.4230848,37.7590435],[-122.4230845,37.7590403],[-122.4231097,37.759039],[-122.4231099,37.7590422],[-122.4231147,37.7590995],[-122.4230892,37.7591009],[-122.4230888,37.7590952],[-122.4230688,37.7590962],[-122.4230695,37.7591047]]]}},{"type":"Feature","id":"osm-land-building-260123576","properties":{"source":"© OpenStreetMap contributors; OSM way/260123576 (ODbL), snapshot 2026-07-15T15:22:01Z","osm_type":"way","osm_id":260123576,"osm_url":"https://www.openstreetmap.org/way/260123576","source_timestamp":"2026-07-15T15:22:01Z","scenario_only":false,"layer":"building","name":"Mapped building footprint","osm_building":"yes","context_scope":"candidate-site building check","height_m":9.0},"geometry":{"type":"Polygon","coordinates":[[[-122.4230431,37.7592425],[-122.4230426,37.7592364],[-122.4230147,37.7592379],[-122.4230153,37.7592457],[-122.4229822,37.7592474],[-122.4229815,37.7592396],[-122.4229356,37.759242],[-122.4229363,37.7592508],[-122.4228699,37.7592543],[-122.4228639,37.7591808],[-122.4230166,37.759173],[-122.4230175,37.7591833],[-122.4230381,37.7591822],[-122.4230372,37.7591719],[-122.4230737,37.75917],[-122.4230807,37.7591697],[-122.4230818,37.759183],[-122.4231067,37.7591817],[-122.4231107,37.7592301],[-122.4230858,37.7592314],[-122.4230866,37.7592402],[-122.4230431,37.7592425]]]}},{"type":"Feature","id":"osm-land-building-260123577","properties":{"source":"© OpenStreetMap contributors; OSM way/260123577 (ODbL), snapshot 2026-07-15T15:22:01Z","osm_type":"way","osm_id":260123577,"osm_url":"https://www.openstreetmap.org/way/260123577","source_timestamp":"2026-07-15T15:22:01Z","scenario_only":false,"layer":"building","name":"Mapped building footprint","osm_building":"yes","context_scope":"candidate-site building check","height_m":12.0},"geometry":{"type":"Polygon","coordinates":[[[-122.4228973,37.7593995],[-122.4228962,37.7593857],[-122.4228894,37.759386],[-122.4228839,37.7593188],[-122.4229879,37.7593134],[-122.4229886,37.7593219],[-122.4230513,37.7593187],[-122.4230506,37.7593102],[-122.4230506,37.7593092],[-122.4230717,37.7593081],[-122.423088,37.7593072],[-122.423089,37.7593196],[-122.4231125,37.7593184],[-122.423112,37.7593116],[-122.4231337,37.7593105],[-122.4231381,37.7593649],[-122.4231386,37.75937],[-122.4231175,37.7593711],[-122.4231171,37.759366],[-122.423095,37.7593672],[-122.4230954,37.7593718],[-122.4230958,37.7593768],[-122.4230499,37.7593791],[-122.4230495,37.7593741],[-122.4230179,37.7593757],[-122.4230194,37.7593932],[-122.4228973,37.7593995]]]}},{"type":"Feature","id":"osm-land-building-260123578","properties":{"source":"© OpenStreetMap contributors; OSM way/260123578 (ODbL), snapshot 2026-07-15T15:22:01Z","osm_type":"way","osm_id":260123578,"osm_url":"https://www.openstreetmap.org/way/260123578","source_timestamp":"2026-07-15T15:22:01Z","scenario_only":false,"layer":"building","name":"Mapped building footprint","osm_building":"yes","context_scope":"candidate-site building check","height_m":9.0},"geometry":{"type":"Polygon","coordinates":[[[-122.4231149,37.7599213],[-122.4230296,37.7599257],[-122.4230179,37.7597823],[-122.4231032,37.759778],[-122.4231149,37.7599213]]]}},{"type":"Feature","id":"osm-land-building-260123579","properties":{"source":"© OpenStreetMap contributors; OSM way/260123579 (ODbL), snapshot 2026-07-15T15:22:01Z","osm_type":"way","osm_id":260123579,"osm_url":"https://www.openstreetmap.org/way/260123579","source_timestamp":"2026-07-15T15:22:01Z","scenario_only":false,"layer":"building","name":"Mapped building footprint","osm_building":"yes","context_scope":"candidate-site building check","height_m":10.0},"geometry":{"type":"Polygon","coordinates":[[[-122.4219782,37.7587034],[-122.4218898,37.7587076],[-122.4218787,37.7585604],[-122.4218784,37.7585562],[-122.4219668,37.758552],[-122.4219782,37.7587034]]]}},{"type":"Feature","id":"osm-land-building-260123580","properties":{"source":"© OpenStreetMap contributors; OSM way/260123580 (ODbL), snapshot 2026-07-15T15:22:01Z","osm_type":"way","osm_id":260123580,"osm_url":"https://www.openstreetmap.org/way/260123580","source_timestamp":"2026-07-15T15:22:01Z","scenario_only":false,"layer":"building","name":"Mapped building footprint","osm_building":"yes","context_scope":"candidate-site building check","height_m":12.0},"geometry":{"type":"Polygon","coordinates":[[[-122.4214554,37.7588562],[-122.4217945,37.7588403],[-122.4217996,37.7589083],[-122.42178,37.7589092],[-122.4214605,37.7589242],[-122.4214554,37.7588562]]]}},{"type":"Feature","id":"osm-land-building-260123581","properties":{"source":"© OpenStreetMap contributors; OSM way/260123581 (ODbL), snapshot 2026-07-15T15:22:01Z","osm_type":"way","osm_id":260123581,"osm_url":"https://www.openstreetmap.org/way/260123581","source_timestamp":"2026-07-15T15:22:01Z","scenario_only":false,"layer":"building","name":"Mapped building footprint","osm_building":"yes","context_scope":"candidate-site building check","height_m":9.0},"geometry":{"type":"Polygon","coordinates":[[[-122.4218898,37.7587076],[-122.4218924,37.758742],[-122.4218044,37.7587462],[-122.4217907,37.7585645],[-122.4218787,37.7585604],[-122.4218898,37.7587076]]]}},{"type":"Feature","id":"osm-land-building-260123582","properties":{"source":"© OpenStreetMap contributors; OSM way/260123582 (ODbL), snapshot 2026-07-15T15:22:01Z","osm_type":"way","osm_id":260123582,"osm_url":"https://www.openstreetmap.org/way/260123582","source_timestamp":"2026-07-15T15:22:01Z","scenario_only":false,"layer":"building","name":"Mapped building footprint","osm_building":"yes","context_scope":"candidate-site building check","height_m":11.0},"geometry":{"type":"Polygon","coordinates":[[[-122.4234262,37.7589554],[-122.4232043,37.7589664],[-122.4231643,37.7589684],[-122.4231573,37.7588805],[-122.4234193,37.7588676],[-122.4234262,37.7589554]]]}},{"type":"Feature","id":"osm-land-building-260123583","properties":{"source":"© OpenStreetMap contributors; OSM way/260123583 (ODbL), snapshot 2026-07-15T15:22:01Z","osm_type":"way","osm_id":260123583,"osm_url":"https://www.openstreetmap.org/way/260123583","source_timestamp":"2026-07-15T15:22:01Z","scenario_only":false,"layer":"building","name":"Mapped building footprint","osm_building":"yes","context_scope":"candidate-site building check","height_m":11.0},"geometry":{"type":"Polygon","coordinates":[[[-122.4228621,37.7585015],[-122.4228741,37.7586614],[-122.4227869,37.7586655],[-122.4227817,37.7585961],[-122.422774,37.7584936],[-122.4228612,37.7584895],[-122.4228621,37.7585015]]]}},{"type":"Feature","id":"osm-land-building-260123584","properties":{"source":"© OpenStreetMap contributors; OSM way/260123584 (ODbL), snapshot 2026-07-15T15:22:01Z","osm_type":"way","osm_id":260123584,"osm_url":"https://www.openstreetmap.org/way/260123584","source_timestamp":"2026-07-15T15:22:01Z","scenario_only":false,"layer":"building","name":"Mapped building footprint","osm_building":"apartments","context_scope":"candidate-site building check","height_m":11.0},"geometry":{"type":"Polygon","coordinates":[[[-122.4223473,37.7599651],[-122.4221811,37.7599738],[-122.4221659,37.7597934],[-122.422159,37.759711],[-122.4223253,37.7597023],[-122.4223473,37.7599651]]]}},{"type":"Feature","id":"osm-land-building-260123585","properties":{"source":"© OpenStreetMap contributors; OSM way/260123585 (ODbL), snapshot 2026-07-15T15:22:01Z","osm_type":"way","osm_id":260123585,"osm_url":"https://www.openstreetmap.org/way/260123585","source_timestamp":"2026-07-15T15:22:01Z","scenario_only":false,"layer":"building","name":"Mapped building footprint","osm_building":"yes","context_scope":"candidate-site building check","height_m":10.0},"geometry":{"type":"Polygon","coordinates":[[[-122.4234921,37.759659],[-122.4232478,37.759672],[-122.423245,37.7596366],[-122.4232924,37.7596343],[-122.4232888,37.7595894],[-122.4234859,37.7595796],[-122.4234921,37.759659]]]}},{"type":"Feature","id":"osm-land-building-260123586","properties":{"source":"© OpenStreetMap contributors; OSM way/260123586 (ODbL), snapshot 2026-07-15T15:22:01Z","osm_type":"way","osm_id":260123586,"osm_url":"https://www.openstreetmap.org/way/260123586","source_timestamp":"2026-07-15T15:22:01Z","scenario_only":false,"layer":"building","name":"Mapped building footprint","osm_building":"yes","context_scope":"candidate-site building check","height_m":11.0},"geometry":{"type":"Polygon","coordinates":[[[-122.4232522,37.7593952],[-122.4232503,37.759371],[-122.4232802,37.7593695],[-122.4232767,37.7593257],[-122.4234567,37.7593168],[-122.4234621,37.7593848],[-122.4232522,37.7593952]]]}},{"type":"Feature","id":"osm-land-building-260123587","properties":{"source":"© OpenStreetMap contributors; OSM way/260123587 (ODbL), snapshot 2026-07-15T15:22:01Z","osm_type":"way","osm_id":260123587,"osm_url":"https://www.openstreetmap.org/way/260123587","source_timestamp":"2026-07-15T15:22:01Z","scenario_only":false,"layer":"building","name":"Mapped building footprint","osm_building":"yes","context_scope":"candidate-site building check","height_m":4.0},"geometry":{"type":"Polygon","coordinates":[[[-122.4228569,37.7589037],[-122.4228497,37.7588167],[-122.4229281,37.7588127],[-122.422929,37.7588233],[-122.4229986,37.7588197],[-122.4230049,37.758896],[-122.4228569,37.7589037]]]}},{"type":"Feature","id":"osm-land-building-260123588","properties":{"source":"© OpenStreetMap contributors; OSM way/260123588 (ODbL), snapshot 2026-07-15T15:22:01Z","osm_type":"way","osm_id":260123588,"osm_url":"https://www.openstreetmap.org/way/260123588","source_timestamp":"2026-07-15T15:22:01Z","scenario_only":false,"layer":"building","name":"Mapped building footprint","osm_building":"yes","context_scope":"candidate-site building check","height_m":13.0},"geometry":{"type":"Polygon","coordinates":[[[-122.4234232,37.7590233],[-122.4232096,37.7590339],[-122.4232043,37.7589664],[-122.4234262,37.7589554],[-122.4234362,37.7589549],[-122.4234415,37.7590224],[-122.4234232,37.7590233]]]}},{"type":"Feature","id":"osm-land-building-260123589","properties":{"source":"© OpenStreetMap contributors; OSM way/260123589 (ODbL), snapshot 2026-07-15T15:22:01Z","osm_type":"way","osm_id":260123589,"osm_url":"https://www.openstreetmap.org/way/260123589","source_timestamp":"2026-07-15T15:22:01Z","scenario_only":false,"layer":"building","name":"Mapped building footprint","osm_building":"yes","context_scope":"candidate-site building check","height_m":9.0},"geometry":{"type":"Polygon","coordinates":[[[-122.4230296,37.7599257],[-122.4229388,37.7599303],[-122.4229259,37.759773],[-122.4229406,37.7597724],[-122.423005,37.7597691],[-122.4230059,37.759783],[-122.4230179,37.7597823],[-122.4230296,37.7599257]]]}},{"type":"Feature","id":"osm-land-building-260123590","properties":{"source":"© OpenStreetMap contributors; OSM way/260123590 (ODbL), snapshot 2026-07-15T15:22:01Z","osm_type":"way","osm_id":260123590,"osm_url":"https://www.openstreetmap.org/way/260123590","source_timestamp":"2026-07-15T15:22:01Z","scenario_only":false,"layer":"building","name":"Mapped building footprint","osm_building":"warehouse","context_scope":"candidate-site building check","height_m":8.0},"geometry":{"type":"Polygon","coordinates":[[[-122.423523,37.7597955],[-122.4235324,37.7599053],[-122.4231998,37.7599231],[-122.4231904,37.7598133],[-122.4232677,37.7598092],[-122.4234947,37.759797],[-122.423523,37.7597955]]]}},{"type":"Feature","id":"osm-land-building-260123591","properties":{"source":"© OpenStreetMap contributors; OSM way/260123591 (ODbL), snapshot 2026-07-15T15:22:01Z","osm_type":"way","osm_id":260123591,"osm_url":"https://www.openstreetmap.org/way/260123591","source_timestamp":"2026-07-15T15:22:01Z","scenario_only":false,"layer":"building","name":"Mapped building footprint","osm_building":"yes","context_scope":"candidate-site building check","height_m":10.0},"geometry":{"type":"Polygon","coordinates":[[[-122.4218345,37.7594363],[-122.4215156,37.7594531],[-122.4215098,37.7593833],[-122.4218582,37.759365],[-122.4218602,37.7593892],[-122.4218641,37.7594348],[-122.4218345,37.7594363]]]}},{"type":"Feature","id":"osm-land-building-260123592","properties":{"source":"© OpenStreetMap contributors; OSM way/260123592 (ODbL), snapshot 2026-07-15T15:22:01Z","osm_type":"way","osm_id":260123592,"osm_url":"https://www.openstreetmap.org/way/260123592","source_timestamp":"2026-07-15T15:22:01Z","scenario_only":false,"layer":"building","name":"Mapped building footprint","osm_building":"yes","context_scope":"candidate-site building check","height_m":11.0},"geometry":{"type":"Polygon","coordinates":[[[-122.4234193,37.7588676],[-122.4231573,37.7588805],[-122.4231501,37.7588809],[-122.4231432,37.7587936],[-122.423228,37.7587895],[-122.4234124,37.7587803],[-122.4234193,37.7588676]]]}},{"type":"Feature","id":"osm-land-building-260123593","properties":{"source":"© OpenStreetMap contributors; OSM way/260123593 (ODbL), snapshot 2026-07-15T15:22:01Z","osm_type":"way","osm_id":260123593,"osm_url":"https://www.openstreetmap.org/way/260123593","source_timestamp":"2026-07-15T15:22:01Z","scenario_only":false,"layer":"building","name":"Mapped building footprint","osm_building":"yes","context_scope":"candidate-site building check","height_m":13.0},"geometry":{"type":"Polygon","coordinates":[[[-122.4231828,37.7586313],[-122.4231831,37.7586352],[-122.4231288,37.7586382],[-122.4231273,37.7586195],[-122.4231325,37.7586192],[-122.4231199,37.7584767],[-122.4231242,37.7584685],[-122.4231532,37.7584666],[-122.4231594,37.7584741],[-122.4231655,37.7584737],[-122.4231693,37.7584655],[-122.4231989,37.7584636],[-122.4232035,37.7584714],[-122.4232097,37.758471],[-122.4232131,37.7584627],[-122.423242,37.7584608],[-122.4232469,37.7584686],[-122.4232531,37.7584682],[-122.4232565,37.7584598],[-122.4232856,37.7584579],[-122.4232914,37.7584658],[-122.4232983,37.7584654],[-122.4233011,37.7584569],[-122.4233297,37.758455],[-122.4233374,37.7584629],[-122.4233495,37.7584621],[-122.4233568,37.7584556],[-122.4233645,37.7584528],[-122.423373,37.758452],[-122.4233814,37.7584535],[-122.4233887,37.7584571],[-122.4233941,37.7584624],[-122.4233971,37.7584687],[-122.4233972,37.7584755],[-122.4233946,37.758482],[-122.4233892,37.7584875],[-122.4233896,37.7584976],[-122.4233972,37.7585014],[-122.4234001,37.7585293],[-122.4233928,37.7585354],[-122.4233948,37.7585573],[-122.4234035,37.7585614],[-122.4234061,37.7585861],[-122.4233975,37.7585914],[-122.4233999,37.7586199],[-122.4231828,37.7586313]]]}},{"type":"Feature","id":"osm-land-building-260123595","properties":{"source":"© OpenStreetMap contributors; OSM way/260123595 (ODbL), snapshot 2026-07-15T15:22:01Z","osm_type":"way","osm_id":260123595,"osm_url":"https://www.openstreetmap.org/way/260123595","source_timestamp":"2026-07-15T15:22:01Z","scenario_only":false,"layer":"building","name":"Mapped building footprint","osm_building":"yes","context_scope":"candidate-site building check","height_m":7.0},"geometry":{"type":"Polygon","coordinates":[[[-122.4219538,37.7593843],[-122.4220449,37.7593795],[-122.4220555,37.7595051],[-122.4220423,37.7595058],[-122.4220525,37.759628],[-122.4219746,37.7596321],[-122.4219639,37.7595044],[-122.4219538,37.7593843]]]}},{"type":"Feature","id":"osm-land-building-260123596","properties":{"source":"© OpenStreetMap contributors; OSM way/260123596 (ODbL), snapshot 2026-07-15T15:22:01Z","osm_type":"way","osm_id":260123596,"osm_url":"https://www.openstreetmap.org/way/260123596","source_timestamp":"2026-07-15T15:22:01Z","scenario_only":false,"layer":"building","name":"Mapped building footprint","osm_building":"yes","context_scope":"candidate-site building check","height_m":10.0},"geometry":{"type":"Polygon","coordinates":[[[-122.4227013,37.7586946],[-122.422674,37.7586959],[-122.422613,37.7586987],[-122.4225988,37.7585096],[-122.4226871,37.7585054],[-122.4226873,37.7585083],[-122.4227013,37.7586946]]]}},{"type":"Feature","id":"osm-land-building-260123597","properties":{"source":"© OpenStreetMap contributors; OSM way/260123597 (ODbL), snapshot 2026-07-15T15:22:01Z","osm_type":"way","osm_id":260123597,"osm_url":"https://www.openstreetmap.org/way/260123597","source_timestamp":"2026-07-15T15:22:01Z","scenario_only":false,"layer":"building","name":"Mapped building footprint","osm_building":"yes","context_scope":"candidate-site building check","height_m":13.0},"geometry":{"type":"Polygon","coordinates":[[[-122.4234109,37.7586916],[-122.42322,37.7587011],[-122.4231688,37.7587038],[-122.4231668,37.7586798],[-122.4231867,37.7586787],[-122.4231831,37.7586352],[-122.4231828,37.7586313],[-122.4233999,37.7586199],[-122.4234044,37.7586197],[-122.4234109,37.7586916]]]}},{"type":"Feature","id":"osm-land-building-260123598","properties":{"source":"© OpenStreetMap contributors; OSM way/260123598 (ODbL), snapshot 2026-07-15T15:22:01Z","osm_type":"way","osm_id":260123598,"osm_url":"https://www.openstreetmap.org/way/260123598","source_timestamp":"2026-07-15T15:22:01Z","scenario_only":false,"layer":"building","name":"Mapped building footprint","osm_building":"yes","context_scope":"candidate-site building check","height_m":8.0},"geometry":{"type":"Polygon","coordinates":[[[-122.4217424,37.7595187],[-122.421519,37.7595305],[-122.4215144,37.7595307],[-122.4215079,37.7594535],[-122.4215156,37.7594531],[-122.4218345,37.7594363],[-122.421841,37.7595136],[-122.4217424,37.7595187]]]}},{"type":"Feature","id":"osm-land-building-260123599","properties":{"source":"© OpenStreetMap contributors; OSM way/260123599 (ODbL), snapshot 2026-07-15T15:22:01Z","osm_type":"way","osm_id":260123599,"osm_url":"https://www.openstreetmap.org/way/260123599","source_timestamp":"2026-07-15T15:22:01Z","scenario_only":false,"layer":"building","name":"Mapped building footprint","osm_building":"apartments","context_scope":"candidate-site building check","height_m":10.0},"geometry":{"type":"Polygon","coordinates":[[[-122.4221811,37.7599738],[-122.4221815,37.7599786],[-122.4220931,37.7599832],[-122.4220797,37.7598234],[-122.4221324,37.7598206],[-122.4221302,37.7597953],[-122.4221659,37.7597934],[-122.4221811,37.7599738]]]}},{"type":"Feature","id":"osm-land-building-260123600","properties":{"source":"© OpenStreetMap contributors; OSM way/260123600 (ODbL), snapshot 2026-07-15T15:22:01Z","osm_type":"way","osm_id":260123600,"osm_url":"https://www.openstreetmap.org/way/260123600","source_timestamp":"2026-07-15T15:22:01Z","scenario_only":false,"layer":"building","name":"Mapped building footprint","osm_building":"yes","context_scope":"candidate-site building check","height_m":11.0},"geometry":{"type":"Polygon","coordinates":[[[-122.4229105,37.7595962],[-122.4229011,37.7595967],[-122.4228953,37.7595258],[-122.4230551,37.7595177],[-122.4230599,37.7595768],[-122.4230315,37.7595783],[-122.4230324,37.75959],[-122.4229105,37.7595962]]]}},{"type":"Feature","id":"osm-land-building-260123601","properties":{"source":"© OpenStreetMap contributors; OSM way/260123601 (ODbL), snapshot 2026-07-15T15:22:01Z","osm_type":"way","osm_id":260123601,"osm_url":"https://www.openstreetmap.org/way/260123601","source_timestamp":"2026-07-15T15:22:01Z","scenario_only":false,"layer":"building","name":"Mapped building footprint","osm_building":"yes","context_scope":"candidate-site building check","height_m":12.0},"geometry":{"type":"Polygon","coordinates":[[[-122.4234567,37.7593168],[-122.4232767,37.7593257],[-122.42324,37.7593275],[-122.4232345,37.7592587],[-122.4233421,37.7592533],[-122.4234445,37.7592483],[-122.4234512,37.7592479],[-122.4234567,37.7593168]]]}},{"type":"Feature","id":"osm-land-building-260123602","properties":{"source":"© OpenStreetMap contributors; OSM way/260123602 (ODbL), snapshot 2026-07-15T15:22:01Z","osm_type":"way","osm_id":260123602,"osm_url":"https://www.openstreetmap.org/way/260123602","source_timestamp":"2026-07-15T15:22:01Z","scenario_only":false,"layer":"building","name":"Mapped building footprint","osm_building":"yes","context_scope":"candidate-site building check","height_m":8.0},"geometry":{"type":"Polygon","coordinates":[[[-122.4234408,37.7591732],[-122.4233817,37.7591761],[-122.4233359,37.7591784],[-122.423255,37.7591824],[-122.4232486,37.7591017],[-122.4234287,37.7590928],[-122.4234344,37.7590926],[-122.4234408,37.7591732]]]}},{"type":"Feature","id":"osm-land-building-260123603","properties":{"source":"© OpenStreetMap contributors; OSM way/260123603 (ODbL), snapshot 2026-07-15T15:22:01Z","osm_type":"way","osm_id":260123603,"osm_url":"https://www.openstreetmap.org/way/260123603","source_timestamp":"2026-07-15T15:22:01Z","scenario_only":false,"layer":"building","name":"Mapped building footprint","osm_building":"yes","context_scope":"candidate-site building check","height_m":9.0},"geometry":{"type":"Polygon","coordinates":[[[-122.4215398,37.7596658],[-122.4215341,37.7595982],[-122.4217482,37.759587],[-122.4217579,37.7595865],[-122.4217608,37.7596211],[-122.421793,37.7596194],[-122.4217958,37.7596523],[-122.4215398,37.7596658]]]}},{"type":"Feature","id":"osm-land-building-260123604","properties":{"source":"© OpenStreetMap contributors; OSM way/260123604 (ODbL), snapshot 2026-07-15T15:22:01Z","osm_type":"way","osm_id":260123604,"osm_url":"https://www.openstreetmap.org/way/260123604","source_timestamp":"2026-07-15T15:22:01Z","scenario_only":false,"layer":"building","name":"Mapped building footprint","osm_building":"yes","context_scope":"candidate-site building check","height_m":8.0},"geometry":{"type":"Polygon","coordinates":[[[-122.4230917,37.7594481],[-122.4229021,37.7594578],[-122.4228973,37.7593995],[-122.4230194,37.7593932],[-122.4230681,37.7593907],[-122.4230711,37.7594273],[-122.4230899,37.7594263],[-122.4230917,37.7594481]]]}},{"type":"Feature","id":"osm-land-building-260123605","properties":{"source":"© OpenStreetMap contributors; OSM way/260123605 (ODbL), snapshot 2026-07-15T15:22:01Z","osm_type":"way","osm_id":260123605,"osm_url":"https://www.openstreetmap.org/way/260123605","source_timestamp":"2026-07-15T15:22:01Z","scenario_only":false,"layer":"building","name":"Mapped building footprint","osm_building":"yes","context_scope":"candidate-site building check","height_m":18.0},"geometry":{"type":"Polygon","coordinates":[[[-122.4218044,37.7587462],[-122.4218114,37.7588395],[-122.4217945,37.7588403],[-122.4214554,37.7588562],[-122.421434,37.7585707],[-122.42176,37.7585554],[-122.4217607,37.7585659],[-122.4217907,37.7585645],[-122.4218044,37.7587462]]]}},{"type":"Feature","id":"osm-land-building-260123606","properties":{"source":"© OpenStreetMap contributors; OSM way/260123606 (ODbL), snapshot 2026-07-15T15:22:01Z","osm_type":"way","osm_id":260123606,"osm_url":"https://www.openstreetmap.org/way/260123606","source_timestamp":"2026-07-15T15:22:01Z","scenario_only":false,"layer":"building","name":"Mapped building footprint","osm_building":"apartments","context_scope":"candidate-site building check","height_m":12.0},"geometry":{"type":"Polygon","coordinates":[[[-122.4220037,37.7599879],[-122.4220045,37.7599971],[-122.421918,37.7600016],[-122.4219096,37.7599015],[-122.4219041,37.7598362],[-122.4219469,37.7598339],[-122.4219445,37.7598055],[-122.4219882,37.7598032],[-122.4220037,37.7599879]]]}},{"type":"Feature","id":"osm-land-building-260123607","properties":{"source":"© OpenStreetMap contributors; OSM way/260123607 (ODbL), snapshot 2026-07-15T15:22:01Z","osm_type":"way","osm_id":260123607,"osm_url":"https://www.openstreetmap.org/way/260123607","source_timestamp":"2026-07-15T15:22:01Z","scenario_only":false,"layer":"building","name":"Mapped building footprint","osm_building":"yes","context_scope":"candidate-site building check","height_m":10.0},"geometry":{"type":"Polygon","coordinates":[[[-122.422941,37.7585015],[-122.4229482,37.7585981],[-122.422933,37.7585988],[-122.4229408,37.7587024],[-122.4228774,37.7587054],[-122.4228741,37.7586614],[-122.4228621,37.7585015],[-122.4229407,37.7584978],[-122.422941,37.7585015]]]}},{"type":"Feature","id":"osm-land-building-260123608","properties":{"source":"© OpenStreetMap contributors; OSM way/260123608 (ODbL), snapshot 2026-07-15T15:22:01Z","osm_type":"way","osm_id":260123608,"osm_url":"https://www.openstreetmap.org/way/260123608","source_timestamp":"2026-07-15T15:22:01Z","scenario_only":false,"layer":"building","name":"Mapped building footprint","osm_building":"yes","context_scope":"candidate-site building check","height_m":13.0},"geometry":{"type":"Polygon","coordinates":[[[-122.4232486,37.7591017],[-122.4231628,37.759106],[-122.4231602,37.7590727],[-122.4231893,37.7590713],[-122.4231864,37.759035],[-122.4232096,37.7590339],[-122.4234232,37.7590233],[-122.4234287,37.7590928],[-122.4232486,37.7591017]]]}},{"type":"Feature","id":"osm-land-building-260123609","properties":{"source":"© OpenStreetMap contributors; OSM way/260123609 (ODbL), snapshot 2026-07-15T15:22:01Z","osm_type":"way","osm_id":260123609,"osm_url":"https://www.openstreetmap.org/way/260123609","source_timestamp":"2026-07-15T15:22:01Z","scenario_only":false,"layer":"building","name":"Mapped building footprint","osm_building":"yes","context_scope":"candidate-site building check","height_m":11.0},"geometry":{"type":"Polygon","coordinates":[[[-122.4214605,37.7589242],[-122.42178,37.7589092],[-122.4217907,37.7590519],[-122.4216865,37.7590567],[-122.4216853,37.7590399],[-122.4215863,37.7590446],[-122.4215875,37.7590615],[-122.4214712,37.7590669],[-122.4214605,37.7589242]]]}},{"type":"Feature","id":"osm-land-building-260123610","properties":{"source":"© OpenStreetMap contributors; OSM way/260123610 (ODbL), snapshot 2026-07-15T15:22:01Z","osm_type":"way","osm_id":260123610,"osm_url":"https://www.openstreetmap.org/way/260123610","source_timestamp":"2026-07-15T15:22:01Z","scenario_only":false,"layer":"building","name":"Mapped building footprint","osm_building":"yes","context_scope":"candidate-site building check","height_m":11.0},"geometry":{"type":"Polygon","coordinates":[[[-122.4220612,37.7587701],[-122.4220366,37.7587712],[-122.4220344,37.7587425],[-122.4219813,37.758745],[-122.4219782,37.7587034],[-122.4219668,37.758552],[-122.4219663,37.7585455],[-122.422044,37.7585419],[-122.4220612,37.7587701]]]}},{"type":"Feature","id":"osm-land-building-260123611","properties":{"source":"© OpenStreetMap contributors; OSM way/260123611 (ODbL), snapshot 2026-07-15T15:22:01Z","osm_type":"way","osm_id":260123611,"osm_url":"https://www.openstreetmap.org/way/260123611","source_timestamp":"2026-07-15T15:22:01Z","scenario_only":false,"layer":"building","name":"Mapped building footprint","osm_building":"yes","context_scope":"candidate-site building check","height_m":12.0},"geometry":{"type":"Polygon","coordinates":[[[-122.4234777,37.7594541],[-122.4232507,37.7594653],[-122.4232095,37.7594673],[-122.4232077,37.7594442],[-122.4232559,37.7594418],[-122.4232522,37.7593952],[-122.4234621,37.7593848],[-122.4234722,37.7593843],[-122.4234777,37.7594541]]]}},{"type":"Feature","id":"osm-land-building-260123612","properties":{"source":"© OpenStreetMap contributors; OSM way/260123612 (ODbL), snapshot 2026-07-15T15:22:01Z","osm_type":"way","osm_id":260123612,"osm_url":"https://www.openstreetmap.org/way/260123612","source_timestamp":"2026-07-15T15:22:01Z","scenario_only":false,"layer":"building","name":"Mapped building footprint","osm_building":"yes","context_scope":"candidate-site building check","height_m":11.0},"geometry":{"type":"Polygon","coordinates":[[[-122.4231325,37.7586192],[-122.4231273,37.7586195],[-122.4231194,37.75862],[-122.4231211,37.7586376],[-122.4230928,37.7586392],[-122.4230911,37.7586213],[-122.4230538,37.7586235],[-122.4230367,37.758475],[-122.4231187,37.7584698],[-122.4231199,37.7584767],[-122.4231325,37.7586192]]]}},{"type":"Feature","id":"osm-land-building-260123613","properties":{"source":"© OpenStreetMap contributors; OSM way/260123613 (ODbL), snapshot 2026-07-15T15:22:01Z","osm_type":"way","osm_id":260123613,"osm_url":"https://www.openstreetmap.org/way/260123613","source_timestamp":"2026-07-15T15:22:01Z","scenario_only":false,"layer":"building","name":"Mapped building footprint","osm_building":"yes","context_scope":"candidate-site building check","height_m":7.0},"geometry":{"type":"Polygon","coordinates":[[[-122.4221705,37.7587797],[-122.4221712,37.7587891],[-122.422063,37.7587942],[-122.4220612,37.7587701],[-122.422044,37.7585419],[-122.4220437,37.7585383],[-122.422152,37.7585332],[-122.4221523,37.758538],[-122.4221705,37.7587797]]]}},{"type":"Feature","id":"osm-land-building-260123614","properties":{"source":"© OpenStreetMap contributors; OSM way/260123614 (ODbL), snapshot 2026-07-15T15:22:01Z","osm_type":"way","osm_id":260123614,"osm_url":"https://www.openstreetmap.org/way/260123614","source_timestamp":"2026-07-15T15:22:01Z","scenario_only":false,"layer":"building","name":"Mapped building footprint","osm_building":"yes","context_scope":"candidate-site building check","height_m":7.0},"geometry":{"type":"Polygon","coordinates":[[[-122.4220449,37.7593795],[-122.4221374,37.7593747],[-122.4221474,37.7594934],[-122.422128,37.7594945],[-122.4221321,37.7595433],[-122.4221242,37.7595437],[-122.4221275,37.7595831],[-122.4220623,37.7595865],[-122.4220555,37.7595051],[-122.4220449,37.7593795]]]}},{"type":"Feature","id":"osm-land-building-260123615","properties":{"source":"© OpenStreetMap contributors; OSM way/260123615 (ODbL), snapshot 2026-07-15T15:22:01Z","osm_type":"way","osm_id":260123615,"osm_url":"https://www.openstreetmap.org/way/260123615","source_timestamp":"2026-07-15T15:22:01Z","scenario_only":false,"layer":"building","name":"Mapped building footprint","osm_building":"yes","context_scope":"candidate-site building check","height_m":9.0},"geometry":{"type":"Polygon","coordinates":[[[-122.422422,37.7585179],[-122.4224342,37.7586804],[-122.4224066,37.7586817],[-122.4223921,37.758696],[-122.4223684,37.7586971],[-122.4223574,37.7586976],[-122.4223568,37.7586897],[-122.4223532,37.7586416],[-122.4223439,37.7585173],[-122.4224216,37.7585137],[-122.422422,37.7585179]]]}},{"type":"Feature","id":"osm-land-building-260123616","properties":{"source":"© OpenStreetMap contributors; OSM way/260123616 (ODbL), snapshot 2026-07-15T15:22:01Z","osm_type":"way","osm_id":260123616,"osm_url":"https://www.openstreetmap.org/way/260123616","source_timestamp":"2026-07-15T15:22:01Z","scenario_only":false,"layer":"building","name":"Mapped building footprint","osm_building":"yes","context_scope":"candidate-site building check","height_m":10.0},"geometry":{"type":"Polygon","coordinates":[[[-122.4234859,37.7595796],[-122.4232888,37.7595894],[-122.4232599,37.7595908],[-122.4232569,37.7595531],[-122.4232744,37.7595522],[-122.4232728,37.7595311],[-122.423483,37.7595207],[-122.4234891,37.7595204],[-122.4234937,37.7595792],[-122.4234859,37.7595796]]]}},{"type":"Feature","id":"osm-land-building-260123617","properties":{"source":"© OpenStreetMap contributors; OSM way/260123617 (ODbL), snapshot 2026-07-15T15:22:01Z","osm_type":"way","osm_id":260123617,"osm_url":"https://www.openstreetmap.org/way/260123617","source_timestamp":"2026-07-15T15:22:01Z","scenario_only":false,"layer":"building","name":"Mapped building footprint","osm_building":"apartments","context_scope":"candidate-site building check","height_m":13.0},"geometry":{"type":"Polygon","coordinates":[[[-122.4220797,37.7598234],[-122.4220931,37.7599832],[-122.4220037,37.7599879],[-122.4219882,37.7598032],[-122.4219852,37.7597672],[-122.4219955,37.7597666],[-122.4219932,37.7597398],[-122.4220585,37.7597364],[-122.4220606,37.7597615],[-122.4220744,37.7597608],[-122.4220797,37.7598234]]]}},{"type":"Feature","id":"osm-land-building-260123618","properties":{"source":"© OpenStreetMap contributors; OSM way/260123618 (ODbL), snapshot 2026-07-15T15:22:01Z","osm_type":"way","osm_id":260123618,"osm_url":"https://www.openstreetmap.org/way/260123618","source_timestamp":"2026-07-15T15:22:01Z","scenario_only":false,"layer":"building","name":"Mapped building footprint","osm_building":"yes","context_scope":"candidate-site building check","height_m":10.0},"geometry":{"type":"Polygon","coordinates":[[[-122.4230551,37.7595177],[-122.4228953,37.7595258],[-122.4228898,37.759459],[-122.4231105,37.7594477],[-122.4231124,37.7594709],[-122.4230951,37.7594718],[-122.423097,37.759495],[-122.4231143,37.7594941],[-122.423116,37.7595146],[-122.4230551,37.7595177]]]}},{"type":"Feature","id":"osm-land-building-260123619","properties":{"source":"© OpenStreetMap contributors; OSM way/260123619 (ODbL), snapshot 2026-07-15T15:22:01Z","osm_type":"way","osm_id":260123619,"osm_url":"https://www.openstreetmap.org/way/260123619","source_timestamp":"2026-07-15T15:22:01Z","scenario_only":false,"layer":"building","name":"Mapped building footprint","osm_building":"yes","context_scope":"candidate-site building check","height_m":6.0},"geometry":{"type":"Polygon","coordinates":[[[-122.4230484,37.7590372],[-122.4228653,37.7590466],[-122.4228606,37.75899],[-122.422911,37.7589874],[-122.42291,37.7589748],[-122.4230269,37.7589688],[-122.4230279,37.7589815],[-122.4230285,37.7589889],[-122.4230444,37.7589881],[-122.4230484,37.7590372]]]}},{"type":"Feature","id":"osm-land-building-260123620","properties":{"source":"© OpenStreetMap contributors; OSM way/260123620 (ODbL), snapshot 2026-07-15T15:22:01Z","osm_type":"way","osm_id":260123620,"osm_url":"https://www.openstreetmap.org/way/260123620","source_timestamp":"2026-07-15T15:22:01Z","scenario_only":false,"layer":"building","name":"Mapped building footprint","osm_building":"yes","context_scope":"candidate-site building check","height_m":12.0},"geometry":{"type":"Polygon","coordinates":[[[-122.4231915,37.7598297],[-122.4231986,37.759917],[-122.4231149,37.7599213],[-122.4231032,37.759778],[-122.4230962,37.7596918],[-122.4231809,37.7596875],[-122.4231871,37.7597641],[-122.4231747,37.7597647],[-122.4231801,37.7598303],[-122.4231915,37.7598297]]]}},{"type":"Feature","id":"osm-land-building-260123621","properties":{"source":"© OpenStreetMap contributors; OSM way/260123621 (ODbL), snapshot 2026-07-15T15:22:01Z","osm_type":"way","osm_id":260123621,"osm_url":"https://www.openstreetmap.org/way/260123621","source_timestamp":"2026-07-15T15:22:01Z","scenario_only":false,"layer":"building","name":"Mapped building footprint","osm_building":"yes","context_scope":"candidate-site building check","height_m":13.0},"geometry":{"type":"Polygon","coordinates":[[[-122.4232728,37.7595311],[-122.4232563,37.7595319],[-122.4232553,37.7595201],[-122.4232196,37.7595219],[-122.4232179,37.7594999],[-122.4232533,37.7594981],[-122.4232507,37.7594653],[-122.4234777,37.7594541],[-122.423483,37.7595207],[-122.4232728,37.7595311]]]}},{"type":"Feature","id":"osm-land-building-260123622","properties":{"source":"© OpenStreetMap contributors; OSM way/260123622 (ODbL), snapshot 2026-07-15T15:22:01Z","osm_type":"way","osm_id":260123622,"osm_url":"https://www.openstreetmap.org/way/260123622","source_timestamp":"2026-07-15T15:22:01Z","scenario_only":false,"layer":"building","name":"Mapped building footprint","osm_building":"yes","context_scope":"candidate-site building check","height_m":12.0},"geometry":{"type":"Polygon","coordinates":[[[-122.422613,37.7586987],[-122.4226142,37.7587147],[-122.4226074,37.758715],[-122.4226119,37.7587746],[-122.4225343,37.7587783],[-122.4225298,37.7587187],[-122.4225145,37.7587195],[-122.4224991,37.7585142],[-122.4225988,37.7585096],[-122.422613,37.7586987]]]}},{"type":"Feature","id":"osm-land-building-260127166","properties":{"source":"© OpenStreetMap contributors; OSM way/260127166 (ODbL), snapshot 2026-07-15T15:22:01Z","osm_type":"way","osm_id":260127166,"osm_url":"https://www.openstreetmap.org/way/260127166","source_timestamp":"2026-07-15T15:22:01Z","scenario_only":false,"layer":"building","name":"Mapped building footprint","osm_building":"yes","context_scope":"candidate-site building check"},"geometry":{"type":"Polygon","coordinates":[[[-122.42122,37.75918],[-122.4209893,37.7591937],[-122.420944,37.7591964],[-122.4209374,37.7591268],[-122.4209838,37.759124],[-122.4212134,37.7591104],[-122.421214,37.7591176],[-122.4212272,37.7591168],[-122.4212295,37.7591411],[-122.4212164,37.7591419],[-122.42122,37.75918]]]}},{"type":"Feature","id":"osm-land-building-260127174","properties":{"source":"© OpenStreetMap contributors; OSM way/260127174 (ODbL), snapshot 2026-07-15T15:22:01Z","osm_type":"way","osm_id":260127174,"osm_url":"https://www.openstreetmap.org/way/260127174","source_timestamp":"2026-07-15T15:22:01Z","scenario_only":false,"layer":"building","name":"Mapped building footprint","osm_building":"yes","context_scope":"candidate-site building check"},"geometry":{"type":"Polygon","coordinates":[[[-122.4212265,37.7592484],[-122.4209958,37.7592621],[-122.4209893,37.7591937],[-122.42122,37.75918],[-122.4212265,37.7592484]]]}},{"type":"Feature","id":"osm-land-building-260127182","properties":{"source":"© OpenStreetMap contributors; OSM way/260127182 (ODbL), snapshot 2026-07-15T15:22:01Z","osm_type":"way","osm_id":260127182,"osm_url":"https://www.openstreetmap.org/way/260127182","source_timestamp":"2026-07-15T15:22:01Z","scenario_only":false,"layer":"building","name":"Mapped building footprint","osm_building":"yes","context_scope":"candidate-site building check","height_m":5.0},"geometry":{"type":"Polygon","coordinates":[[[-122.4209594,37.7594025],[-122.4209463,37.7592651],[-122.4209958,37.7592621],[-122.4212265,37.7592484],[-122.4212396,37.7593859],[-122.4210948,37.7593945],[-122.4209594,37.7594025]]]}},{"type":"Feature","id":"osm-land-building-260127184","properties":{"source":"© OpenStreetMap contributors; OSM way/260127184 (ODbL), snapshot 2026-07-15T15:22:01Z","osm_type":"way","osm_id":260127184,"osm_url":"https://www.openstreetmap.org/way/260127184","source_timestamp":"2026-07-15T15:22:01Z","scenario_only":false,"layer":"building","name":"Mapped building footprint","osm_building":"yes","context_scope":"candidate-site building check","height_m":6.0},"geometry":{"type":"Polygon","coordinates":[[[-122.421259,37.7595914],[-122.4209914,37.7596073],[-122.4209786,37.7594718],[-122.4211014,37.7594645],[-122.4212545,37.7594554],[-122.4212674,37.7595909],[-122.421259,37.7595914]]]}},{"type":"Feature","id":"osm-land-building-260127186","properties":{"source":"© OpenStreetMap contributors; OSM way/260127186 (ODbL), snapshot 2026-07-15T15:22:01Z","osm_type":"way","osm_id":260127186,"osm_url":"https://www.openstreetmap.org/way/260127186","source_timestamp":"2026-07-15T15:22:01Z","scenario_only":false,"layer":"building","name":"Mapped building footprint","osm_building":"yes","context_scope":"candidate-site building check","height_m":12.0},"geometry":{"type":"Polygon","coordinates":[[[-122.4212134,37.7591104],[-122.4209838,37.759124],[-122.4209795,37.7590788],[-122.4209579,37.7590801],[-122.4209553,37.7590572],[-122.4212231,37.7590416],[-122.4212299,37.7591094],[-122.4212134,37.7591104]]]}},{"type":"Feature","id":"osm-land-building-260127188","properties":{"source":"© OpenStreetMap contributors; OSM way/260127188 (ODbL), snapshot 2026-07-15T15:22:01Z","osm_type":"way","osm_id":260127188,"osm_url":"https://www.openstreetmap.org/way/260127188","source_timestamp":"2026-07-15T15:22:01Z","scenario_only":false,"layer":"building","name":"Mapped building footprint","osm_building":"yes","context_scope":"candidate-site building check","height_m":12.0},"geometry":{"type":"Polygon","coordinates":[[[-122.4209553,37.7590572],[-122.4209529,37.7590314],[-122.420967,37.7590306],[-122.4209631,37.7589888],[-122.4212032,37.758975],[-122.4212169,37.7589741],[-122.4212231,37.7590416],[-122.4209553,37.7590572]]]}},{"type":"Feature","id":"osm-land-building-260127193","properties":{"source":"© OpenStreetMap contributors; OSM way/260127193 (ODbL), snapshot 2026-07-15T15:22:01Z","osm_type":"way","osm_id":260127193,"osm_url":"https://www.openstreetmap.org/way/260127193","source_timestamp":"2026-07-15T15:22:01Z","scenario_only":false,"layer":"building","name":"Mapped building footprint","osm_building":"yes","context_scope":"candidate-site building check","height_m":12.0},"geometry":{"type":"Polygon","coordinates":[[[-122.4209631,37.7589888],[-122.4209233,37.7589911],[-122.4209201,37.7589569],[-122.4209842,37.7589532],[-122.4209829,37.7589383],[-122.4209219,37.7589418],[-122.4209199,37.7589193],[-122.4211894,37.7589038],[-122.4211966,37.7589034],[-122.4212032,37.758975],[-122.4209631,37.7589888]]]}},{"type":"Feature","id":"osm-land-building-260290887","properties":{"source":"© OpenStreetMap contributors; OSM way/260290887 (ODbL), snapshot 2026-07-15T15:22:01Z","osm_type":"way","osm_id":260290887,"osm_url":"https://www.openstreetmap.org/way/260290887","source_timestamp":"2026-07-15T15:22:01Z","scenario_only":false,"layer":"building","name":"Mapped building footprint","osm_building":"yes","context_scope":"candidate-site building check","height_m":9.0},"geometry":{"type":"Polygon","coordinates":[[[-122.4253934,37.7606974],[-122.4252759,37.7607035],[-122.4252729,37.7606678],[-122.4252825,37.7606673],[-122.4252795,37.7606301],[-122.4253873,37.7606245],[-122.4253884,37.7606374],[-122.4254117,37.7606362],[-122.4254154,37.760682],[-122.4253922,37.7606832],[-122.4253934,37.7606974]]]}},{"type":"Feature","id":"osm-land-building-260290890","properties":{"source":"© OpenStreetMap contributors; OSM way/260290890 (ODbL), snapshot 2026-07-15T15:22:01Z","osm_type":"way","osm_id":260290890,"osm_url":"https://www.openstreetmap.org/way/260290890","source_timestamp":"2026-07-15T15:22:01Z","scenario_only":false,"layer":"building","name":"Mapped building footprint","osm_building":"yes","context_scope":"candidate-site building check","height_m":9.0},"geometry":{"type":"Polygon","coordinates":[[[-122.4257673,37.7602826],[-122.4257741,37.7603564],[-122.4257701,37.7603566],[-122.4255527,37.760369],[-122.4255087,37.7603716],[-122.4255076,37.7603588],[-122.4254687,37.7603611],[-122.4254641,37.7603114],[-122.425503,37.7603092],[-122.425502,37.7602978],[-122.4255242,37.7602965],[-122.4257673,37.7602826]]]}},{"type":"Feature","id":"osm-land-building-260290893","properties":{"source":"© OpenStreetMap contributors; OSM way/260290893 (ODbL), snapshot 2026-07-15T15:22:01Z","osm_type":"way","osm_id":260290893,"osm_url":"https://www.openstreetmap.org/way/260290893","source_timestamp":"2026-07-15T15:22:01Z","scenario_only":false,"layer":"building","name":"Mapped building footprint","osm_building":"yes","context_scope":"candidate-site building check","height_m":13.0},"geometry":{"type":"Polygon","coordinates":[[[-122.4258119,37.7606474],[-122.4258196,37.7607308],[-122.4255827,37.7607443],[-122.4255738,37.7607448],[-122.42557,37.7607024],[-122.4255627,37.7607028],[-122.425559,37.7606619],[-122.4256183,37.7606585],[-122.4256412,37.7606572],[-122.4256421,37.7606672],[-122.4257058,37.7606635],[-122.4257049,37.7606536],[-122.4258119,37.7606474]]]}},{"type":"Feature","id":"osm-land-building-260290901","properties":{"source":"© OpenStreetMap contributors; OSM way/260290901 (ODbL), snapshot 2026-07-15T15:22:01Z","osm_type":"way","osm_id":260290901,"osm_url":"https://www.openstreetmap.org/way/260290901","source_timestamp":"2026-07-15T15:22:01Z","scenario_only":false,"layer":"building","name":"Mapped building footprint","osm_building":"yes","context_scope":"candidate-site building check","height_m":13.0},"geometry":{"type":"Polygon","coordinates":[[[-122.4258051,37.7605724],[-122.4258119,37.7606474],[-122.4257049,37.7606536],[-122.4256609,37.7606561],[-122.4256599,37.7606443],[-122.4256374,37.7606456],[-122.4256379,37.7606515],[-122.4256177,37.7606527],[-122.4256183,37.7606585],[-122.425559,37.7606619],[-122.4255202,37.7606642],[-122.4255184,37.760644],[-122.425558,37.7606417],[-122.4255569,37.7606301],[-122.4255614,37.7606299],[-122.4255581,37.760594],[-122.4256695,37.7605876],[-122.4256705,37.7605982],[-122.4256799,37.7605977],[-122.4256783,37.7605797],[-122.4258051,37.7605724]]]}},{"type":"Feature","id":"osm-land-building-260290903","properties":{"source":"© OpenStreetMap contributors; OSM way/260290903 (ODbL), snapshot 2026-07-15T15:22:01Z","osm_type":"way","osm_id":260290903,"osm_url":"https://www.openstreetmap.org/way/260290903","source_timestamp":"2026-07-15T15:22:01Z","scenario_only":false,"layer":"building","name":"Mapped building footprint","osm_building":"yes","context_scope":"candidate-site building check"},"geometry":{"type":"Polygon","coordinates":[[[-122.4254401,37.7609019],[-122.4254326,37.7608218],[-122.4255026,37.7608177],[-122.4255102,37.7608978],[-122.4254401,37.7609019]]]}},{"type":"Feature","id":"osm-land-building-260290904","properties":{"source":"© OpenStreetMap contributors; OSM way/260290904 (ODbL), snapshot 2026-07-15T15:22:01Z","osm_type":"way","osm_id":260290904,"osm_url":"https://www.openstreetmap.org/way/260290904","source_timestamp":"2026-07-15T15:22:01Z","scenario_only":false,"layer":"building","name":"Mapped building footprint","osm_building":"yes","context_scope":"candidate-site building check","height_m":12.0},"geometry":{"type":"Polygon","coordinates":[[[-122.4255527,37.760369],[-122.4257701,37.7603566],[-122.4257763,37.7604238],[-122.4255767,37.7604353],[-122.4255589,37.7604363],[-122.4255527,37.760369]]]}},{"type":"Feature","id":"osm-land-building-260290905","properties":{"source":"© OpenStreetMap contributors; OSM way/260290905 (ODbL), snapshot 2026-07-15T15:22:01Z","osm_type":"way","osm_id":260290905,"osm_url":"https://www.openstreetmap.org/way/260290905","source_timestamp":"2026-07-15T15:22:01Z","scenario_only":false,"layer":"building","name":"Mapped building footprint","osm_building":"yes","context_scope":"candidate-site building check","height_m":13.0},"geometry":{"type":"Polygon","coordinates":[[[-122.4258363,37.7609684],[-122.4258428,37.7610367],[-122.4257886,37.7610399],[-122.4256203,37.7610498],[-122.4256139,37.7609816],[-122.4258363,37.7609684]]]}},{"type":"Feature","id":"osm-land-building-260290906","properties":{"source":"© OpenStreetMap contributors; OSM way/260290906 (ODbL), snapshot 2026-07-15T15:22:01Z","osm_type":"way","osm_id":260290906,"osm_url":"https://www.openstreetmap.org/way/260290906","source_timestamp":"2026-07-15T15:22:01Z","scenario_only":false,"layer":"building","name":"Mapped building footprint","osm_building":"yes","context_scope":"candidate-site building check"},"geometry":{"type":"Polygon","coordinates":[[[-122.4258655,37.7612776],[-122.4258729,37.7613629],[-122.4256993,37.7613723],[-122.4256931,37.7613],[-122.4256919,37.761287],[-122.4258655,37.7612776]]]}},{"type":"Feature","id":"osm-land-building-260290907","properties":{"source":"© OpenStreetMap contributors; OSM way/260290907 (ODbL), snapshot 2026-07-15T15:22:01Z","osm_type":"way","osm_id":260290907,"osm_url":"https://www.openstreetmap.org/way/260290907","source_timestamp":"2026-07-15T15:22:01Z","scenario_only":false,"layer":"building","name":"Mapped building footprint","osm_building":"yes","context_scope":"candidate-site building check","height_m":11.0},"geometry":{"type":"Polygon","coordinates":[[[-122.4258196,37.7607308],[-122.4258258,37.7607982],[-122.425645,37.7608086],[-122.4255889,37.7608118],[-122.4255827,37.7607443],[-122.4258196,37.7607308]]]}},{"type":"Feature","id":"osm-land-building-260290908","properties":{"source":"© OpenStreetMap contributors; OSM way/260290908 (ODbL), snapshot 2026-07-15T15:22:01Z","osm_type":"way","osm_id":260290908,"osm_url":"https://www.openstreetmap.org/way/260290908","source_timestamp":"2026-07-15T15:22:01Z","scenario_only":false,"layer":"building","name":"Mapped building footprint","osm_building":"yes","context_scope":"candidate-site building check","height_m":9.0},"geometry":{"type":"Polygon","coordinates":[[[-122.4256525,37.7608885],[-122.4258303,37.7608783],[-122.4258376,37.7609582],[-122.425626,37.7609703],[-122.4256187,37.7608904],[-122.4256525,37.7608885]]]}},{"type":"Feature","id":"osm-land-building-260290913","properties":{"source":"© OpenStreetMap contributors; OSM way/260290913 (ODbL), snapshot 2026-07-15T15:22:01Z","osm_type":"way","osm_id":260290913,"osm_url":"https://www.openstreetmap.org/way/260290913","source_timestamp":"2026-07-15T15:22:01Z","scenario_only":false,"layer":"building","name":"Mapped building footprint","osm_building":"yes","context_scope":"candidate-site building check"},"geometry":{"type":"Polygon","coordinates":[[[-122.4255628,37.7609744],[-122.4254547,37.7609808],[-122.4254518,37.7609493],[-122.4254446,37.7609497],[-122.4254401,37.7609019],[-122.4255102,37.7608978],[-122.4255553,37.7608951],[-122.4255628,37.7609744]]]}},{"type":"Feature","id":"osm-land-building-260290914","properties":{"source":"© OpenStreetMap contributors; OSM way/260290914 (ODbL), snapshot 2026-07-15T15:22:01Z","osm_type":"way","osm_id":260290914,"osm_url":"https://www.openstreetmap.org/way/260290914","source_timestamp":"2026-07-15T15:22:01Z","scenario_only":false,"layer":"building","name":"Mapped building footprint","osm_building":"yes","context_scope":"candidate-site building check","height_m":12.0},"geometry":{"type":"Polygon","coordinates":[[[-122.4254073,37.7599519],[-122.4254067,37.7599446],[-122.4257488,37.759925],[-122.4257588,37.7600343],[-122.4257509,37.7600348],[-122.4255189,37.760048],[-122.4254167,37.7600539],[-122.4254073,37.7599519]]]}},{"type":"Feature","id":"osm-land-building-260290915","properties":{"source":"© OpenStreetMap contributors; OSM way/260290915 (ODbL), snapshot 2026-07-15T15:22:01Z","osm_type":"way","osm_id":260290915,"osm_url":"https://www.openstreetmap.org/way/260290915","source_timestamp":"2026-07-15T15:22:01Z","scenario_only":false,"layer":"building","name":"Mapped building footprint","osm_building":"apartments","context_scope":"candidate-site building check","height_m":12.0},"geometry":{"type":"Polygon","coordinates":[[[-122.4258599,37.7611959],[-122.4258662,37.7612621],[-122.425675,37.7612733],[-122.4256709,37.7612302],[-122.4256381,37.7612321],[-122.425636,37.7612091],[-122.4256479,37.7612084],[-122.4258599,37.7611959]]]}},{"type":"Feature","id":"osm-land-building-260290917","properties":{"source":"© OpenStreetMap contributors; OSM way/260290917 (ODbL), snapshot 2026-07-15T15:22:01Z","osm_type":"way","osm_id":260290917,"osm_url":"https://www.openstreetmap.org/way/260290917","source_timestamp":"2026-07-15T15:22:01Z","scenario_only":false,"layer":"building","name":"Mapped building footprint","osm_building":"yes","context_scope":"candidate-site building check","height_m":10.0},"geometry":{"type":"Polygon","coordinates":[[[-122.4257844,37.7605128],[-122.4258069,37.7605115],[-122.4258125,37.760572],[-122.4258051,37.7605724],[-122.4256783,37.7605797],[-122.4255665,37.7605861],[-122.425561,37.7605256],[-122.4255849,37.7605242],[-122.4257844,37.7605128]]]}},{"type":"Feature","id":"osm-land-building-260290918","properties":{"source":"© OpenStreetMap contributors; OSM way/260290918 (ODbL), snapshot 2026-07-15T15:22:01Z","osm_type":"way","osm_id":260290918,"osm_url":"https://www.openstreetmap.org/way/260290918","source_timestamp":"2026-07-15T15:22:01Z","scenario_only":false,"layer":"building","name":"Mapped building footprint","osm_building":"yes","context_scope":"candidate-site building check","height_m":12.0},"geometry":{"type":"Polygon","coordinates":[[[-122.4255189,37.760048],[-122.4257509,37.7600348],[-122.4257584,37.760116],[-122.4255265,37.7601292],[-122.4255258,37.7601217],[-122.4254716,37.7601249],[-122.4254654,37.7600576],[-122.4255194,37.7600545],[-122.4255189,37.760048]]]}},{"type":"Feature","id":"osm-land-building-260290919","properties":{"source":"© OpenStreetMap contributors; OSM way/260290919 (ODbL), snapshot 2026-07-15T15:22:01Z","osm_type":"way","osm_id":260290919,"osm_url":"https://www.openstreetmap.org/way/260290919","source_timestamp":"2026-07-15T15:22:01Z","scenario_only":false,"layer":"building","name":"Mapped building footprint","osm_building":"yes","context_scope":"candidate-site building check","height_m":4.0},"geometry":{"type":"Polygon","coordinates":[[[-122.425397,37.7603627],[-122.4253088,37.7603677],[-122.4253,37.7602714],[-122.4252931,37.7602718],[-122.4252901,37.7602385],[-122.425297,37.7602381],[-122.4252967,37.7602354],[-122.4253849,37.7602303],[-122.425397,37.7603627]]]}},{"type":"Feature","id":"osm-land-building-260290920","properties":{"source":"© OpenStreetMap contributors; OSM way/260290920 (ODbL), snapshot 2026-07-15T15:22:01Z","osm_type":"way","osm_id":260290920,"osm_url":"https://www.openstreetmap.org/way/260290920","source_timestamp":"2026-07-15T15:22:01Z","scenario_only":false,"layer":"building","name":"Mapped building footprint","osm_building":"yes","context_scope":"candidate-site building check","height_m":13.0},"geometry":{"type":"Polygon","coordinates":[[[-122.4258525,37.7611175],[-122.4258599,37.7611959],[-122.4256479,37.7612084],[-122.425647,37.7611992],[-122.4256046,37.7612017],[-122.4255988,37.7611401],[-122.4256412,37.7611376],[-122.4256405,37.76113],[-122.4258525,37.7611175]]]}},{"type":"Feature","id":"osm-land-building-260290922","properties":{"source":"© OpenStreetMap contributors; OSM way/260290922 (ODbL), snapshot 2026-07-15T15:22:01Z","osm_type":"way","osm_id":260290922,"osm_url":"https://www.openstreetmap.org/way/260290922","source_timestamp":"2026-07-15T15:22:01Z","scenario_only":false,"layer":"building","name":"Mapped building footprint","osm_building":"yes","context_scope":"candidate-site building check","height_m":12.0},"geometry":{"type":"Polygon","coordinates":[[[-122.4257763,37.7604238],[-122.4257844,37.7605128],[-122.4255849,37.7605242],[-122.4255837,37.7605113],[-122.4254857,37.7605169],[-122.4254799,37.7604532],[-122.4255778,37.7604476],[-122.4255767,37.7604353],[-122.4257763,37.7604238]]]}},{"type":"Feature","id":"osm-land-building-260290926","properties":{"source":"© OpenStreetMap contributors; OSM way/260290926 (ODbL), snapshot 2026-07-15T15:22:01Z","osm_type":"way","osm_id":260290926,"osm_url":"https://www.openstreetmap.org/way/260290926","source_timestamp":"2026-07-15T15:22:01Z","scenario_only":false,"layer":"building","name":"Mapped building footprint","osm_building":"yes","context_scope":"candidate-site building check","height_m":13.0},"geometry":{"type":"Polygon","coordinates":[[[-122.4256203,37.7610498],[-122.4257886,37.7610399],[-122.4257894,37.7610486],[-122.4258561,37.7610447],[-122.4258629,37.7611169],[-122.4258525,37.7611175],[-122.4256405,37.76113],[-122.4256021,37.7611323],[-122.4255945,37.7610514],[-122.4256203,37.7610498]]]}},{"type":"Feature","id":"osm-land-building-260290927","properties":{"source":"© OpenStreetMap contributors; OSM way/260290927 (ODbL), snapshot 2026-07-15T15:22:01Z","osm_type":"way","osm_id":260290927,"osm_url":"https://www.openstreetmap.org/way/260290927","source_timestamp":"2026-07-15T15:22:01Z","scenario_only":false,"layer":"building","name":"Mapped building footprint","osm_building":"yes","context_scope":"candidate-site building check","height_m":11.0},"geometry":{"type":"Polygon","coordinates":[[[-122.4257584,37.760116],[-122.4257661,37.7601998],[-122.4257598,37.7602002],[-122.4255343,37.7602131],[-122.4255335,37.7602044],[-122.4254812,37.7602074],[-122.4254753,37.7601424],[-122.4255274,37.7601394],[-122.4255265,37.7601292],[-122.4257584,37.760116]]]}},{"type":"Feature","id":"osm-land-building-260290928","properties":{"source":"© OpenStreetMap contributors; OSM way/260290928 (ODbL), snapshot 2026-07-15T15:22:01Z","osm_type":"way","osm_id":260290928,"osm_url":"https://www.openstreetmap.org/way/260290928","source_timestamp":"2026-07-15T15:22:01Z","scenario_only":false,"layer":"building","name":"Mapped building footprint","osm_building":"yes","context_scope":"candidate-site building check","height_m":10.0},"geometry":{"type":"Polygon","coordinates":[[[-122.4258258,37.7607982],[-122.4258331,37.7608782],[-122.4258303,37.7608783],[-122.4256525,37.7608885],[-122.4256515,37.7608778],[-122.4255876,37.7608814],[-122.4255823,37.760823],[-122.425646,37.7608194],[-122.425645,37.7608086],[-122.4258258,37.7607982]]]}},{"type":"Feature","id":"osm-land-building-260290930","properties":{"source":"© OpenStreetMap contributors; OSM way/260290930 (ODbL), snapshot 2026-07-15T15:22:01Z","osm_type":"way","osm_id":260290930,"osm_url":"https://www.openstreetmap.org/way/260290930","source_timestamp":"2026-07-15T15:22:01Z","scenario_only":false,"layer":"building","name":"Mapped building footprint","osm_building":"yes","context_scope":"candidate-site building check","height_m":9.0},"geometry":{"type":"Polygon","coordinates":[[[-122.4255343,37.7602131],[-122.4257598,37.7602002],[-122.4257673,37.7602826],[-122.4255242,37.7602965],[-122.4255226,37.7602785],[-122.4255003,37.7602797],[-122.4254958,37.76023],[-122.4255181,37.7602288],[-122.4255167,37.7602141],[-122.4255343,37.7602131]]]}},{"type":"Feature","id":"osm-land-building-260314284","properties":{"source":"© OpenStreetMap contributors; OSM way/260314284 (ODbL), snapshot 2026-07-15T15:22:01Z","osm_type":"way","osm_id":260314284,"osm_url":"https://www.openstreetmap.org/way/260314284","source_timestamp":"2026-07-15T15:22:01Z","scenario_only":false,"layer":"building","name":"Mapped building footprint","osm_building":"yes","context_scope":"candidate-site building check","height_m":7.0},"geometry":{"type":"Polygon","coordinates":[[[-122.429611,37.7627407],[-122.4295255,37.7627456],[-122.4295251,37.7627411],[-122.4295109,37.762588],[-122.4295,37.7624699],[-122.4294816,37.7624709],[-122.4294735,37.7623829],[-122.4295774,37.7623769],[-122.429595,37.7625675],[-122.4296047,37.7626725],[-122.429611,37.7627407]]]}},{"type":"Feature","id":"osm-land-building-260314285","properties":{"source":"© OpenStreetMap contributors; OSM way/260314285 (ODbL), snapshot 2026-07-15T15:22:01Z","osm_type":"way","osm_id":260314285,"osm_url":"https://www.openstreetmap.org/way/260314285","source_timestamp":"2026-07-15T15:22:01Z","scenario_only":false,"layer":"building","name":"Mapped building footprint","osm_building":"yes","context_scope":"candidate-site building check","height_m":11.0},"geometry":{"type":"Polygon","coordinates":[[[-122.4297717,37.7626169],[-122.4297795,37.7627019],[-122.4297801,37.7627081],[-122.4296995,37.7627127],[-122.4296993,37.7627103],[-122.4296856,37.7625622],[-122.4296808,37.7625099],[-122.4297298,37.762507],[-122.4297386,37.7626023],[-122.4297701,37.7626005],[-122.4297717,37.7626169]]]}},{"type":"Feature","id":"osm-land-building-260314287","properties":{"source":"© OpenStreetMap contributors; OSM way/260314287 (ODbL), snapshot 2026-07-15T15:22:01Z","osm_type":"way","osm_id":260314287,"osm_url":"https://www.openstreetmap.org/way/260314287","source_timestamp":"2026-07-15T15:22:01Z","scenario_only":false,"layer":"building","name":"Mapped building footprint","osm_building":"yes","context_scope":"candidate-site building check","height_m":9.0},"geometry":{"type":"Polygon","coordinates":[[[-122.4300657,37.7625535],[-122.4300597,37.7624884],[-122.4300548,37.762436],[-122.4300432,37.7623092],[-122.4302391,37.7622979],[-122.4302463,37.7623756],[-122.4302514,37.7624308],[-122.4302762,37.7627003],[-122.4300802,37.7627116],[-122.4300789,37.7626967],[-122.4300657,37.7625535]]]}},{"type":"Feature","id":"osm-land-building-260314288","properties":{"source":"© OpenStreetMap contributors; OSM way/260314288 (ODbL), snapshot 2026-07-15T15:22:01Z","osm_type":"way","osm_id":260314288,"osm_url":"https://www.openstreetmap.org/way/260314288","source_timestamp":"2026-07-15T15:22:01Z","scenario_only":false,"layer":"building","name":"Mapped building footprint","osm_building":"yes","context_scope":"candidate-site building check","height_m":10.0},"geometry":{"type":"Polygon","coordinates":[[[-122.4296993,37.7627103],[-122.4296168,37.7627151],[-122.4296128,37.762672],[-122.4296047,37.7626725],[-122.429595,37.7625675],[-122.4296072,37.7625668],[-122.4296023,37.7625133],[-122.4296661,37.7625096],[-122.429671,37.7625631],[-122.4296856,37.7625622],[-122.4296993,37.7627103]]]}},{"type":"Feature","id":"osm-land-building-260314292","properties":{"source":"© OpenStreetMap contributors; OSM way/260314292 (ODbL), snapshot 2026-07-15T15:22:01Z","osm_type":"way","osm_id":260314292,"osm_url":"https://www.openstreetmap.org/way/260314292","source_timestamp":"2026-07-15T15:22:01Z","scenario_only":false,"layer":"building","name":"Mapped building footprint","osm_building":"yes","context_scope":"candidate-site building check","height_m":9.0},"geometry":{"type":"Polygon","coordinates":[[[-122.4294414,37.7627212],[-122.429401,37.7627236],[-122.4294018,37.7627322],[-122.4293704,37.7627341],[-122.4293695,37.7627254],[-122.4293606,37.762726],[-122.4293532,37.762647],[-122.4293481,37.7625934],[-122.4293436,37.7625453],[-122.4294108,37.7625414],[-122.4294174,37.762612],[-122.4294311,37.7626112],[-122.4294414,37.7627212]]]}},{"type":"Feature","id":"osm-land-building-260314294","properties":{"source":"© OpenStreetMap contributors; OSM way/260314294 (ODbL), snapshot 2026-07-15T15:22:01Z","osm_type":"way","osm_id":260314294,"osm_url":"https://www.openstreetmap.org/way/260314294","source_timestamp":"2026-07-15T15:22:01Z","scenario_only":false,"layer":"building","name":"Mapped building footprint","osm_building":"yes","context_scope":"candidate-site building check","height_m":10.0},"geometry":{"type":"Polygon","coordinates":[[[-122.4298356,37.7625138],[-122.4298393,37.7625535],[-122.4298565,37.7625525],[-122.429866,37.7626553],[-122.4298491,37.7626563],[-122.4298529,37.7626976],[-122.4297795,37.7627019],[-122.4297717,37.7626169],[-122.4297878,37.762616],[-122.4297823,37.762557],[-122.4297755,37.7625574],[-122.4297718,37.7625174],[-122.4298356,37.7625138]]]}},{"type":"Feature","id":"osm-land-building-260314295","properties":{"source":"© OpenStreetMap contributors; OSM way/260314295 (ODbL), snapshot 2026-07-15T15:22:01Z","osm_type":"way","osm_id":260314295,"osm_url":"https://www.openstreetmap.org/way/260314295","source_timestamp":"2026-07-15T15:22:01Z","scenario_only":false,"layer":"building","name":"Mapped building footprint","osm_building":"yes","context_scope":"candidate-site building check","height_m":9.0},"geometry":{"type":"Polygon","coordinates":[[[-122.4293544,37.7627561],[-122.4293414,37.7627569],[-122.4292816,37.7627604],[-122.4292712,37.7627518],[-122.4292642,37.7626774],[-122.4292739,37.7626768],[-122.4292713,37.7626486],[-122.4292616,37.7626492],[-122.4292568,37.7625988],[-122.4293481,37.7625934],[-122.4293532,37.762647],[-122.4293442,37.7626475],[-122.4293536,37.7627475],[-122.4293544,37.7627561]]]}},{"type":"Feature","id":"osm-land-building-260314296","properties":{"source":"© OpenStreetMap contributors; OSM way/260314296 (ODbL), snapshot 2026-07-15T15:22:01Z","osm_type":"way","osm_id":260314296,"osm_url":"https://www.openstreetmap.org/way/260314296","source_timestamp":"2026-07-15T15:22:01Z","scenario_only":false,"layer":"building","name":"Mapped building footprint","osm_building":"yes","context_scope":"candidate-site building check","height_m":7.0},"geometry":{"type":"Polygon","coordinates":[[[-122.4299924,37.7625578],[-122.4300025,37.7626678],[-122.4299496,37.7626708],[-122.4299527,37.7627037],[-122.4299102,37.7627062],[-122.4299095,37.7626981],[-122.429902,37.7626986],[-122.4299,37.7626764],[-122.4298681,37.7626783],[-122.429866,37.7626553],[-122.4298565,37.7625525],[-122.4298537,37.7625222],[-122.4299395,37.7625172],[-122.4299425,37.7625501],[-122.4299914,37.7625472],[-122.4299924,37.7625578]]]}},{"type":"Feature","id":"osm-land-building-260314300","properties":{"source":"© OpenStreetMap contributors; OSM way/260314300 (ODbL), snapshot 2026-07-15T15:22:01Z","osm_type":"way","osm_id":260314300,"osm_url":"https://www.openstreetmap.org/way/260314300","source_timestamp":"2026-07-15T15:22:01Z","scenario_only":false,"layer":"building","name":"Mapped building footprint","osm_building":"yes","context_scope":"candidate-site building check","height_m":10.0},"geometry":{"type":"Polygon","coordinates":[[[-122.4295109,37.762588],[-122.4295251,37.7627411],[-122.4294635,37.7627447],[-122.4294493,37.7625915],[-122.4295109,37.762588]]]}},{"type":"Feature","id":"osm-land-building-260314301","properties":{"source":"© OpenStreetMap contributors; OSM way/260314301 (ODbL), snapshot 2026-07-15T15:22:01Z","osm_type":"way","osm_id":260314301,"osm_url":"https://www.openstreetmap.org/way/260314301","source_timestamp":"2026-07-15T15:22:01Z","scenario_only":false,"layer":"building","name":"Mapped building footprint","osm_building":"yes","context_scope":"candidate-site building check","height_m":12.0},"geometry":{"type":"Polygon","coordinates":[[[-122.4290758,37.7625888],[-122.429093,37.762772],[-122.4290101,37.7627769],[-122.4289929,37.7625936],[-122.4290758,37.7625888]]]}},{"type":"Feature","id":"osm-land-building-260314303","properties":{"source":"© OpenStreetMap contributors; OSM way/260314303 (ODbL), snapshot 2026-07-15T15:22:01Z","osm_type":"way","osm_id":260314303,"osm_url":"https://www.openstreetmap.org/way/260314303","source_timestamp":"2026-07-15T15:22:01Z","scenario_only":false,"layer":"building","name":"Mapped building footprint","osm_building":"yes","context_scope":"candidate-site building check","height_m":9.0},"geometry":{"type":"Polygon","coordinates":[[[-122.4300657,37.7625535],[-122.4300789,37.7626967],[-122.4300056,37.7627009],[-122.4300025,37.7626678],[-122.4299924,37.7625578],[-122.4300657,37.7625535]]]}},{"type":"Feature","id":"osm-land-building-260314305","properties":{"source":"© OpenStreetMap contributors; OSM way/260314305 (ODbL), snapshot 2026-07-15T15:22:01Z","osm_type":"way","osm_id":260314305,"osm_url":"https://www.openstreetmap.org/way/260314305","source_timestamp":"2026-07-15T15:22:01Z","scenario_only":false,"layer":"building","name":"Mapped building footprint","osm_building":"yes","context_scope":"candidate-site building check","height_m":12.0},"geometry":{"type":"Polygon","coordinates":[[[-122.4288555,37.7627916],[-122.4286512,37.7628036],[-122.4286339,37.762619],[-122.4287635,37.7626114],[-122.4288381,37.762607],[-122.4288555,37.7627916]]]}},{"type":"Feature","id":"osm-land-building-260314306","properties":{"source":"© OpenStreetMap contributors; OSM way/260314306 (ODbL), snapshot 2026-07-15T15:22:01Z","osm_type":"way","osm_id":260314306,"osm_url":"https://www.openstreetmap.org/way/260314306","source_timestamp":"2026-07-15T15:22:01Z","scenario_only":false,"layer":"building","name":"Mapped building footprint","osm_building":"yes","context_scope":"candidate-site building check","height_m":12.0},"geometry":{"type":"Polygon","coordinates":[[[-122.4291823,37.7627694],[-122.4290932,37.7627746],[-122.429093,37.762772],[-122.4290758,37.7625888],[-122.4291649,37.7625835],[-122.4291668,37.7626037],[-122.4291823,37.7627694]]]}},{"type":"Feature","id":"osm-land-building-260314307","properties":{"source":"© OpenStreetMap contributors; OSM way/260314307 (ODbL), snapshot 2026-07-15T15:22:01Z","osm_type":"way","osm_id":260314307,"osm_url":"https://www.openstreetmap.org/way/260314307","source_timestamp":"2026-07-15T15:22:01Z","scenario_only":false,"layer":"building","name":"Mapped building footprint","osm_building":"yes","context_scope":"candidate-site building check","height_m":12.0},"geometry":{"type":"Polygon","coordinates":[[[-122.4289929,37.7625936],[-122.4290101,37.7627769],[-122.4290106,37.7627825],[-122.4288555,37.7627916],[-122.4288381,37.762607],[-122.4288357,37.7625812],[-122.4289908,37.7625721],[-122.4289929,37.7625936]]]}},{"type":"Feature","id":"osm-land-building-260314316","properties":{"source":"© OpenStreetMap contributors; OSM way/260314316 (ODbL), snapshot 2026-07-15T15:22:01Z","osm_type":"way","osm_id":260314316,"osm_url":"https://www.openstreetmap.org/way/260314316","source_timestamp":"2026-07-15T15:22:01Z","scenario_only":false,"layer":"building","name":"Mapped building footprint","osm_building":"yes","context_scope":"candidate-site building check","height_m":9.0},"geometry":{"type":"Polygon","coordinates":[[[-122.4292712,37.7627518],[-122.4292723,37.7627641],[-122.4291823,37.7627694],[-122.4291668,37.7626037],[-122.4292478,37.7625989],[-122.4292528,37.7626523],[-122.4292442,37.7626528],[-122.4292466,37.7626784],[-122.4292642,37.7626774],[-122.4292712,37.7627518]]]}},{"type":"Feature","id":"osm-land-building-260351411","properties":{"source":"© OpenStreetMap contributors; OSM way/260351411 (ODbL), snapshot 2026-07-15T15:22:01Z","osm_type":"way","osm_id":260351411,"osm_url":"https://www.openstreetmap.org/way/260351411","source_timestamp":"2026-07-15T15:22:01Z","scenario_only":false,"layer":"building","name":"Berek Winter","osm_building":"yes","context_scope":"candidate-site building check","height_m":14.0},"geometry":{"type":"Polygon","coordinates":[[[-122.4191666,37.764989],[-122.4191422,37.7647182],[-122.4192287,37.7647134],[-122.4194165,37.7647028],[-122.4195211,37.764697],[-122.4195219,37.7647056],[-122.41954,37.7649102],[-122.4195454,37.7649677],[-122.4191666,37.764989]]]}},{"type":"Feature","id":"osm-land-building-260351412","properties":{"source":"© OpenStreetMap contributors; OSM way/260351412 (ODbL), snapshot 2026-07-15T15:22:01Z","osm_type":"way","osm_id":260351412,"osm_url":"https://www.openstreetmap.org/way/260351412","source_timestamp":"2026-07-15T15:22:01Z","scenario_only":false,"layer":"building","name":"Mission Plaza","osm_building":"yes","context_scope":"candidate-site building check","height_m":14.0},"geometry":{"type":"Polygon","coordinates":[[[-122.4194571,37.764152],[-122.4195043,37.7646766],[-122.4194146,37.7646816],[-122.4194165,37.7647028],[-122.4192287,37.7647134],[-122.4192117,37.7645245],[-122.419197,37.7645253],[-122.4191815,37.7645239],[-122.419167,37.7645204],[-122.4191593,37.7645121],[-122.4191574,37.7644971],[-122.4191674,37.7644834],[-122.4191788,37.7644784],[-122.4191926,37.7644763],[-122.4191779,37.7643122],[-122.4191925,37.7643114],[-122.4191796,37.7641676],[-122.4194571,37.764152]]]}},{"type":"Feature","id":"osm-land-building-260351413","properties":{"source":"© OpenStreetMap contributors; OSM way/260351413 (ODbL), snapshot 2026-07-15T15:22:01Z","osm_type":"way","osm_id":260351413,"osm_url":"https://www.openstreetmap.org/way/260351413","source_timestamp":"2026-07-15T15:22:01Z","scenario_only":false,"layer":"building","name":"Mapped building footprint","osm_building":"yes","context_scope":"candidate-site building check","height_m":13.0},"geometry":{"type":"Polygon","coordinates":[[[-122.4187289,37.7641927],[-122.4189833,37.7641784],[-122.4190123,37.7645009],[-122.4190223,37.7645003],[-122.4190437,37.764515],[-122.4190459,37.7645391],[-122.4191335,37.7645342],[-122.4191499,37.7645437],[-122.4191582,37.7646356],[-122.4190811,37.76464],[-122.4190838,37.7646703],[-122.4187734,37.7646878],[-122.4187289,37.7641927]]]}},{"type":"Feature","id":"osm-land-building-260351419","properties":{"source":"© OpenStreetMap contributors; OSM way/260351419 (ODbL), snapshot 2026-07-15T15:22:01Z","osm_type":"way","osm_id":260351419,"osm_url":"https://www.openstreetmap.org/way/260351419","source_timestamp":"2026-07-15T15:22:01Z","scenario_only":false,"layer":"building","name":"Mapped building footprint","osm_building":"yes","context_scope":"candidate-site building check","height_m":11.0},"geometry":{"type":"Polygon","coordinates":[[[-122.4187043,37.7639196],[-122.4190688,37.7638991],[-122.4190933,37.7641723],[-122.4189833,37.7641784],[-122.4187289,37.7641927],[-122.4187043,37.7639196]]]}},{"type":"Feature","id":"osm-land-building-260351420","properties":{"source":"© OpenStreetMap contributors; OSM way/260351420 (ODbL), snapshot 2026-07-15T15:22:01Z","osm_type":"way","osm_id":260351420,"osm_url":"https://www.openstreetmap.org/way/260351420","source_timestamp":"2026-07-15T15:22:01Z","scenario_only":false,"layer":"building","name":"Mapped building footprint","osm_building":"yes","context_scope":"candidate-site building check","height_m":11.0},"geometry":{"type":"Polygon","coordinates":[[[-122.4194386,37.763946],[-122.4194571,37.764152],[-122.4191796,37.7641676],[-122.419137,37.76417],[-122.4191185,37.763964],[-122.4191284,37.7639635],[-122.4194386,37.763946]]]}},{"type":"Feature","id":"osm-land-building-260351421","properties":{"source":"© OpenStreetMap contributors; OSM way/260351421 (ODbL), snapshot 2026-07-15T15:22:01Z","osm_type":"way","osm_id":260351421,"osm_url":"https://www.openstreetmap.org/way/260351421","source_timestamp":"2026-07-15T15:22:01Z","scenario_only":false,"layer":"building","name":"Mapped building footprint","osm_building":"yes","context_scope":"candidate-site building check","height_m":12.0},"geometry":{"type":"Polygon","coordinates":[[[-122.4194361,37.7638785],[-122.4194422,37.7639458],[-122.4194386,37.763946],[-122.4191284,37.7639635],[-122.4191258,37.7639341],[-122.4191937,37.7639303],[-122.4191902,37.7638923],[-122.4194361,37.7638785]]]}},{"type":"Feature","id":"osm-land-building-260351422","properties":{"source":"© OpenStreetMap contributors; OSM way/260351422 (ODbL), snapshot 2026-07-15T15:22:01Z","osm_type":"way","osm_id":260351422,"osm_url":"https://www.openstreetmap.org/way/260351422","source_timestamp":"2026-07-15T15:22:01Z","scenario_only":false,"layer":"building","name":"Mapped building footprint","osm_building":"yes","context_scope":"candidate-site building check","height_m":19.0},"geometry":{"type":"Polygon","coordinates":[[[-122.419018,37.7649973],[-122.4189992,37.7647884],[-122.4189758,37.7647897],[-122.4189706,37.7647323],[-122.4189702,37.7647279],[-122.4191422,37.7647182],[-122.4191666,37.764989],[-122.419018,37.7649973]]]}},{"type":"Feature","id":"osm-land-building-260351423","properties":{"source":"© OpenStreetMap contributors; OSM way/260351423 (ODbL), snapshot 2026-07-15T15:22:01Z","osm_type":"way","osm_id":260351423,"osm_url":"https://www.openstreetmap.org/way/260351423","source_timestamp":"2026-07-15T15:22:01Z","scenario_only":false,"layer":"building","name":"Victoria Theatre","osm_building":"theatre","context_scope":"candidate-site building check","height_m":13.0},"geometry":{"type":"Polygon","coordinates":[[[-122.418786,37.7647426],[-122.4189706,37.7647323],[-122.4189758,37.7647897],[-122.4189939,37.7649907],[-122.4189434,37.7649936],[-122.4189455,37.7650166],[-122.4189461,37.7650233],[-122.4188646,37.7650279],[-122.418864,37.7650215],[-122.4188619,37.7649981],[-122.4188092,37.7650011],[-122.418786,37.7647426]]]}},{"type":"Feature","id":"osm-land-building-260353676","properties":{"source":"© OpenStreetMap contributors; OSM way/260353676 (ODbL), snapshot 2026-07-15T15:22:01Z","osm_type":"way","osm_id":260353676,"osm_url":"https://www.openstreetmap.org/way/260353676","source_timestamp":"2026-07-15T15:22:01Z","scenario_only":false,"layer":"building","name":"Wells Fargo","osm_building":"yes","context_scope":"candidate-site building check","height_m":6.0},"geometry":{"type":"Polygon","coordinates":[[[-122.4203469,37.7646534],[-122.4203532,37.7647298],[-122.4203628,37.7647293],[-122.4203764,37.7648918],[-122.4203668,37.7648923],[-122.4203688,37.7649156],[-122.4201789,37.7649255],[-122.4201782,37.7649161],[-122.4201748,37.7649163],[-122.4201736,37.7649012],[-122.4201684,37.7649015],[-122.420155,37.7647412],[-122.4201635,37.7647408],[-122.420157,37.7646634],[-122.4203469,37.7646534]]]}},{"type":"Feature","id":"osm-land-building-260353678","properties":{"source":"© OpenStreetMap contributors; OSM way/260353678 (ODbL), snapshot 2026-07-15T15:22:01Z","osm_type":"way","osm_id":260353678,"osm_url":"https://www.openstreetmap.org/way/260353678","source_timestamp":"2026-07-15T15:22:01Z","scenario_only":false,"layer":"building","name":"Mapped building footprint","osm_building":"yes","context_scope":"candidate-site building check","height_m":10.0},"geometry":{"type":"Polygon","coordinates":[[[-122.4197667,37.7644134],[-122.4200468,37.7643976],[-122.4200976,37.7643947],[-122.4200988,37.7644074],[-122.4201232,37.764406],[-122.4201256,37.7644327],[-122.4201174,37.7644331],[-122.42012,37.7644611],[-122.4197733,37.7644813],[-122.4197667,37.7644134]]]}},{"type":"Feature","id":"osm-land-building-260353681","properties":{"source":"© OpenStreetMap contributors; OSM way/260353681 (ODbL), snapshot 2026-07-15T15:22:01Z","osm_type":"way","osm_id":260353681,"osm_url":"https://www.openstreetmap.org/way/260353681","source_timestamp":"2026-07-15T15:22:01Z","scenario_only":false,"layer":"building","name":"Mapped building footprint","osm_building":"yes","context_scope":"candidate-site building check","height_m":12.0},"geometry":{"type":"Polygon","coordinates":[[[-122.4204653,37.7644345],[-122.4204732,37.7645288],[-122.4202615,37.7645398],[-122.4202607,37.7645303],[-122.4201671,37.7645352],[-122.4201637,37.7644951],[-122.4201749,37.7644945],[-122.4201723,37.7644635],[-122.4202417,37.7644599],[-122.4202413,37.7644545],[-122.4203283,37.76445],[-122.4203276,37.7644417],[-122.4204653,37.7644345]]]}},{"type":"Feature","id":"osm-land-building-260353682","properties":{"source":"© OpenStreetMap contributors; OSM way/260353682 (ODbL), snapshot 2026-07-15T15:22:01Z","osm_type":"way","osm_id":260353682,"osm_url":"https://www.openstreetmap.org/way/260353682","source_timestamp":"2026-07-15T15:22:01Z","scenario_only":false,"layer":"building","name":"Mapped building footprint","osm_building":"yes","context_scope":"candidate-site building check","height_m":6.0},"geometry":{"type":"Polygon","coordinates":[[[-122.4197371,37.7641602],[-122.4201369,37.7641386],[-122.4201418,37.7641383],[-122.4201473,37.7642019],[-122.4200164,37.7642089],[-122.4197471,37.7642235],[-122.4197461,37.7642121],[-122.4197323,37.7642128],[-122.4197306,37.7641932],[-122.4197003,37.7641948],[-122.419699,37.7641799],[-122.4197293,37.7641782],[-122.4197278,37.7641607],[-122.4197371,37.7641602]]]}},{"type":"Feature","id":"osm-land-building-260353684","properties":{"source":"© OpenStreetMap contributors; OSM way/260353684 (ODbL), snapshot 2026-07-15T15:22:01Z","osm_type":"way","osm_id":260353684,"osm_url":"https://www.openstreetmap.org/way/260353684","source_timestamp":"2026-07-15T15:22:01Z","scenario_only":false,"layer":"building","name":"Mapped building footprint","osm_building":"yes","context_scope":"candidate-site building check","height_m":7.0},"geometry":{"type":"Polygon","coordinates":[[[-122.4201132,37.7645904],[-122.4201187,37.7646522],[-122.4200507,37.764656],[-122.419791,37.7646703],[-122.4197855,37.7646085],[-122.4201132,37.7645904]]]}},{"type":"Feature","id":"osm-land-building-260353685","properties":{"source":"© OpenStreetMap contributors; OSM way/260353685 (ODbL), snapshot 2026-07-15T15:22:01Z","osm_type":"way","osm_id":260353685,"osm_url":"https://www.openstreetmap.org/way/260353685","source_timestamp":"2026-07-15T15:22:01Z","scenario_only":false,"layer":"building","name":"Mapped building footprint","osm_building":"yes","context_scope":"candidate-site building check","height_m":8.0},"geometry":{"type":"Polygon","coordinates":[[[-122.4200995,37.7640736],[-122.4201311,37.7640719],[-122.4201369,37.7641386],[-122.4197371,37.7641602],[-122.4197314,37.7640935],[-122.4200995,37.7640736]]]}},{"type":"Feature","id":"osm-land-building-260353686","properties":{"source":"© OpenStreetMap contributors; OSM way/260353686 (ODbL), snapshot 2026-07-15T15:22:01Z","osm_type":"way","osm_id":260353686,"osm_url":"https://www.openstreetmap.org/way/260353686","source_timestamp":"2026-07-15T15:22:01Z","scenario_only":false,"layer":"building","name":"Mapped building footprint","osm_building":"yes","context_scope":"candidate-site building check","height_m":11.0},"geometry":{"type":"Polygon","coordinates":[[[-122.4197217,37.7639629],[-122.4200342,37.763946],[-122.4200398,37.7640111],[-122.4197153,37.7640287],[-122.4197097,37.7639636],[-122.4197217,37.7639629]]]}},{"type":"Feature","id":"osm-land-building-260353690","properties":{"source":"© OpenStreetMap contributors; OSM way/260353690 (ODbL), snapshot 2026-07-15T15:22:01Z","osm_type":"way","osm_id":260353690,"osm_url":"https://www.openstreetmap.org/way/260353690","source_timestamp":"2026-07-15T15:22:01Z","scenario_only":false,"layer":"building","name":"Mapped building footprint","osm_building":"yes","context_scope":"candidate-site building check","height_m":7.0},"geometry":{"type":"Polygon","coordinates":[[[-122.4201074,37.7645263],[-122.4201132,37.7645904],[-122.4197855,37.7646085],[-122.4197797,37.7645449],[-122.4201074,37.7645263]]]}},{"type":"Feature","id":"osm-land-building-260353691","properties":{"source":"© OpenStreetMap contributors; OSM way/260353691 (ODbL), snapshot 2026-07-15T15:22:01Z","osm_type":"way","osm_id":260353691,"osm_url":"https://www.openstreetmap.org/way/260353691","source_timestamp":"2026-07-15T15:22:01Z","scenario_only":false,"layer":"building","name":"Union Hotel","osm_building":"yes","context_scope":"candidate-site building check","height_m":13.0},"geometry":{"type":"Polygon","coordinates":[[[-122.42012,37.7644611],[-122.420126,37.7645249],[-122.4201074,37.7645263],[-122.4197797,37.7645449],[-122.4197733,37.7644813],[-122.42012,37.7644611]]]}},{"type":"Feature","id":"osm-land-building-260353692","properties":{"source":"© OpenStreetMap contributors; OSM way/260353692 (ODbL), snapshot 2026-07-15T15:22:01Z","osm_type":"way","osm_id":260353692,"osm_url":"https://www.openstreetmap.org/way/260353692","source_timestamp":"2026-07-15T15:22:01Z","scenario_only":false,"layer":"building","name":"Mapped building footprint","osm_building":"yes","context_scope":"candidate-site building check","height_m":13.0},"geometry":{"type":"Polygon","coordinates":[[[-122.4204732,37.7645288],[-122.4204813,37.7645284],[-122.4204908,37.7646427],[-122.4202584,37.7646548],[-122.4202488,37.7645405],[-122.4202615,37.7645398],[-122.4204732,37.7645288]]]}},{"type":"Feature","id":"osm-land-building-260353693","properties":{"source":"© OpenStreetMap contributors; OSM way/260353693 (ODbL), snapshot 2026-07-15T15:22:01Z","osm_type":"way","osm_id":260353693,"osm_url":"https://www.openstreetmap.org/way/260353693","source_timestamp":"2026-07-15T15:22:01Z","scenario_only":false,"layer":"building","name":"Mapped building footprint","osm_building":"yes","context_scope":"candidate-site building check","height_m":5.0},"geometry":{"type":"Polygon","coordinates":[[[-122.4200668,37.7643368],[-122.4200685,37.7643556],[-122.4200433,37.764357],[-122.4200468,37.7643976],[-122.4197667,37.7644134],[-122.4197608,37.7643534],[-122.4200668,37.7643368]]]}},{"type":"Feature","id":"osm-land-building-260353694","properties":{"source":"© OpenStreetMap contributors; OSM way/260353694 (ODbL), snapshot 2026-07-15T15:22:01Z","osm_type":"way","osm_id":260353694,"osm_url":"https://www.openstreetmap.org/way/260353694","source_timestamp":"2026-07-15T15:22:01Z","scenario_only":false,"layer":"building","name":"Mapped building footprint","osm_building":"yes","context_scope":"candidate-site building check","height_m":11.0},"geometry":{"type":"Polygon","coordinates":[[[-122.4200398,37.7640111],[-122.4200938,37.7640082],[-122.4200995,37.7640736],[-122.4197314,37.7640935],[-122.419721,37.7640941],[-122.4197153,37.7640287],[-122.4200398,37.7640111]]]}},{"type":"Feature","id":"osm-land-building-260353696","properties":{"source":"© OpenStreetMap contributors; OSM way/260353696 (ODbL), snapshot 2026-07-15T15:22:01Z","osm_type":"way","osm_id":260353696,"osm_url":"https://www.openstreetmap.org/way/260353696","source_timestamp":"2026-07-15T15:22:01Z","scenario_only":false,"layer":"building","name":"Mapped building footprint","osm_building":"yes","context_scope":"candidate-site building check","height_m":12.0},"geometry":{"type":"Polygon","coordinates":[[[-122.4197471,37.7642235],[-122.4200164,37.7642089],[-122.4200216,37.7642691],[-122.4197418,37.7642842],[-122.4197381,37.7642844],[-122.4197329,37.7642243],[-122.4197471,37.7642235]]]}},{"type":"Feature","id":"osm-land-building-260353698","properties":{"source":"© OpenStreetMap contributors; OSM way/260353698 (ODbL), snapshot 2026-07-15T15:22:01Z","osm_type":"way","osm_id":260353698,"osm_url":"https://www.openstreetmap.org/way/260353698","source_timestamp":"2026-07-15T15:22:01Z","scenario_only":false,"layer":"building","name":"Mapped building footprint","osm_building":"yes","context_scope":"candidate-site building check","height_m":12.0},"geometry":{"type":"Polygon","coordinates":[[[-122.4201542,37.7643745],[-122.4204589,37.7643586],[-122.4204653,37.7644345],[-122.4203276,37.7644417],[-122.4201692,37.7644499],[-122.420166,37.7644117],[-122.4201573,37.7644122],[-122.4201542,37.7643745]]]}},{"type":"Feature","id":"osm-land-building-260353702","properties":{"source":"© OpenStreetMap contributors; OSM way/260353702 (ODbL), snapshot 2026-07-15T15:22:01Z","osm_type":"way","osm_id":260353702,"osm_url":"https://www.openstreetmap.org/way/260353702","source_timestamp":"2026-07-15T15:22:01Z","scenario_only":false,"layer":"building","name":"Mapped building footprint","osm_building":"yes","context_scope":"candidate-site building check","height_m":8.0},"geometry":{"type":"Polygon","coordinates":[[[-122.4200216,37.7642691],[-122.4201545,37.7642619],[-122.4201629,37.7643584],[-122.4201084,37.7643614],[-122.4201061,37.7643347],[-122.4200668,37.7643368],[-122.4197608,37.7643534],[-122.4197478,37.7643541],[-122.4197418,37.7642842],[-122.4200216,37.7642691]]]}},{"type":"Feature","id":"osm-land-building-260468157","properties":{"source":"© OpenStreetMap contributors; OSM way/260468157 (ODbL), snapshot 2026-07-15T15:22:01Z","osm_type":"way","osm_id":260468157,"osm_url":"https://www.openstreetmap.org/way/260468157","source_timestamp":"2026-07-15T15:22:01Z","scenario_only":false,"layer":"building","name":"Mapped building footprint","osm_building":"yes","context_scope":"candidate-site building check","height_m":8.0},"geometry":{"type":"Polygon","coordinates":[[[-122.428173,37.7634921],[-122.4281744,37.7635156],[-122.4281874,37.7635152],[-122.4281903,37.7635642],[-122.4281742,37.7635648],[-122.428178,37.763629],[-122.4280884,37.7636323],[-122.4280865,37.7636017],[-122.4280814,37.7635165],[-122.4280936,37.763516],[-122.4280912,37.7634751],[-122.4281117,37.7634743],[-122.4281103,37.7634517],[-122.4281618,37.7634498],[-122.4281644,37.7634924],[-122.428173,37.7634921]]]}},{"type":"Feature","id":"osm-land-building-260468171","properties":{"source":"© OpenStreetMap contributors; OSM way/260468171 (ODbL), snapshot 2026-07-15T15:22:01Z","osm_type":"way","osm_id":260468171,"osm_url":"https://www.openstreetmap.org/way/260468171","source_timestamp":"2026-07-15T15:22:01Z","scenario_only":false,"layer":"building","name":"Mapped building footprint","osm_building":"yes","context_scope":"candidate-site building check","height_m":9.0},"geometry":{"type":"Polygon","coordinates":[[[-122.4282883,37.7630013],[-122.4282876,37.7629899],[-122.4284021,37.7629856],[-122.4284156,37.7632111],[-122.4283184,37.7632148],[-122.4283051,37.7632139],[-122.4282911,37.7630485],[-122.4282883,37.7630013]]]}},{"type":"Feature","id":"osm-land-building-260468172","properties":{"source":"© OpenStreetMap contributors; OSM way/260468172 (ODbL), snapshot 2026-07-15T15:22:01Z","osm_type":"way","osm_id":260468172,"osm_url":"https://www.openstreetmap.org/way/260468172","source_timestamp":"2026-07-15T15:22:01Z","scenario_only":false,"layer":"building","name":"Mapped building footprint","osm_building":"yes","context_scope":"candidate-site building check","height_m":13.0},"geometry":{"type":"Polygon","coordinates":[[[-122.4281974,37.7630047],[-122.4282883,37.7630013],[-122.4282911,37.7630485],[-122.4282815,37.7630489],[-122.4282865,37.7631329],[-122.4282053,37.7631359],[-122.4282049,37.7631299],[-122.4281974,37.7630047]]]}},{"type":"Feature","id":"osm-land-building-260468176","properties":{"source":"© OpenStreetMap contributors; OSM way/260468176 (ODbL), snapshot 2026-07-15T15:22:01Z","osm_type":"way","osm_id":260468176,"osm_url":"https://www.openstreetmap.org/way/260468176","source_timestamp":"2026-07-15T15:22:01Z","scenario_only":false,"layer":"building","name":"Mapped building footprint","osm_building":"yes","context_scope":"candidate-site building check","height_m":9.0},"geometry":{"type":"Polygon","coordinates":[[[-122.4284261,37.7634257],[-122.4284305,37.763499],[-122.4282264,37.7635067],[-122.4282248,37.7634799],[-122.428221,37.76348],[-122.4282201,37.7634637],[-122.4281813,37.7634652],[-122.4281795,37.763435],[-122.4284261,37.7634257]]]}},{"type":"Feature","id":"osm-land-building-260468177","properties":{"source":"© OpenStreetMap contributors; OSM way/260468177 (ODbL), snapshot 2026-07-15T15:22:01Z","osm_type":"way","osm_id":260468177,"osm_url":"https://www.openstreetmap.org/way/260468177","source_timestamp":"2026-07-15T15:22:01Z","scenario_only":false,"layer":"building","name":"Mapped building footprint","osm_building":"yes","context_scope":"candidate-site building check","height_m":10.0},"geometry":{"type":"Polygon","coordinates":[[[-122.4284156,37.7632111],[-122.4284202,37.7632872],[-122.4282014,37.7632954],[-122.4281969,37.7632199],[-122.4282386,37.7632183],[-122.4282389,37.7632236],[-122.4283187,37.7632206],[-122.4283184,37.7632148],[-122.4284156,37.7632111]]]}},{"type":"Feature","id":"osm-land-building-260468178","properties":{"source":"© OpenStreetMap contributors; OSM way/260468178 (ODbL), snapshot 2026-07-15T15:22:01Z","osm_type":"way","osm_id":260468178,"osm_url":"https://www.openstreetmap.org/way/260468178","source_timestamp":"2026-07-15T15:22:01Z","scenario_only":false,"layer":"building","name":"Mapped building footprint","osm_building":"yes","context_scope":"candidate-site building check","height_m":10.0},"geometry":{"type":"Polygon","coordinates":[[[-122.4283686,37.7633576],[-122.4284219,37.7633556],[-122.4284261,37.7634257],[-122.4281795,37.763435],[-122.4281423,37.7634364],[-122.428139,37.7633817],[-122.4282276,37.7633784],[-122.4282267,37.7633629],[-122.4283686,37.7633576]]]}},{"type":"Feature","id":"osm-land-building-260468179","properties":{"source":"© OpenStreetMap contributors; OSM way/260468179 (ODbL), snapshot 2026-07-15T15:22:01Z","osm_type":"way","osm_id":260468179,"osm_url":"https://www.openstreetmap.org/way/260468179","source_timestamp":"2026-07-15T15:22:01Z","scenario_only":false,"layer":"building","name":"Mapped building footprint","osm_building":"yes","context_scope":"candidate-site building check","height_m":10.0},"geometry":{"type":"Polygon","coordinates":[[[-122.4284202,37.7632872],[-122.4284239,37.7633495],[-122.4283682,37.7633516],[-122.4283686,37.7633576],[-122.4282267,37.7633629],[-122.4281486,37.7633658],[-122.4281445,37.7632975],[-122.4282014,37.7632954],[-122.4284202,37.7632872]]]}},{"type":"Feature","id":"osm-land-building-260468180","properties":{"source":"© OpenStreetMap contributors; OSM way/260468180 (ODbL), snapshot 2026-07-15T15:22:01Z","osm_type":"way","osm_id":260468180,"osm_url":"https://www.openstreetmap.org/way/260468180","source_timestamp":"2026-07-15T15:22:01Z","scenario_only":false,"layer":"building","name":"Mapped building footprint","osm_building":"yes","context_scope":"candidate-site building check","height_m":9.0},"geometry":{"type":"Polygon","coordinates":[[[-122.4284305,37.763499],[-122.4284491,37.7634983],[-122.4284544,37.7635869],[-122.4283406,37.763611],[-122.4281934,37.7636165],[-122.4281903,37.7635642],[-122.4281874,37.7635152],[-122.4282269,37.7635137],[-122.4282264,37.7635067],[-122.4284305,37.763499]]]}},{"type":"Feature","id":"osm-land-building-260470611","properties":{"source":"© OpenStreetMap contributors; OSM way/260470611 (ODbL), snapshot 2026-07-15T15:22:01Z","osm_type":"way","osm_id":260470611,"osm_url":"https://www.openstreetmap.org/way/260470611","source_timestamp":"2026-07-15T15:22:01Z","scenario_only":false,"layer":"building","name":"Sanchez Elementary School","osm_building":"school","context_scope":"candidate-site building check","height_m":14.0},"geometry":{"type":"Polygon","coordinates":[[[-122.430374,37.7630135],[-122.4305217,37.7630048],[-122.4305252,37.7630422],[-122.4306066,37.7630374],[-122.4306733,37.7637382],[-122.4306962,37.7637368],[-122.4307052,37.7638314],[-122.4306806,37.7638328],[-122.4306841,37.7638754],[-122.430685,37.7638841],[-122.4306972,37.7640072],[-122.4303304,37.764029],[-122.430328,37.7640033],[-122.4302858,37.7640058],[-122.4302753,37.7638951],[-122.4303079,37.7638931],[-122.4303039,37.7638504],[-122.4304528,37.7638416],[-122.430374,37.7630135]]]}},{"type":"Feature","id":"osm-land-building-260470615","properties":{"source":"© OpenStreetMap contributors; OSM way/260470615 (ODbL), snapshot 2026-07-15T15:22:01Z","osm_type":"way","osm_id":260470615,"osm_url":"https://www.openstreetmap.org/way/260470615","source_timestamp":"2026-07-15T15:22:01Z","scenario_only":false,"layer":"building","name":"Mapped building footprint","osm_building":"yes","context_scope":"candidate-site building check","height_m":4.0},"geometry":{"type":"Polygon","coordinates":[[[-122.4301484,37.7628905],[-122.4301551,37.7629739],[-122.4301554,37.7629765],[-122.4301355,37.7629775],[-122.4301361,37.7629848],[-122.4300725,37.762988],[-122.4300719,37.7629808],[-122.4300506,37.7629819],[-122.4300504,37.7629792],[-122.4300436,37.7628958],[-122.4301484,37.7628905]]]}},{"type":"Feature","id":"osm-land-building-260470617","properties":{"source":"© OpenStreetMap contributors; OSM way/260470617 (ODbL), snapshot 2026-07-15T15:22:01Z","osm_type":"way","osm_id":260470617,"osm_url":"https://www.openstreetmap.org/way/260470617","source_timestamp":"2026-07-15T15:22:01Z","scenario_only":false,"layer":"building","name":"Mapped building footprint","osm_building":"yes","context_scope":"candidate-site building check","height_m":10.0},"geometry":{"type":"Polygon","coordinates":[[[-122.4301811,37.7641176],[-122.4303172,37.7641119],[-122.4303178,37.7641197],[-122.430355,37.7641181],[-122.4303565,37.7641392],[-122.430345,37.7641397],[-122.4303464,37.7641608],[-122.4303205,37.7641619],[-122.4302812,37.7641635],[-122.4302816,37.7641704],[-122.4301849,37.7641745],[-122.4301811,37.7641176]]]}},{"type":"Feature","id":"osm-land-building-260470618","properties":{"source":"© OpenStreetMap contributors; OSM way/260470618 (ODbL), snapshot 2026-07-15T15:22:01Z","osm_type":"way","osm_id":260470618,"osm_url":"https://www.openstreetmap.org/way/260470618","source_timestamp":"2026-07-15T15:22:01Z","scenario_only":false,"layer":"building","name":"Mapped building footprint","osm_building":"yes","context_scope":"candidate-site building check","height_m":7.0},"geometry":{"type":"Polygon","coordinates":[[[-122.4296944,37.7643101],[-122.4296835,37.7641896],[-122.4297093,37.7641881],[-122.4297075,37.7641681],[-122.4297349,37.7641665],[-122.4297367,37.7641863],[-122.4297684,37.7641845],[-122.4297734,37.7642391],[-122.4297824,37.7643383],[-122.4297169,37.764342],[-122.4297139,37.764309],[-122.4296944,37.7643101]]]}},{"type":"Feature","id":"osm-land-building-260470619","properties":{"source":"© OpenStreetMap contributors; OSM way/260470619 (ODbL), snapshot 2026-07-15T15:22:01Z","osm_type":"way","osm_id":260470619,"osm_url":"https://www.openstreetmap.org/way/260470619","source_timestamp":"2026-07-15T15:22:01Z","scenario_only":false,"layer":"building","name":"Mapped building footprint","osm_building":"yes","context_scope":"candidate-site building check","height_m":10.0},"geometry":{"type":"Polygon","coordinates":[[[-122.4303126,37.7640568],[-122.4303131,37.7640639],[-122.4303353,37.7640629],[-122.4303364,37.7640798],[-122.4303526,37.7640792],[-122.4303539,37.7640987],[-122.4303383,37.7640994],[-122.4303165,37.7641003],[-122.4303172,37.7641119],[-122.4301811,37.7641176],[-122.4301774,37.7640625],[-122.4303126,37.7640568]]]}},{"type":"Feature","id":"osm-land-building-260470620","properties":{"source":"© OpenStreetMap contributors; OSM way/260470620 (ODbL), snapshot 2026-07-15T15:22:01Z","osm_type":"way","osm_id":260470620,"osm_url":"https://www.openstreetmap.org/way/260470620","source_timestamp":"2026-07-15T15:22:01Z","scenario_only":false,"layer":"building","name":"Mapped building footprint","osm_building":"yes","context_scope":"candidate-site building check","height_m":13.0},"geometry":{"type":"Polygon","coordinates":[[[-122.4305602,37.7642883],[-122.4305536,37.764208],[-122.4305614,37.7642076],[-122.4305545,37.7641228],[-122.4306308,37.7641189],[-122.4306448,37.7642911],[-122.4306085,37.7642929],[-122.4306093,37.7643024],[-122.4305652,37.7643046],[-122.4305644,37.7642951],[-122.4305607,37.7642953],[-122.4305602,37.7642883]]]}},{"type":"Feature","id":"osm-land-building-260470621","properties":{"source":"© OpenStreetMap contributors; OSM way/260470621 (ODbL), snapshot 2026-07-15T15:22:01Z","osm_type":"way","osm_id":260470621,"osm_url":"https://www.openstreetmap.org/way/260470621","source_timestamp":"2026-07-15T15:22:01Z","scenario_only":false,"layer":"building","name":"Mapped building footprint","osm_building":"yes","context_scope":"candidate-site building check","height_m":12.0},"geometry":{"type":"Polygon","coordinates":[[[-122.4304741,37.7643084],[-122.4304013,37.7643121],[-122.4303949,37.7642342],[-122.4303839,37.7642347],[-122.4303831,37.7642257],[-122.4303768,37.7642261],[-122.4303706,37.7641496],[-122.4304425,37.7641459],[-122.430444,37.7641649],[-122.4304568,37.7641643],[-122.4304663,37.7642804],[-122.4304718,37.7642801],[-122.4304729,37.7642928],[-122.4304741,37.7643084]]]}},{"type":"Feature","id":"osm-land-building-260470622","properties":{"source":"© OpenStreetMap contributors; OSM way/260470622 (ODbL), snapshot 2026-07-15T15:22:01Z","osm_type":"way","osm_id":260470622,"osm_url":"https://www.openstreetmap.org/way/260470622","source_timestamp":"2026-07-15T15:22:01Z","scenario_only":false,"layer":"building","name":"Mapped building footprint","osm_building":"yes","context_scope":"candidate-site building check","height_m":11.0},"geometry":{"type":"Polygon","coordinates":[[[-122.4297684,37.7641845],[-122.4297674,37.7641736],[-122.4297756,37.7641732],[-122.4297734,37.7641495],[-122.4298212,37.7641468],[-122.4298265,37.7641465],[-122.4298286,37.7641701],[-122.4298226,37.7641705],[-122.4298283,37.7642336],[-122.4298562,37.764232],[-122.429864,37.7643174],[-122.4297955,37.7643213],[-122.4297879,37.7642382],[-122.4297734,37.7642391],[-122.4297684,37.7641845]]]}},{"type":"Feature","id":"osm-land-building-260470623","properties":{"source":"© OpenStreetMap contributors; OSM way/260470623 (ODbL), snapshot 2026-07-15T15:22:01Z","osm_type":"way","osm_id":260470623,"osm_url":"https://www.openstreetmap.org/way/260470623","source_timestamp":"2026-07-15T15:22:01Z","scenario_only":false,"layer":"building","name":"Mapped building footprint","osm_building":"yes","context_scope":"candidate-site building check"},"geometry":{"type":"Polygon","coordinates":[[[-122.4304909,37.7628731],[-122.4304975,37.7629549],[-122.4304551,37.7629571],[-122.4304484,37.7628752],[-122.4304909,37.7628731]]]}},{"type":"Feature","id":"osm-land-building-260470624","properties":{"source":"© OpenStreetMap contributors; OSM way/260470624 (ODbL), snapshot 2026-07-15T15:22:01Z","osm_type":"way","osm_id":260470624,"osm_url":"https://www.openstreetmap.org/way/260470624","source_timestamp":"2026-07-15T15:22:01Z","scenario_only":false,"layer":"building","name":"Gai","osm_building":"yes","context_scope":"candidate-site building check","height_m":11.0},"geometry":{"type":"Polygon","coordinates":[[[-122.4299422,37.764164],[-122.4299377,37.764092],[-122.4300458,37.7640878],[-122.4300606,37.7643254],[-122.4299525,37.7643296],[-122.4299422,37.764164]]]}},{"type":"Feature","id":"osm-land-building-260470625","properties":{"source":"© OpenStreetMap contributors; OSM way/260470625 (ODbL), snapshot 2026-07-15T15:22:01Z","osm_type":"way","osm_id":260470625,"osm_url":"https://www.openstreetmap.org/way/260470625","source_timestamp":"2026-07-15T15:22:01Z","scenario_only":false,"layer":"building","name":"Mapped building footprint","osm_building":"yes","context_scope":"candidate-site building check","height_m":8.0},"geometry":{"type":"Polygon","coordinates":[[[-122.4298706,37.7643328],[-122.4298645,37.7642337],[-122.4298747,37.7642333],[-122.4298706,37.7641668],[-122.4299422,37.764164],[-122.4299525,37.7643296],[-122.4298706,37.7643328]]]}},{"type":"Feature","id":"osm-land-building-260470626","properties":{"source":"© OpenStreetMap contributors; OSM way/260470626 (ODbL), snapshot 2026-07-15T15:22:01Z","osm_type":"way","osm_id":260470626,"osm_url":"https://www.openstreetmap.org/way/260470626","source_timestamp":"2026-07-15T15:22:01Z","scenario_only":false,"layer":"building","name":"Mapped building footprint","osm_building":"yes","context_scope":"candidate-site building check","height_m":9.0},"geometry":{"type":"Polygon","coordinates":[[[-122.4296106,37.7643547],[-122.4295025,37.7643608],[-122.4294803,37.7641171],[-122.4295884,37.7641109],[-122.4295942,37.7641744],[-122.4296101,37.7643491],[-122.4296106,37.7643547]]]}},{"type":"Feature","id":"osm-land-building-260470627","properties":{"source":"© OpenStreetMap contributors; OSM way/260470627 (ODbL), snapshot 2026-07-15T15:22:01Z","osm_type":"way","osm_id":260470627,"osm_url":"https://www.openstreetmap.org/way/260470627","source_timestamp":"2026-07-15T15:22:01Z","scenario_only":false,"layer":"building","name":"Mapped building footprint","osm_building":"yes","context_scope":"candidate-site building check"},"geometry":{"type":"Polygon","coordinates":[[[-122.4305836,37.762951],[-122.4305612,37.7629521],[-122.4305618,37.7629593],[-122.4304982,37.7629625],[-122.4304975,37.7629549],[-122.4304909,37.7628731],[-122.4305769,37.7628687],[-122.4305836,37.762951]]]}},{"type":"Feature","id":"osm-land-building-260470628","properties":{"source":"© OpenStreetMap contributors; OSM way/260470628 (ODbL), snapshot 2026-07-15T15:22:01Z","osm_type":"way","osm_id":260470628,"osm_url":"https://www.openstreetmap.org/way/260470628","source_timestamp":"2026-07-15T15:22:01Z","scenario_only":false,"layer":"building","name":"Mapped building footprint","osm_building":"yes","context_scope":"candidate-site building check","height_m":12.0},"geometry":{"type":"Polygon","coordinates":[[[-122.4307436,37.7641132],[-122.4306308,37.7641189],[-122.4306242,37.7640384],[-122.4307352,37.7640328],[-122.4307383,37.7640711],[-122.4307489,37.7640706],[-122.4307523,37.7641127],[-122.4307436,37.7641132]]]}},{"type":"Feature","id":"osm-land-building-260470629","properties":{"source":"© OpenStreetMap contributors; OSM way/260470629 (ODbL), snapshot 2026-07-15T15:22:01Z","osm_type":"way","osm_id":260470629,"osm_url":"https://www.openstreetmap.org/way/260470629","source_timestamp":"2026-07-15T15:22:01Z","scenario_only":false,"layer":"building","name":"Mapped building footprint","osm_building":"yes","context_scope":"candidate-site building check"},"geometry":{"type":"Polygon","coordinates":[[[-122.4304484,37.7628752],[-122.4304551,37.7629571],[-122.4304558,37.7629664],[-122.4303922,37.7629697],[-122.4303916,37.7629619],[-122.4303697,37.762963],[-122.4303629,37.7628796],[-122.4304484,37.7628752]]]}},{"type":"Feature","id":"osm-land-building-260470630","properties":{"source":"© OpenStreetMap contributors; OSM way/260470630 (ODbL), snapshot 2026-07-15T15:22:01Z","osm_type":"way","osm_id":260470630,"osm_url":"https://www.openstreetmap.org/way/260470630","source_timestamp":"2026-07-15T15:22:01Z","scenario_only":false,"layer":"building","name":"Mapped building footprint","osm_building":"yes","context_scope":"candidate-site building check","height_m":8.0},"geometry":{"type":"Polygon","coordinates":[[[-122.4296101,37.7643491],[-122.4295942,37.7641744],[-122.4296816,37.7641694],[-122.4296835,37.7641896],[-122.4296944,37.7643101],[-122.4296521,37.7643125],[-122.4296552,37.7643465],[-122.4296101,37.7643491]]]}},{"type":"Feature","id":"osm-land-building-260470631","properties":{"source":"© OpenStreetMap contributors; OSM way/260470631 (ODbL), snapshot 2026-07-15T15:22:01Z","osm_type":"way","osm_id":260470631,"osm_url":"https://www.openstreetmap.org/way/260470631","source_timestamp":"2026-07-15T15:22:01Z","scenario_only":false,"layer":"building","name":"Mapped building footprint","osm_building":"yes","context_scope":"candidate-site building check","height_m":4.0},"geometry":{"type":"Polygon","coordinates":[[[-122.4303697,37.762963],[-122.4303469,37.7629642],[-122.4303474,37.762971],[-122.4302845,37.7629742],[-122.430284,37.7629673],[-122.4302629,37.7629684],[-122.4302561,37.762885],[-122.4303629,37.7628796],[-122.4303697,37.762963]]]}},{"type":"Feature","id":"osm-land-building-260470632","properties":{"source":"© OpenStreetMap contributors; OSM way/260470632 (ODbL), snapshot 2026-07-15T15:22:01Z","osm_type":"way","osm_id":260470632,"osm_url":"https://www.openstreetmap.org/way/260470632","source_timestamp":"2026-07-15T15:22:01Z","scenario_only":false,"layer":"building","name":"Mapped building footprint","osm_building":"yes","context_scope":"candidate-site building check","height_m":4.0},"geometry":{"type":"Polygon","coordinates":[[[-122.4302629,37.7629684],[-122.430244,37.7629693],[-122.4302447,37.762978],[-122.4301793,37.7629813],[-122.4301786,37.7629727],[-122.4301551,37.7629739],[-122.4301484,37.7628905],[-122.4302561,37.762885],[-122.4302629,37.7629684]]]}},{"type":"Feature","id":"osm-land-building-260470633","properties":{"source":"© OpenStreetMap contributors; OSM way/260470633 (ODbL), snapshot 2026-07-15T15:22:01Z","osm_type":"way","osm_id":260470633,"osm_url":"https://www.openstreetmap.org/way/260470633","source_timestamp":"2026-07-15T15:22:01Z","scenario_only":false,"layer":"building","name":"Mapped building footprint","osm_building":"yes","context_scope":"candidate-site building check","height_m":13.0},"geometry":{"type":"Polygon","coordinates":[[[-122.4304718,37.7642801],[-122.4304653,37.7641997],[-122.4304871,37.7641986],[-122.4304799,37.7641108],[-122.4305454,37.7641075],[-122.4305536,37.764208],[-122.4305602,37.7642883],[-122.4304729,37.7642928],[-122.4304718,37.7642801]]]}},{"type":"Feature","id":"osm-land-building-260470634","properties":{"source":"© OpenStreetMap contributors; OSM way/260470634 (ODbL), snapshot 2026-07-15T15:22:01Z","osm_type":"way","osm_id":260470634,"osm_url":"https://www.openstreetmap.org/way/260470634","source_timestamp":"2026-07-15T15:22:01Z","scenario_only":false,"layer":"building","name":"Mapped building footprint","osm_building":"yes","context_scope":"candidate-site building check","height_m":12.0},"geometry":{"type":"Polygon","coordinates":[[[-122.4306448,37.7642911],[-122.4306308,37.7641189],[-122.4307436,37.7641132],[-122.4307574,37.7642837],[-122.430698,37.7642867],[-122.4306986,37.7642936],[-122.4306553,37.7642958],[-122.4306549,37.7642906],[-122.4306448,37.7642911]]]}},{"type":"Feature","id":"osm-land-building-260470635","properties":{"source":"© OpenStreetMap contributors; OSM way/260470635 (ODbL), snapshot 2026-07-15T15:22:01Z","osm_type":"way","osm_id":260470635,"osm_url":"https://www.openstreetmap.org/way/260470635","source_timestamp":"2026-07-15T15:22:01Z","scenario_only":false,"layer":"building","name":"Mapped building footprint","osm_building":"yes","context_scope":"candidate-site building check","height_m":12.0},"geometry":{"type":"Polygon","coordinates":[[[-122.4303901,37.7643115],[-122.4301834,37.764322],[-122.4301718,37.7641798],[-122.4303587,37.7641703],[-122.4303633,37.7642267],[-122.4303768,37.7642261],[-122.4303831,37.7642257],[-122.4303839,37.7642347],[-122.4303901,37.7643115]]]}},{"type":"Feature","id":"osm-land-building-260491329","properties":{"source":"© OpenStreetMap contributors; OSM way/260491329 (ODbL), snapshot 2026-07-15T15:22:01Z","osm_type":"way","osm_id":260491329,"osm_url":"https://www.openstreetmap.org/way/260491329","source_timestamp":"2026-07-15T15:22:01Z","scenario_only":false,"layer":"building","name":"Mapped building footprint","osm_building":"yes","context_scope":"candidate-site building check","height_m":9.0},"geometry":{"type":"Polygon","coordinates":[[[-122.4301976,37.7647077],[-122.4301064,37.7647122],[-122.4301023,37.7646608],[-122.4300922,37.7645351],[-122.4301835,37.7645306],[-122.4301976,37.7647077]]]}},{"type":"Feature","id":"osm-land-building-260491342","properties":{"source":"© OpenStreetMap contributors; OSM way/260491342 (ODbL), snapshot 2026-07-15T15:22:01Z","osm_type":"way","osm_id":260491342,"osm_url":"https://www.openstreetmap.org/way/260491342","source_timestamp":"2026-07-15T15:22:01Z","scenario_only":false,"layer":"building","name":"Mapped building footprint","osm_building":"yes","context_scope":"candidate-site building check","height_m":12.0},"geometry":{"type":"Polygon","coordinates":[[[-122.4300084,37.7645891],[-122.4300203,37.7647392],[-122.4300271,37.7648241],[-122.4300103,37.7648249],[-122.4300123,37.7648498],[-122.4299133,37.7648548],[-122.4298882,37.764541],[-122.4300041,37.7645353],[-122.4300084,37.7645891]]]}},{"type":"Feature","id":"osm-land-building-260494843","properties":{"source":"© OpenStreetMap contributors; OSM way/260494843 (ODbL), snapshot 2026-07-15T15:22:01Z","osm_type":"way","osm_id":260494843,"osm_url":"https://www.openstreetmap.org/way/260494843","source_timestamp":"2026-07-15T15:22:01Z","scenario_only":false,"layer":"building","name":"Mapped building footprint","osm_building":"yes","context_scope":"candidate-site building check","height_m":13.0},"geometry":{"type":"Polygon","coordinates":[[[-122.4296307,37.7647348],[-122.4296354,37.7647876],[-122.4296026,37.7647894],[-122.429602,37.7647833],[-122.4295817,37.7647845],[-122.4295805,37.7647716],[-122.4295451,37.7647736],[-122.4295415,37.7647332],[-122.429527,37.7645692],[-122.4296157,37.7645643],[-122.4296267,37.7646891],[-122.4296307,37.7647348]]]}},{"type":"Feature","id":"osm-land-building-260494847","properties":{"source":"© OpenStreetMap contributors; OSM way/260494847 (ODbL), snapshot 2026-07-15T15:22:01Z","osm_type":"way","osm_id":260494847,"osm_url":"https://www.openstreetmap.org/way/260494847","source_timestamp":"2026-07-15T15:22:01Z","scenario_only":false,"layer":"building","name":"Mapped building footprint","osm_building":"yes","context_scope":"candidate-site building check","height_m":12.0},"geometry":{"type":"Polygon","coordinates":[[[-122.4296157,37.7645643],[-122.4297136,37.7645589],[-122.4297157,37.7645822],[-122.4296969,37.7645832],[-122.4297028,37.7646498],[-122.4297231,37.7646486],[-122.4297261,37.7646834],[-122.4296875,37.7646855],[-122.4296891,37.7647037],[-122.4296372,37.7647065],[-122.4296356,37.7646886],[-122.4296267,37.7646891],[-122.4296157,37.7645643]]]}},{"type":"Feature","id":"osm-land-building-260494858","properties":{"source":"© OpenStreetMap contributors; OSM way/260494858 (ODbL), snapshot 2026-07-15T15:22:01Z","osm_type":"way","osm_id":260494858,"osm_url":"https://www.openstreetmap.org/way/260494858","source_timestamp":"2026-07-15T15:22:01Z","scenario_only":false,"layer":"building","name":"Mapped building footprint","osm_building":"yes","context_scope":"candidate-site building check","height_m":12.0},"geometry":{"type":"Polygon","coordinates":[[[-122.4293575,37.7645822],[-122.4293717,37.7647429],[-122.4293728,37.764755],[-122.4292866,37.7647598],[-122.4292713,37.764587],[-122.4293575,37.7645822]]]}},{"type":"Feature","id":"osm-land-building-260494859","properties":{"source":"© OpenStreetMap contributors; OSM way/260494859 (ODbL), snapshot 2026-07-15T15:22:01Z","osm_type":"way","osm_id":260494859,"osm_url":"https://www.openstreetmap.org/way/260494859","source_timestamp":"2026-07-15T15:22:01Z","scenario_only":false,"layer":"building","name":"Mapped building footprint","osm_building":"yes","context_scope":"candidate-site building check","height_m":12.0},"geometry":{"type":"Polygon","coordinates":[[[-122.429186,37.7646211],[-122.4292007,37.7647635],[-122.4291863,37.7647644],[-122.429189,37.7647907],[-122.429181,37.7647913],[-122.429182,37.7648011],[-122.4291478,37.7648033],[-122.4291469,37.7647943],[-122.4291232,37.7647958],[-122.4291242,37.7648048],[-122.4290943,37.7648067],[-122.4290933,37.7647969],[-122.4290846,37.7647975],[-122.429084,37.7647916],[-122.4290775,37.764792],[-122.4290735,37.7647538],[-122.4290508,37.7647553],[-122.4290518,37.7647647],[-122.4289793,37.7647694],[-122.4289837,37.7648122],[-122.42886,37.7648202],[-122.4288523,37.7647456],[-122.4288387,37.7647465],[-122.4288354,37.7647147],[-122.4288491,37.7647138],[-122.4288486,37.7647096],[-122.4288691,37.7647083],[-122.4288676,37.7646934],[-122.4288344,37.7646955],[-122.4288314,37.764666],[-122.4288441,37.7646652],[-122.4288425,37.7646504],[-122.428831,37.7646511],[-122.4288279,37.7646215],[-122.4288395,37.7646208],[-122.4288387,37.7646129],[-122.4288467,37.7646124],[-122.4288459,37.7646044],[-122.428879,37.7646023],[-122.4288798,37.7646103],[-122.4289075,37.7646085],[-122.4289067,37.7646003],[-122.4289412,37.7645981],[-122.4289421,37.7646063],[-122.4290569,37.7645989],[-122.4290562,37.7645916],[-122.4290925,37.7645892],[-122.4290933,37.7645965],[-122.4291175,37.764595],[-122.4291168,37.7645882],[-122.4291554,37.7645857],[-122.4291561,37.7645925],[-122.4291681,37.7645917],[-122.4291713,37.764622],[-122.429186,37.7646211]]]}},{"type":"Feature","id":"osm-land-building-260494869","properties":{"source":"© OpenStreetMap contributors; OSM way/260494869 (ODbL), snapshot 2026-07-15T15:22:01Z","osm_type":"way","osm_id":260494869,"osm_url":"https://www.openstreetmap.org/way/260494869","source_timestamp":"2026-07-15T15:22:01Z","scenario_only":false,"layer":"building","name":"Mapped building footprint","osm_building":"yes","context_scope":"candidate-site building check","height_m":13.0},"geometry":{"type":"Polygon","coordinates":[[[-122.4294543,37.7647388],[-122.4294263,37.7647403],[-122.4294301,37.7647825],[-122.4293895,37.7647848],[-122.4293857,37.7647421],[-122.4293717,37.7647429],[-122.4293575,37.7645822],[-122.42944,37.7645776],[-122.4294543,37.7647388]]]}},{"type":"Feature","id":"osm-land-building-260494873","properties":{"source":"© OpenStreetMap contributors; OSM way/260494873 (ODbL), snapshot 2026-07-15T15:22:01Z","osm_type":"way","osm_id":260494873,"osm_url":"https://www.openstreetmap.org/way/260494873","source_timestamp":"2026-07-15T15:22:01Z","scenario_only":false,"layer":"building","name":"Mapped building footprint","osm_building":"yes","context_scope":"candidate-site building check","height_m":12.0},"geometry":{"type":"Polygon","coordinates":[[[-122.4292832,37.7647592],[-122.4292331,37.7647624],[-122.4292372,37.7648016],[-122.4292049,37.7648037],[-122.4292007,37.7647635],[-122.429186,37.7646211],[-122.4291831,37.7645928],[-122.4292655,37.7645875],[-122.4292832,37.7647592]]]}},{"type":"Feature","id":"osm-land-building-260494880","properties":{"source":"© OpenStreetMap contributors; OSM way/260494880 (ODbL), snapshot 2026-07-15T15:22:01Z","osm_type":"way","osm_id":260494880,"osm_url":"https://www.openstreetmap.org/way/260494880","source_timestamp":"2026-07-15T15:22:01Z","scenario_only":false,"layer":"building","name":"Mapped building footprint","osm_building":"yes","context_scope":"candidate-site building check","height_m":13.0},"geometry":{"type":"Polygon","coordinates":[[[-122.4295415,37.7647332],[-122.4295322,37.7647337],[-122.4295351,37.7647664],[-122.4294934,37.7647687],[-122.4294906,37.7647368],[-122.4294543,37.7647388],[-122.42944,37.7645776],[-122.4294397,37.7645741],[-122.429527,37.7645692],[-122.4295415,37.7647332]]]}},{"type":"Feature","id":"osm-land-building-260530967","properties":{"source":"© OpenStreetMap contributors; OSM way/260530967 (ODbL), snapshot 2026-07-15T15:22:01Z","osm_type":"way","osm_id":260530967,"osm_url":"https://www.openstreetmap.org/way/260530967","source_timestamp":"2026-07-15T15:22:01Z","scenario_only":false,"layer":"building","name":"Mapped building footprint","osm_building":"yes","context_scope":"candidate-site building check","height_m":8.0},"geometry":{"type":"Polygon","coordinates":[[[-122.4254307,37.7677263],[-122.4255982,37.7677153],[-122.4256181,37.767714],[-122.4256186,37.7677195],[-122.4256304,37.7677243],[-122.4256318,37.7677449],[-122.4256243,37.7677504],[-122.4256536,37.7677694],[-122.4256543,37.7677818],[-122.4254379,37.7677952],[-122.4254307,37.7677263]]]}},{"type":"Feature","id":"osm-land-building-260530971","properties":{"source":"© OpenStreetMap contributors; OSM way/260530971 (ODbL), snapshot 2026-07-15T15:22:01Z","osm_type":"way","osm_id":260530971,"osm_url":"https://www.openstreetmap.org/way/260530971","source_timestamp":"2026-07-15T15:22:01Z","scenario_only":false,"layer":"building","name":"Mapped building footprint","osm_building":"yes","context_scope":"candidate-site building check","height_m":9.0},"geometry":{"type":"Polygon","coordinates":[[[-122.4254379,37.7677952],[-122.4256543,37.7677818],[-122.4256761,37.7677797],[-122.4256809,37.767826],[-122.4256973,37.767835],[-122.4256984,37.7678521],[-122.425689,37.767861],[-122.4256674,37.7678616],[-122.4256587,37.7678553],[-122.4255838,37.7678602],[-122.4255791,37.7678698],[-122.4255576,37.767871],[-122.4255508,37.7678623],[-122.4254769,37.7678671],[-122.4254688,37.7678743],[-122.42545,37.7678759],[-122.4254352,37.7678659],[-122.4254336,37.7678508],[-122.4254416,37.7678453],[-122.4254379,37.7677952]]]}},{"type":"Feature","id":"osm-land-building-260530974","properties":{"source":"© OpenStreetMap contributors; OSM way/260530974 (ODbL), snapshot 2026-07-15T15:22:01Z","osm_type":"way","osm_id":260530974,"osm_url":"https://www.openstreetmap.org/way/260530974","source_timestamp":"2026-07-15T15:22:01Z","scenario_only":false,"layer":"building","name":"Mapped building footprint","osm_building":"yes","context_scope":"candidate-site building check","height_m":9.0},"geometry":{"type":"Polygon","coordinates":[[[-122.4254236,37.7676584],[-122.4255911,37.7676474],[-122.4255982,37.7677153],[-122.4254307,37.7677263],[-122.4254236,37.7676584]]]}},{"type":"Feature","id":"osm-land-building-260530975","properties":{"source":"© OpenStreetMap contributors; OSM way/260530975 (ODbL), snapshot 2026-07-15T15:22:01Z","osm_type":"way","osm_id":260530975,"osm_url":"https://www.openstreetmap.org/way/260530975","source_timestamp":"2026-07-15T15:22:01Z","scenario_only":false,"layer":"building","name":"Mapped building footprint","osm_building":"yes","context_scope":"candidate-site building check","height_m":9.0},"geometry":{"type":"Polygon","coordinates":[[[-122.4258169,37.7676501],[-122.4258308,37.7678427],[-122.4257079,37.7678497],[-122.4256928,37.7676557],[-122.4258169,37.7676501]]]}},{"type":"Feature","id":"osm-land-building-260530981","properties":{"source":"© OpenStreetMap contributors; OSM way/260530981 (ODbL), snapshot 2026-07-15T15:22:01Z","osm_type":"way","osm_id":260530981,"osm_url":"https://www.openstreetmap.org/way/260530981","source_timestamp":"2026-07-15T15:22:01Z","scenario_only":false,"layer":"building","name":"Mapped building footprint","osm_building":"yes","context_scope":"candidate-site building check","height_m":9.0},"geometry":{"type":"Polygon","coordinates":[[[-122.425923,37.7678385],[-122.4258308,37.7678427],[-122.4258169,37.7676501],[-122.4259091,37.7676459],[-122.425923,37.7678385]]]}},{"type":"Feature","id":"osm-land-building-260530992","properties":{"source":"© OpenStreetMap contributors; OSM way/260530992 (ODbL), snapshot 2026-07-15T15:22:01Z","osm_type":"way","osm_id":260530992,"osm_url":"https://www.openstreetmap.org/way/260530992","source_timestamp":"2026-07-15T15:22:01Z","scenario_only":false,"layer":"building","name":"Mapped building footprint","osm_building":"yes","context_scope":"candidate-site building check","height_m":10.0},"geometry":{"type":"Polygon","coordinates":[[[-122.4260499,37.76779],[-122.4260529,37.7678327],[-122.425923,37.7678385],[-122.4259091,37.7676459],[-122.426039,37.7676401],[-122.4260404,37.7676597],[-122.4260499,37.76779]]]}},{"type":"Feature","id":"osm-land-building-260531000","properties":{"source":"© OpenStreetMap contributors; OSM way/260531000 (ODbL), snapshot 2026-07-15T15:22:01Z","osm_type":"way","osm_id":260531000,"osm_url":"https://www.openstreetmap.org/way/260531000","source_timestamp":"2026-07-15T15:22:01Z","scenario_only":false,"layer":"building","name":"Mapped building footprint","osm_building":"yes","context_scope":"candidate-site building check","height_m":9.0},"geometry":{"type":"Polygon","coordinates":[[[-122.4254166,37.767591],[-122.4256083,37.7675785],[-122.4256131,37.7676243],[-122.4256349,37.7676229],[-122.4256371,37.7676444],[-122.4255911,37.7676474],[-122.4254236,37.7676584],[-122.4254166,37.767591]]]}},{"type":"Feature","id":"osm-land-building-260534487","properties":{"source":"© OpenStreetMap contributors; OSM way/260534487 (ODbL), snapshot 2026-07-15T15:22:01Z","osm_type":"way","osm_id":260534487,"osm_url":"https://www.openstreetmap.org/way/260534487","source_timestamp":"2026-07-15T15:22:01Z","scenario_only":false,"layer":"building","name":"Mapped building footprint","osm_building":"yes","context_scope":"candidate-site building check","height_m":12.0},"geometry":{"type":"Polygon","coordinates":[[[-122.425264,37.7677221],[-122.4251643,37.7677275],[-122.4251631,37.7677142],[-122.4250831,37.7677186],[-122.4250825,37.7677122],[-122.4250524,37.7677138],[-122.4250475,37.767658],[-122.4250765,37.7676564],[-122.4250758,37.7676484],[-122.4251577,37.767644],[-122.4251567,37.7676317],[-122.4252557,37.7676264],[-122.425264,37.7677221]]]}},{"type":"Feature","id":"osm-land-building-260534491","properties":{"source":"© OpenStreetMap contributors; OSM way/260534491 (ODbL), snapshot 2026-07-15T15:22:01Z","osm_type":"way","osm_id":260534491,"osm_url":"https://www.openstreetmap.org/way/260534491","source_timestamp":"2026-07-15T15:22:01Z","scenario_only":false,"layer":"building","name":"Mapped building footprint","osm_building":"yes","context_scope":"candidate-site building check","height_m":10.0},"geometry":{"type":"Polygon","coordinates":[[[-122.4250541,37.7678017],[-122.4250418,37.7678024],[-122.4250388,37.7677678],[-122.4250754,37.7677658],[-122.4250745,37.7677551],[-122.4250951,37.767754],[-122.4250931,37.7677314],[-122.4251643,37.7677275],[-122.425264,37.7677221],[-122.4252642,37.7677249],[-122.4252733,37.7677292],[-122.4252731,37.7677446],[-122.4252664,37.7677498],[-122.4252672,37.7677594],[-122.425276,37.7677632],[-122.4252771,37.7677791],[-122.4252703,37.7677863],[-122.4252699,37.76779],[-122.4250541,37.7678017]]]}},{"type":"Feature","id":"osm-land-building-260534494","properties":{"source":"© OpenStreetMap contributors; OSM way/260534494 (ODbL), snapshot 2026-07-15T15:22:01Z","osm_type":"way","osm_id":260534494,"osm_url":"https://www.openstreetmap.org/way/260534494","source_timestamp":"2026-07-15T15:22:01Z","scenario_only":false,"layer":"building","name":"Mapped building footprint","osm_building":"yes","context_scope":"candidate-site building check","height_m":12.0},"geometry":{"type":"Polygon","coordinates":[[[-122.4250541,37.7678017],[-122.4252699,37.76779],[-122.4252763,37.7677897],[-122.4252778,37.7678071],[-122.425284,37.7678126],[-122.4252841,37.7678285],[-122.42528,37.767833],[-122.4252816,37.7678517],[-122.425289,37.767857],[-122.4252896,37.7678703],[-122.4252788,37.767882],[-122.4252604,37.7678826],[-122.4252555,37.7678778],[-122.4252171,37.7678799],[-122.4252117,37.7678855],[-122.4251932,37.767886],[-122.4251847,37.7678817],[-122.4251404,37.7678841],[-122.4251345,37.7678902],[-122.4251148,37.7678903],[-122.4251094,37.7678858],[-122.4250879,37.7678869],[-122.4250801,37.7678941],[-122.42506,37.7678947],[-122.4250546,37.7678893],[-122.425047,37.7678891],[-122.4250409,37.767819],[-122.4250555,37.7678182],[-122.4250541,37.7678017]]]}},{"type":"Feature","id":"osm-land-building-260534525","properties":{"source":"© OpenStreetMap contributors; OSM way/260534525 (ODbL), snapshot 2026-07-15T15:22:01Z","osm_type":"way","osm_id":260534525,"osm_url":"https://www.openstreetmap.org/way/260534525","source_timestamp":"2026-07-15T15:22:01Z","scenario_only":false,"layer":"building","name":"Mapped building footprint","osm_building":"yes","context_scope":"candidate-site building check","height_m":10.0},"geometry":{"type":"Polygon","coordinates":[[[-122.4252622,37.767626],[-122.4252557,37.7676264],[-122.4251567,37.7676317],[-122.4250392,37.7676381],[-122.4250349,37.7675886],[-122.4250684,37.7675868],[-122.4250667,37.7675664],[-122.4252561,37.7675561],[-122.4252622,37.767626]]]}},{"type":"Feature","id":"osm-land-building-260921113","properties":{"source":"© OpenStreetMap contributors; OSM way/260921113 (ODbL), snapshot 2026-07-15T15:22:01Z","osm_type":"way","osm_id":260921113,"osm_url":"https://www.openstreetmap.org/way/260921113","source_timestamp":"2026-07-15T15:22:01Z","scenario_only":false,"layer":"building","name":"Mapped building footprint","osm_building":"yes","context_scope":"candidate-site building check","height_m":9.0},"geometry":{"type":"Polygon","coordinates":[[[-122.4257884,37.7682026],[-122.4257896,37.7682176],[-122.4257758,37.7682183],[-122.4257795,37.7682672],[-122.4257726,37.7682675],[-122.4256708,37.7682724],[-122.4256635,37.768178],[-122.4257083,37.7681758],[-122.4257074,37.7681632],[-122.4257851,37.7681595],[-122.4257884,37.7682026]]]}},{"type":"Feature","id":"osm-land-building-260921114","properties":{"source":"© OpenStreetMap contributors; OSM way/260921114 (ODbL), snapshot 2026-07-15T15:22:01Z","osm_type":"way","osm_id":260921114,"osm_url":"https://www.openstreetmap.org/way/260921114","source_timestamp":"2026-07-15T15:22:01Z","scenario_only":false,"layer":"building","name":"Mapped building footprint","osm_building":"yes","context_scope":"candidate-site building check"},"geometry":{"type":"Polygon","coordinates":[[[-122.4258841,37.7688103],[-122.4258975,37.7689822],[-122.4258142,37.7689862],[-122.4258076,37.7689015],[-122.4258135,37.7689012],[-122.4258094,37.7688493],[-122.4258461,37.7688475],[-122.4258454,37.7688393],[-122.4258562,37.7688388],[-122.4258541,37.7688118],[-122.4258841,37.7688103]]]}},{"type":"Feature","id":"osm-land-building-260921115","properties":{"source":"© OpenStreetMap contributors; OSM way/260921115 (ODbL), snapshot 2026-07-15T15:22:01Z","osm_type":"way","osm_id":260921115,"osm_url":"https://www.openstreetmap.org/way/260921115","source_timestamp":"2026-07-15T15:22:01Z","scenario_only":false,"layer":"building","name":"Mapped building footprint","osm_building":"yes","context_scope":"candidate-site building check","height_m":12.0},"geometry":{"type":"Polygon","coordinates":[[[-122.4251478,37.768048],[-122.4252808,37.76804],[-122.4252927,37.7681637],[-122.4253256,37.7681617],[-122.4253383,37.7682933],[-122.4252033,37.7683014],[-122.4251892,37.7681543],[-122.4252052,37.7681533],[-122.425203,37.7681302],[-122.425156,37.768133],[-122.4251478,37.768048]]]}},{"type":"Feature","id":"osm-land-building-260921116","properties":{"source":"© OpenStreetMap contributors; OSM way/260921116 (ODbL), snapshot 2026-07-15T15:22:01Z","osm_type":"way","osm_id":260921116,"osm_url":"https://www.openstreetmap.org/way/260921116","source_timestamp":"2026-07-15T15:22:01Z","scenario_only":false,"layer":"building","name":"Mapped building footprint","osm_building":"yes","context_scope":"candidate-site building check","height_m":9.0},"geometry":{"type":"Polygon","coordinates":[[[-122.4258595,37.7680119],[-122.4258735,37.7681927],[-122.4258739,37.7681984],[-122.4258572,37.7681992],[-122.4258598,37.7682327],[-122.4258131,37.7682349],[-122.4258105,37.7682015],[-122.4257884,37.7682026],[-122.4257851,37.7681595],[-122.425774,37.768016],[-122.4258595,37.7680119]]]}},{"type":"Feature","id":"osm-land-building-260921118","properties":{"source":"© OpenStreetMap contributors; OSM way/260921118 (ODbL), snapshot 2026-07-15T15:22:01Z","osm_type":"way","osm_id":260921118,"osm_url":"https://www.openstreetmap.org/way/260921118","source_timestamp":"2026-07-15T15:22:01Z","scenario_only":false,"layer":"building","name":"Mapped building footprint","osm_building":"yes","context_scope":"candidate-site building check","height_m":9.0},"geometry":{"type":"Polygon","coordinates":[[[-122.4255026,37.7683086],[-122.4255097,37.7683827],[-122.425334,37.7683933],[-122.4253351,37.7684048],[-122.4252728,37.7684085],[-122.4252645,37.7683229],[-122.4253276,37.7683191],[-122.425329,37.7683337],[-122.4254076,37.768329],[-122.4254062,37.7683144],[-122.4255026,37.7683086]]]}},{"type":"Feature","id":"osm-land-building-260921120","properties":{"source":"© OpenStreetMap contributors; OSM way/260921120 (ODbL), snapshot 2026-07-15T15:22:01Z","osm_type":"way","osm_id":260921120,"osm_url":"https://www.openstreetmap.org/way/260921120","source_timestamp":"2026-07-15T15:22:01Z","scenario_only":false,"layer":"building","name":"Mapped building footprint","osm_building":"yes","context_scope":"candidate-site building check"},"geometry":{"type":"Polygon","coordinates":[[[-122.4246898,37.7682087],[-122.4246398,37.7682117],[-122.4246386,37.7681994],[-122.4246074,37.7682013],[-122.4246079,37.7682067],[-122.4245756,37.7682087],[-122.4245639,37.7680861],[-122.4247212,37.7680767],[-122.4247305,37.7681739],[-122.4246867,37.7681766],[-122.4246898,37.7682087]]]}},{"type":"Feature","id":"osm-land-building-260921122","properties":{"source":"© OpenStreetMap contributors; OSM way/260921122 (ODbL), snapshot 2026-07-15T15:22:01Z","osm_type":"way","osm_id":260921122,"osm_url":"https://www.openstreetmap.org/way/260921122","source_timestamp":"2026-07-15T15:22:01Z","scenario_only":false,"layer":"building","name":"Mapped building footprint","osm_building":"yes","context_scope":"candidate-site building check","height_m":6.0},"geometry":{"type":"Polygon","coordinates":[[[-122.4255518,37.7687459],[-122.4255573,37.7688027],[-122.4253023,37.7688181],[-122.4252984,37.7687781],[-122.4253531,37.7687748],[-122.4253514,37.768758],[-122.4254023,37.768755],[-122.4254013,37.7687447],[-122.4254949,37.7687391],[-122.4254959,37.7687493],[-122.4255518,37.7687459]]]}},{"type":"Feature","id":"osm-land-building-260921123","properties":{"source":"© OpenStreetMap contributors; OSM way/260921123 (ODbL), snapshot 2026-07-15T15:22:01Z","osm_type":"way","osm_id":260921123,"osm_url":"https://www.openstreetmap.org/way/260921123","source_timestamp":"2026-07-15T15:22:01Z","scenario_only":false,"layer":"building","name":"Mapped building footprint","osm_building":"yes","context_scope":"candidate-site building check","height_m":9.0},"geometry":{"type":"Polygon","coordinates":[[[-122.4258394,37.7686089],[-122.4258454,37.7686861],[-122.4258824,37.7686844],[-122.4258858,37.7687281],[-122.4258487,37.7687299],[-122.4258526,37.7687802],[-122.4257775,37.7687838],[-122.4257748,37.7687483],[-122.4257248,37.7687507],[-122.4257143,37.768615],[-122.4258394,37.7686089]]]}},{"type":"Feature","id":"osm-land-building-260921124","properties":{"source":"© OpenStreetMap contributors; OSM way/260921124 (ODbL), snapshot 2026-07-15T15:22:01Z","osm_type":"way","osm_id":260921124,"osm_url":"https://www.openstreetmap.org/way/260921124","source_timestamp":"2026-07-15T15:22:01Z","scenario_only":false,"layer":"building","name":"Mapped building footprint","osm_building":"yes","context_scope":"candidate-site building check","height_m":11.0},"geometry":{"type":"Polygon","coordinates":[[[-122.4261585,37.7689806],[-122.4260744,37.7689847],[-122.4260738,37.7689769],[-122.4260678,37.768899],[-122.4260744,37.7688987],[-122.4260725,37.7688751],[-122.4260702,37.7688454],[-122.4260682,37.768819],[-122.4261349,37.7688158],[-122.4261411,37.7688955],[-122.4261519,37.768895],[-122.4261585,37.7689806]]]}},{"type":"Feature","id":"osm-land-building-260921125","properties":{"source":"© OpenStreetMap contributors; OSM way/260921125 (ODbL), snapshot 2026-07-15T15:22:01Z","osm_type":"way","osm_id":260921125,"osm_url":"https://www.openstreetmap.org/way/260921125","source_timestamp":"2026-07-15T15:22:01Z","scenario_only":false,"layer":"building","name":"Mapped building footprint","osm_building":"yes","context_scope":"candidate-site building check"},"geometry":{"type":"Polygon","coordinates":[[[-122.426243,37.7689765],[-122.4261585,37.7689806],[-122.4261519,37.768895],[-122.4261616,37.7688945],[-122.4261556,37.7688172],[-122.4261594,37.768817],[-122.4261578,37.7687971],[-122.4262145,37.7687944],[-122.4262161,37.7688144],[-122.4262222,37.7688141],[-122.4262283,37.7688914],[-122.4262364,37.768891],[-122.426243,37.7689765]]]}},{"type":"Feature","id":"osm-land-building-260921126","properties":{"source":"© OpenStreetMap contributors; OSM way/260921126 (ODbL), snapshot 2026-07-15T15:22:01Z","osm_type":"way","osm_id":260921126,"osm_url":"https://www.openstreetmap.org/way/260921126","source_timestamp":"2026-07-15T15:22:01Z","scenario_only":false,"layer":"building","name":"Mapped building footprint","osm_building":"yes","context_scope":"candidate-site building check","height_m":8.0},"geometry":{"type":"Polygon","coordinates":[[[-122.4256708,37.7682724],[-122.4257726,37.7682675],[-122.4257735,37.7682798],[-122.4258486,37.7682761],[-122.4258476,37.7682627],[-122.4259105,37.7682597],[-122.4259117,37.7682759],[-122.4259526,37.7682739],[-122.4259554,37.76831],[-122.4259145,37.768312],[-122.4259158,37.7683293],[-122.425676,37.7683409],[-122.4256708,37.7682724]]]}},{"type":"Feature","id":"osm-land-building-260921127","properties":{"source":"© OpenStreetMap contributors; OSM way/260921127 (ODbL), snapshot 2026-07-15T15:22:01Z","osm_type":"way","osm_id":260921127,"osm_url":"https://www.openstreetmap.org/way/260921127","source_timestamp":"2026-07-15T15:22:01Z","scenario_only":false,"layer":"building","name":"Mapped building footprint","osm_building":"yes","context_scope":"candidate-site building check","height_m":13.0},"geometry":{"type":"Polygon","coordinates":[[[-122.4250294,37.7680649],[-122.4250285,37.7680552],[-122.4251478,37.768048],[-122.425156,37.768133],[-122.425172,37.7682991],[-122.4251432,37.7683008],[-122.4251565,37.7684395],[-122.4250647,37.768445],[-122.4250557,37.768352],[-122.4250819,37.7683504],[-122.4250748,37.7682761],[-122.4250499,37.7682776],[-122.425046,37.7682365],[-122.4250294,37.7680649]]]}},{"type":"Feature","id":"osm-land-building-260921128","properties":{"source":"© OpenStreetMap contributors; OSM way/260921128 (ODbL), snapshot 2026-07-15T15:22:01Z","osm_type":"way","osm_id":260921128,"osm_url":"https://www.openstreetmap.org/way/260921128","source_timestamp":"2026-07-15T15:22:01Z","scenario_only":false,"layer":"building","name":"Mapped building footprint","osm_building":"yes","context_scope":"candidate-site building check"},"geometry":{"type":"Polygon","coordinates":[[[-122.4254858,37.7690045],[-122.4254861,37.7690081],[-122.4254625,37.7690092],[-122.4254631,37.7690158],[-122.4254063,37.7690186],[-122.4254061,37.7690167],[-122.425397,37.7689004],[-122.4254169,37.7688994],[-122.4254132,37.7688526],[-122.4254509,37.7688508],[-122.4254546,37.7688976],[-122.4254774,37.7688965],[-122.4254784,37.7689095],[-122.4254858,37.7690045]]]}},{"type":"Feature","id":"osm-land-building-260921129","properties":{"source":"© OpenStreetMap contributors; OSM way/260921129 (ODbL), snapshot 2026-07-15T15:22:01Z","osm_type":"way","osm_id":260921129,"osm_url":"https://www.openstreetmap.org/way/260921129","source_timestamp":"2026-07-15T15:22:01Z","scenario_only":false,"layer":"building","name":"Mapped building footprint","osm_building":"yes","context_scope":"candidate-site building check","height_m":8.0},"geometry":{"type":"Polygon","coordinates":[[[-122.4260678,37.768899],[-122.4260738,37.7689769],[-122.4259966,37.7689806],[-122.4259931,37.7689358],[-122.425985,37.7689362],[-122.4259783,37.7688498],[-122.4260053,37.7688485],[-122.426004,37.7688315],[-122.4260576,37.7688289],[-122.4260589,37.7688459],[-122.4260702,37.7688454],[-122.4260725,37.7688751],[-122.4260659,37.7688754],[-122.4260678,37.768899]]]}},{"type":"Feature","id":"osm-land-building-260921130","properties":{"source":"© OpenStreetMap contributors; OSM way/260921130 (ODbL), snapshot 2026-07-15T15:22:01Z","osm_type":"way","osm_id":260921130,"osm_url":"https://www.openstreetmap.org/way/260921130","source_timestamp":"2026-07-15T15:22:01Z","scenario_only":false,"layer":"building","name":"Mapped building footprint","osm_building":"yes","context_scope":"candidate-site building check","height_m":10.0},"geometry":{"type":"Polygon","coordinates":[[[-122.4255112,37.7683941],[-122.4255176,37.7684609],[-122.425277,37.7684754],[-122.4252751,37.7684554],[-122.425238,37.7684576],[-122.4252341,37.7684174],[-122.4252712,37.7684152],[-122.4252706,37.7684087],[-122.4252728,37.7684085],[-122.4253351,37.7684048],[-122.4253358,37.7684117],[-122.4254135,37.768407],[-122.4254129,37.7684],[-122.4255112,37.7683941]]]}},{"type":"Feature","id":"osm-land-building-260921131","properties":{"source":"© OpenStreetMap contributors; OSM way/260921131 (ODbL), snapshot 2026-07-15T15:22:01Z","osm_type":"way","osm_id":260921131,"osm_url":"https://www.openstreetmap.org/way/260921131","source_timestamp":"2026-07-15T15:22:01Z","scenario_only":false,"layer":"building","name":"Mapped building footprint","osm_building":"yes","context_scope":"candidate-site building check","height_m":11.0},"geometry":{"type":"Polygon","coordinates":[[[-122.4265402,37.7682506],[-122.4265462,37.7683293],[-122.4264066,37.7683361],[-122.4264089,37.7683666],[-122.4261887,37.7683772],[-122.4261351,37.7683798],[-122.4261322,37.7683425],[-122.4261587,37.7683412],[-122.4261537,37.7682769],[-122.42632,37.7682688],[-122.4263206,37.7682762],[-122.4263578,37.7682744],[-122.4263585,37.7682841],[-122.4263826,37.7682829],[-122.4263807,37.7682583],[-122.4265402,37.7682506]]]}},{"type":"Feature","id":"osm-land-building-260921132","properties":{"source":"© OpenStreetMap contributors; OSM way/260921132 (ODbL), snapshot 2026-07-15T15:22:01Z","osm_type":"way","osm_id":260921132,"osm_url":"https://www.openstreetmap.org/way/260921132","source_timestamp":"2026-07-15T15:22:01Z","scenario_only":false,"layer":"building","name":"Mapped building footprint","osm_building":"yes","context_scope":"candidate-site building check","height_m":10.0},"geometry":{"type":"Polygon","coordinates":[[[-122.4255334,37.7686242],[-122.4255442,37.7687361],[-122.4254949,37.7687391],[-122.4254013,37.7687447],[-122.4253315,37.7687489],[-122.4253287,37.7687202],[-122.425279,37.7687232],[-122.4252766,37.7686988],[-122.4252876,37.7686981],[-122.4252849,37.7686701],[-122.4252739,37.7686708],[-122.4252723,37.7686536],[-122.4252924,37.7686524],[-122.4252911,37.7686388],[-122.4253545,37.768635],[-122.4255334,37.7686242]]]}},{"type":"Feature","id":"osm-land-building-260921133","properties":{"source":"© OpenStreetMap contributors; OSM way/260921133 (ODbL), snapshot 2026-07-15T15:22:01Z","osm_type":"way","osm_id":260921133,"osm_url":"https://www.openstreetmap.org/way/260921133","source_timestamp":"2026-07-15T15:22:01Z","scenario_only":false,"layer":"building","name":"Mapped building footprint","osm_building":"yes","context_scope":"candidate-site building check"},"geometry":{"type":"Polygon","coordinates":[[[-122.424742,37.7681394],[-122.4247365,37.7680818],[-122.4248438,37.7680753],[-122.4248427,37.7680634],[-122.4249244,37.7680585],[-122.4249256,37.7680711],[-122.4249393,37.7682135],[-122.4249256,37.7682143],[-122.4249302,37.7682621],[-122.4248942,37.7682643],[-122.4248927,37.7682484],[-122.4248769,37.7682494],[-122.4248749,37.768229],[-122.4248582,37.76823],[-122.4248551,37.7681981],[-122.4248155,37.7682005],[-122.4248093,37.7681353],[-122.424742,37.7681394]]]}},{"type":"Feature","id":"osm-land-building-260921134","properties":{"source":"© OpenStreetMap contributors; OSM way/260921134 (ODbL), snapshot 2026-07-15T15:22:01Z","osm_type":"way","osm_id":260921134,"osm_url":"https://www.openstreetmap.org/way/260921134","source_timestamp":"2026-07-15T15:22:01Z","scenario_only":false,"layer":"building","name":"Mapped building footprint","osm_building":"apartments","context_scope":"candidate-site building check","height_m":11.0},"geometry":{"type":"Polygon","coordinates":[[[-122.4246612,37.7689269],[-122.4247561,37.7689215],[-122.4247569,37.7689301],[-122.4248139,37.7689269],[-122.4248165,37.7689551],[-122.4248332,37.7689542],[-122.4248388,37.7690164],[-122.4248216,37.7690173],[-122.4248232,37.7690355],[-122.4248345,37.7690349],[-122.4248369,37.7690618],[-122.4248254,37.7690624],[-122.4248261,37.7690702],[-122.4247379,37.7690751],[-122.4247373,37.7690678],[-122.4246643,37.7690718],[-122.4246514,37.7689274],[-122.4246612,37.7689269]]]}},{"type":"Feature","id":"osm-land-building-260921135","properties":{"source":"© OpenStreetMap contributors; OSM way/260921135 (ODbL), snapshot 2026-07-15T15:22:01Z","osm_type":"way","osm_id":260921135,"osm_url":"https://www.openstreetmap.org/way/260921135","source_timestamp":"2026-07-15T15:22:01Z","scenario_only":false,"layer":"building","name":"Mapped building footprint","osm_building":"yes","context_scope":"candidate-site building check","height_m":9.0},"geometry":{"type":"Polygon","coordinates":[[[-122.424872,37.7687637],[-122.4246485,37.7687761],[-122.4246424,37.768707],[-122.424669,37.7687055],[-122.4247591,37.7687005],[-122.4248104,37.7686976],[-122.4248816,37.7686936],[-122.4248977,37.7686927],[-122.4249677,37.7686888],[-122.4249715,37.7686886],[-122.4249723,37.7686973],[-122.4250038,37.7686955],[-122.4250067,37.768728],[-122.4249599,37.7687307],[-122.4249595,37.7687266],[-122.4249339,37.768728],[-122.4249354,37.7687443],[-122.4248857,37.7687471],[-122.4248871,37.7687628],[-122.424872,37.7687637]]]}},{"type":"Feature","id":"osm-land-building-260921136","properties":{"source":"© OpenStreetMap contributors; OSM way/260921136 (ODbL), snapshot 2026-07-15T15:22:01Z","osm_type":"way","osm_id":260921136,"osm_url":"https://www.openstreetmap.org/way/260921136","source_timestamp":"2026-07-15T15:22:01Z","scenario_only":false,"layer":"building","name":"Mapped building footprint","osm_building":"yes","context_scope":"candidate-site building check"},"geometry":{"type":"Polygon","coordinates":[[[-122.4248816,37.7686936],[-122.4248104,37.7686976],[-122.4248055,37.7686426],[-122.4248767,37.7686386],[-122.4248816,37.7686936]]]}},{"type":"Feature","id":"osm-land-building-260921137","properties":{"source":"© OpenStreetMap contributors; OSM way/260921137 (ODbL), snapshot 2026-07-15T15:22:01Z","osm_type":"way","osm_id":260921137,"osm_url":"https://www.openstreetmap.org/way/260921137","source_timestamp":"2026-07-15T15:22:01Z","scenario_only":false,"layer":"building","name":"Mapped building footprint","osm_building":"apartments","context_scope":"candidate-site building check"},"geometry":{"type":"Polygon","coordinates":[[[-122.4247591,37.7687005],[-122.424669,37.7687055],[-122.424664,37.7686495],[-122.4247541,37.7686444],[-122.4247591,37.7687005]]]}},{"type":"Feature","id":"osm-land-building-260921138","properties":{"source":"© OpenStreetMap contributors; OSM way/260921138 (ODbL), snapshot 2026-07-15T15:22:01Z","osm_type":"way","osm_id":260921138,"osm_url":"https://www.openstreetmap.org/way/260921138","source_timestamp":"2026-07-15T15:22:01Z","scenario_only":false,"layer":"building","name":"Mapped building footprint","osm_building":"yes","context_scope":"candidate-site building check","height_m":9.0},"geometry":{"type":"Polygon","coordinates":[[[-122.4252217,37.7688925],[-122.4252327,37.7690324],[-122.4251543,37.7690363],[-122.4251433,37.7688964],[-122.4252217,37.7688925]]]}},{"type":"Feature","id":"osm-land-building-260921139","properties":{"source":"© OpenStreetMap contributors; OSM way/260921139 (ODbL), snapshot 2026-07-15T15:22:01Z","osm_type":"way","osm_id":260921139,"osm_url":"https://www.openstreetmap.org/way/260921139","source_timestamp":"2026-07-15T15:22:01Z","scenario_only":false,"layer":"building","name":"Mapped building footprint","osm_building":"yes","context_scope":"candidate-site building check","height_m":9.0},"geometry":{"type":"Polygon","coordinates":[[[-122.4261315,37.7681716],[-122.4260442,37.7681758],[-122.4260309,37.7680036],[-122.4261182,37.7679994],[-122.4261315,37.7681716]]]}},{"type":"Feature","id":"osm-land-building-260921140","properties":{"source":"© OpenStreetMap contributors; OSM way/260921140 (ODbL), snapshot 2026-07-15T15:22:01Z","osm_type":"way","osm_id":260921140,"osm_url":"https://www.openstreetmap.org/way/260921140","source_timestamp":"2026-07-15T15:22:01Z","scenario_only":false,"layer":"building","name":"Mapped building footprint","osm_building":"apartments","context_scope":"candidate-site building check","height_m":13.0},"geometry":{"type":"Polygon","coordinates":[[[-122.4266093,37.7688141],[-122.4266201,37.7689537],[-122.4263571,37.7689664],[-122.4263463,37.7688268],[-122.4266093,37.7688141]]]}},{"type":"Feature","id":"osm-land-building-260921141","properties":{"source":"© OpenStreetMap contributors; OSM way/260921141 (ODbL), snapshot 2026-07-15T15:22:01Z","osm_type":"way","osm_id":260921141,"osm_url":"https://www.openstreetmap.org/way/260921141","source_timestamp":"2026-07-15T15:22:01Z","scenario_only":false,"layer":"building","name":"Mapped building footprint","osm_building":"yes","context_scope":"candidate-site building check","height_m":9.0},"geometry":{"type":"Polygon","coordinates":[[[-122.4246128,37.7684882],[-122.4246881,37.768484],[-122.4247,37.7686164],[-122.4246246,37.7686206],[-122.4246128,37.7684882]]]}},{"type":"Feature","id":"osm-land-building-260921142","properties":{"source":"© OpenStreetMap contributors; OSM way/260921142 (ODbL), snapshot 2026-07-15T15:22:01Z","osm_type":"way","osm_id":260921142,"osm_url":"https://www.openstreetmap.org/way/260921142","source_timestamp":"2026-07-15T15:22:01Z","scenario_only":false,"layer":"building","name":"Mapped building footprint","osm_building":"yes","context_scope":"candidate-site building check","height_m":15.0},"geometry":{"type":"Polygon","coordinates":[[[-122.4265318,37.7681424],[-122.4265402,37.7682506],[-122.4263807,37.7682583],[-122.4262718,37.7682636],[-122.4262634,37.7681554],[-122.4265318,37.7681424]]]}},{"type":"Feature","id":"osm-land-building-260921143","properties":{"source":"© OpenStreetMap contributors; OSM way/260921143 (ODbL), snapshot 2026-07-15T15:22:01Z","osm_type":"way","osm_id":260921143,"osm_url":"https://www.openstreetmap.org/way/260921143","source_timestamp":"2026-07-15T15:22:01Z","scenario_only":false,"layer":"building","name":"Mapped building footprint","osm_building":"apartments","context_scope":"candidate-site building check","height_m":11.0},"geometry":{"type":"Polygon","coordinates":[[[-122.4266025,37.7687404],[-122.4266093,37.7688141],[-122.4263463,37.7688268],[-122.426335,37.7688274],[-122.4263295,37.7687557],[-122.4266025,37.7687404]]]}},{"type":"Feature","id":"osm-land-building-260921144","properties":{"source":"© OpenStreetMap contributors; OSM way/260921144 (ODbL), snapshot 2026-07-15T15:22:01Z","osm_type":"way","osm_id":260921144,"osm_url":"https://www.openstreetmap.org/way/260921144","source_timestamp":"2026-07-15T15:22:01Z","scenario_only":false,"layer":"building","name":"Mapped building footprint","osm_building":"yes","context_scope":"candidate-site building check","height_m":10.0},"geometry":{"type":"Polygon","coordinates":[[[-122.4249389,37.7689113],[-122.4249515,37.7690524],[-122.4248686,37.769057],[-122.424856,37.768916],[-122.4249094,37.768913],[-122.4249389,37.7689113]]]}},{"type":"Feature","id":"osm-land-building-260921145","properties":{"source":"© OpenStreetMap contributors; OSM way/260921145 (ODbL), snapshot 2026-07-15T15:22:01Z","osm_type":"way","osm_id":260921145,"osm_url":"https://www.openstreetmap.org/way/260921145","source_timestamp":"2026-07-15T15:22:01Z","scenario_only":false,"layer":"building","name":"Mapped building footprint","osm_building":"yes","context_scope":"candidate-site building check","height_m":11.0},"geometry":{"type":"Polygon","coordinates":[[[-122.4246067,37.7684206],[-122.4245974,37.7684211],[-122.4245901,37.7683391],[-122.4248541,37.7683244],[-122.4248614,37.7684063],[-122.4246067,37.7684206]]]}},{"type":"Feature","id":"osm-land-building-260921146","properties":{"source":"© OpenStreetMap contributors; OSM way/260921146 (ODbL), snapshot 2026-07-15T15:22:01Z","osm_type":"way","osm_id":260921146,"osm_url":"https://www.openstreetmap.org/way/260921146","source_timestamp":"2026-07-15T15:22:01Z","scenario_only":false,"layer":"building","name":"Mapped building footprint","osm_building":"apartments","context_scope":"candidate-site building check","height_m":21.0},"geometry":{"type":"Polygon","coordinates":[[[-122.4262345,37.7679952],[-122.4265193,37.7679815],[-122.4265318,37.7681424],[-122.4262634,37.7681554],[-122.426247,37.7681562],[-122.4262345,37.7679952]]]}},{"type":"Feature","id":"osm-land-building-260921147","properties":{"source":"© OpenStreetMap contributors; OSM way/260921147 (ODbL), snapshot 2026-07-15T15:22:01Z","osm_type":"way","osm_id":260921147,"osm_url":"https://www.openstreetmap.org/way/260921147","source_timestamp":"2026-07-15T15:22:01Z","scenario_only":false,"layer":"building","name":"Mapped building footprint","osm_building":"yes","context_scope":"candidate-site building check","height_m":12.0},"geometry":{"type":"Polygon","coordinates":[[[-122.4251876,37.7685634],[-122.4252997,37.7685566],[-122.4253071,37.7686341],[-122.4251202,37.7686454],[-122.4251128,37.7685679],[-122.4251876,37.7685634]]]}},{"type":"Feature","id":"osm-land-building-260921148","properties":{"source":"© OpenStreetMap contributors; OSM way/260921148 (ODbL), snapshot 2026-07-15T15:22:01Z","osm_type":"way","osm_id":260921148,"osm_url":"https://www.openstreetmap.org/way/260921148","source_timestamp":"2026-07-15T15:22:01Z","scenario_only":false,"layer":"building","name":"Mapped building footprint","osm_building":"yes","context_scope":"candidate-site building check"},"geometry":{"type":"Polygon","coordinates":[[[-122.4249677,37.7686888],[-122.4248977,37.7686927],[-122.4248928,37.7686379],[-122.4249572,37.7686343],[-122.4249628,37.768634],[-122.4249677,37.7686888]]]}},{"type":"Feature","id":"osm-land-building-260921149","properties":{"source":"© OpenStreetMap contributors; OSM way/260921149 (ODbL), snapshot 2026-07-15T15:22:01Z","osm_type":"way","osm_id":260921149,"osm_url":"https://www.openstreetmap.org/way/260921149","source_timestamp":"2026-07-15T15:22:01Z","scenario_only":false,"layer":"building","name":"Mapped building footprint","osm_building":"yes","context_scope":"candidate-site building check"},"geometry":{"type":"Polygon","coordinates":[[[-122.4249487,37.7685791],[-122.4248852,37.7685826],[-122.4248798,37.7685829],[-122.4248749,37.7685282],[-122.4249372,37.7685247],[-122.4249438,37.7685244],[-122.4249487,37.7685791]]]}},{"type":"Feature","id":"osm-land-building-260921150","properties":{"source":"© OpenStreetMap contributors; OSM way/260921150 (ODbL), snapshot 2026-07-15T15:22:01Z","osm_type":"way","osm_id":260921150,"osm_url":"https://www.openstreetmap.org/way/260921150","source_timestamp":"2026-07-15T15:22:01Z","scenario_only":false,"layer":"building","name":"Mapped building footprint","osm_building":"apartments","context_scope":"candidate-site building check","height_m":12.0},"geometry":{"type":"Polygon","coordinates":[[[-122.4248785,37.7688363],[-122.4246542,37.7688488],[-122.4246484,37.7688492],[-122.4246419,37.7687765],[-122.4246485,37.7687761],[-122.424872,37.7687637],[-122.4248785,37.7688363]]]}},{"type":"Feature","id":"osm-land-building-260921151","properties":{"source":"© OpenStreetMap contributors; OSM way/260921151 (ODbL), snapshot 2026-07-15T15:22:01Z","osm_type":"way","osm_id":260921151,"osm_url":"https://www.openstreetmap.org/way/260921151","source_timestamp":"2026-07-15T15:22:01Z","scenario_only":false,"layer":"building","name":"Mapped building footprint","osm_building":"yes","context_scope":"candidate-site building check","height_m":7.0},"geometry":{"type":"Polygon","coordinates":[[[-122.4262064,37.7679925],[-122.4262219,37.7681941],[-122.4261336,37.7681984],[-122.4261315,37.7681716],[-122.4261182,37.7679994],[-122.426118,37.7679967],[-122.4262064,37.7679925]]]}},{"type":"Feature","id":"osm-land-building-260921152","properties":{"source":"© OpenStreetMap contributors; OSM way/260921152 (ODbL), snapshot 2026-07-15T15:22:01Z","osm_type":"way","osm_id":260921152,"osm_url":"https://www.openstreetmap.org/way/260921152","source_timestamp":"2026-07-15T15:22:01Z","scenario_only":false,"layer":"building","name":"Mapped building footprint","osm_building":"yes","context_scope":"candidate-site building check","height_m":12.0},"geometry":{"type":"Polygon","coordinates":[[[-122.4253256,37.7681617],[-122.4253495,37.7681603],[-122.4253383,37.7680434],[-122.4254871,37.7680344],[-122.4255111,37.7682829],[-122.4253383,37.7682933],[-122.4253256,37.7681617]]]}},{"type":"Feature","id":"osm-land-building-260921154","properties":{"source":"© OpenStreetMap contributors; OSM way/260921154 (ODbL), snapshot 2026-07-15T15:22:01Z","osm_type":"way","osm_id":260921154,"osm_url":"https://www.openstreetmap.org/way/260921154","source_timestamp":"2026-07-15T15:22:01Z","scenario_only":false,"layer":"building","name":"Mapped building footprint","osm_building":"yes","context_scope":"candidate-site building check"},"geometry":{"type":"Polygon","coordinates":[[[-122.4249572,37.7686343],[-122.4248928,37.7686379],[-122.4248901,37.7686381],[-122.4248852,37.7685826],[-122.4249487,37.7685791],[-122.4249522,37.7685789],[-122.4249572,37.7686343]]]}},{"type":"Feature","id":"osm-land-building-260921155","properties":{"source":"© OpenStreetMap contributors; OSM way/260921155 (ODbL), snapshot 2026-07-15T15:22:01Z","osm_type":"way","osm_id":260921155,"osm_url":"https://www.openstreetmap.org/way/260921155","source_timestamp":"2026-07-15T15:22:01Z","scenario_only":false,"layer":"building","name":"Mapped building footprint","osm_building":"yes","context_scope":"candidate-site building check"},"geometry":{"type":"Polygon","coordinates":[[[-122.4249372,37.7685247],[-122.4248749,37.7685282],[-122.4248662,37.7685287],[-122.4248614,37.7684743],[-122.4249242,37.7684708],[-122.4249324,37.7684704],[-122.4249372,37.7685247]]]}},{"type":"Feature","id":"osm-land-building-260921158","properties":{"source":"© OpenStreetMap contributors; OSM way/260921158 (ODbL), snapshot 2026-07-15T15:22:01Z","osm_type":"way","osm_id":260921158,"osm_url":"https://www.openstreetmap.org/way/260921158","source_timestamp":"2026-07-15T15:22:01Z","scenario_only":false,"layer":"building","name":"Mapped building footprint","osm_building":"yes","context_scope":"candidate-site building check","height_m":11.0},"geometry":{"type":"Polygon","coordinates":[[[-122.4247844,37.7682633],[-122.4245869,37.7682751],[-122.4245811,37.7682152],[-122.4246398,37.7682117],[-122.4246898,37.7682087],[-122.4247786,37.7682034],[-122.4247844,37.7682633]]]}},{"type":"Feature","id":"osm-land-building-260921160","properties":{"source":"© OpenStreetMap contributors; OSM way/260921160 (ODbL), snapshot 2026-07-15T15:22:01Z","osm_type":"way","osm_id":260921160,"osm_url":"https://www.openstreetmap.org/way/260921160","source_timestamp":"2026-07-15T15:22:01Z","scenario_only":false,"layer":"building","name":"Mapped building footprint","osm_building":"yes","context_scope":"candidate-site building check","height_m":13.0},"geometry":{"type":"Polygon","coordinates":[[[-122.4251543,37.7690363],[-122.4249672,37.7690455],[-122.424963,37.7689917],[-122.4249757,37.7689911],[-122.4249649,37.7688536],[-122.4251393,37.768845],[-122.4251433,37.7688964],[-122.4251543,37.7690363]]]}},{"type":"Feature","id":"osm-land-building-260921162","properties":{"source":"© OpenStreetMap contributors; OSM way/260921162 (ODbL), snapshot 2026-07-15T15:22:01Z","osm_type":"way","osm_id":260921162,"osm_url":"https://www.openstreetmap.org/way/260921162","source_timestamp":"2026-07-15T15:22:01Z","scenario_only":false,"layer":"building","name":"Mapped building footprint","osm_building":"apartments","context_scope":"candidate-site building check","height_m":13.0},"geometry":{"type":"Polygon","coordinates":[[[-122.424856,37.768916],[-122.4247561,37.7689215],[-122.4246612,37.7689269],[-122.4246542,37.7688488],[-122.4248785,37.7688363],[-122.4249024,37.768835],[-122.4249094,37.768913],[-122.424856,37.768916]]]}},{"type":"Feature","id":"osm-land-building-260921164","properties":{"source":"© OpenStreetMap contributors; OSM way/260921164 (ODbL), snapshot 2026-07-15T15:22:01Z","osm_type":"way","osm_id":260921164,"osm_url":"https://www.openstreetmap.org/way/260921164","source_timestamp":"2026-07-15T15:22:01Z","scenario_only":false,"layer":"building","name":"Mapped building footprint","osm_building":"yes","context_scope":"candidate-site building check","height_m":13.0},"geometry":{"type":"Polygon","coordinates":[[[-122.4263137,37.7687798],[-122.4263286,37.7689723],[-122.426243,37.7689765],[-122.4262364,37.768891],[-122.4262297,37.7688052],[-122.4262647,37.7688035],[-122.4262631,37.7687823],[-122.4263137,37.7687798]]]}},{"type":"Feature","id":"osm-land-building-260921166","properties":{"source":"© OpenStreetMap contributors; OSM way/260921166 (ODbL), snapshot 2026-07-15T15:22:01Z","osm_type":"way","osm_id":260921166,"osm_url":"https://www.openstreetmap.org/way/260921166","source_timestamp":"2026-07-15T15:22:01Z","scenario_only":false,"layer":"building","name":"Mapped building footprint","osm_building":"yes","context_scope":"candidate-site building check","height_m":11.0},"geometry":{"type":"Polygon","coordinates":[[[-122.425277,37.7684754],[-122.4255176,37.7684609],[-122.4255255,37.768543],[-122.4253466,37.7685538],[-122.4252997,37.7685566],[-122.4251876,37.7685634],[-122.4251797,37.7684812],[-122.425277,37.7684754]]]}},{"type":"Feature","id":"osm-land-building-260921168","properties":{"source":"© OpenStreetMap contributors; OSM way/260921168 (ODbL), snapshot 2026-07-15T15:22:01Z","osm_type":"way","osm_id":260921168,"osm_url":"https://www.openstreetmap.org/way/260921168","source_timestamp":"2026-07-15T15:22:01Z","scenario_only":false,"layer":"building","name":"Mapped building footprint","osm_building":"yes","context_scope":"candidate-site building check","height_m":7.0},"geometry":{"type":"Polygon","coordinates":[[[-122.4258641,37.7684689],[-122.4258933,37.7684675],[-122.425904,37.7686058],[-122.4258394,37.7686089],[-122.4257143,37.768615],[-122.4257029,37.7686155],[-122.4256922,37.7684772],[-122.4258641,37.7684689]]]}},{"type":"Feature","id":"osm-land-building-260921170","properties":{"source":"© OpenStreetMap contributors; OSM way/260921170 (ODbL), snapshot 2026-07-15T15:22:01Z","osm_type":"way","osm_id":260921170,"osm_url":"https://www.openstreetmap.org/way/260921170","source_timestamp":"2026-07-15T15:22:01Z","scenario_only":false,"layer":"building","name":"Mapped building footprint","osm_building":"yes","context_scope":"candidate-site building check"},"geometry":{"type":"Polygon","coordinates":[[[-122.4257435,37.7684024],[-122.4257443,37.7684131],[-122.4258594,37.7684075],[-122.4258641,37.7684689],[-122.4256922,37.7684772],[-122.4256845,37.7684776],[-122.425679,37.7684055],[-122.4257435,37.7684024]]]}},{"type":"Feature","id":"osm-land-building-260921172","properties":{"source":"© OpenStreetMap contributors; OSM way/260921172 (ODbL), snapshot 2026-07-15T15:22:01Z","osm_type":"way","osm_id":260921172,"osm_url":"https://www.openstreetmap.org/way/260921172","source_timestamp":"2026-07-15T15:22:01Z","scenario_only":false,"layer":"building","name":"Mapped building footprint","osm_building":"yes","context_scope":"candidate-site building check"},"geometry":{"type":"Polygon","coordinates":[[[-122.4257231,37.7688594],[-122.4257346,37.7690064],[-122.4256588,37.7690101],[-122.425658,37.7690002],[-122.4256454,37.7688402],[-122.4256656,37.7688393],[-122.4256674,37.7688622],[-122.4257231,37.7688594]]]}},{"type":"Feature","id":"osm-land-building-260921173","properties":{"source":"© OpenStreetMap contributors; OSM way/260921173 (ODbL), snapshot 2026-07-15T15:22:01Z","osm_type":"way","osm_id":260921173,"osm_url":"https://www.openstreetmap.org/way/260921173","source_timestamp":"2026-07-15T15:22:01Z","scenario_only":false,"layer":"building","name":"Mapped building footprint","osm_building":"yes","context_scope":"candidate-site building check","height_m":12.0},"geometry":{"type":"Polygon","coordinates":[[[-122.4247844,37.7682633],[-122.4247871,37.7682918],[-122.4248294,37.7682893],[-122.4248324,37.7683206],[-122.4247379,37.7683263],[-122.4247375,37.7683222],[-122.4245922,37.7683309],[-122.4245869,37.7682751],[-122.4247844,37.7682633]]]}},{"type":"Feature","id":"osm-land-building-260921176","properties":{"source":"© OpenStreetMap contributors; OSM way/260921176 (ODbL), snapshot 2026-07-15T15:22:01Z","osm_type":"way","osm_id":260921176,"osm_url":"https://www.openstreetmap.org/way/260921176","source_timestamp":"2026-07-15T15:22:01Z","scenario_only":false,"layer":"building","name":"Mapped building footprint","osm_building":"yes","context_scope":"candidate-site building check"},"geometry":{"type":"Polygon","coordinates":[[[-122.4259585,37.7681885],[-122.4259428,37.7681893],[-122.4259452,37.7682207],[-122.4258978,37.768223],[-122.4258954,37.7681916],[-122.4258735,37.7681927],[-122.4258595,37.7680119],[-122.4259445,37.7680078],[-122.4259585,37.7681885]]]}},{"type":"Feature","id":"osm-land-building-260921179","properties":{"source":"© OpenStreetMap contributors; OSM way/260921179 (ODbL), snapshot 2026-07-15T15:22:01Z","osm_type":"way","osm_id":260921179,"osm_url":"https://www.openstreetmap.org/way/260921179","source_timestamp":"2026-07-15T15:22:01Z","scenario_only":false,"layer":"building","name":"Mapped building footprint","osm_building":"yes","context_scope":"candidate-site building check","height_m":9.0},"geometry":{"type":"Polygon","coordinates":[[[-122.4257804,37.7681049],[-122.425724,37.7681076],[-122.4257249,37.7681184],[-122.4256576,37.7681216],[-122.4256501,37.7680249],[-122.4257549,37.7680198],[-122.4257584,37.7680646],[-122.4257772,37.7680637],[-122.4257804,37.7681049]]]}},{"type":"Feature","id":"osm-land-building-260921180","properties":{"source":"© OpenStreetMap contributors; OSM way/260921180 (ODbL), snapshot 2026-07-15T15:22:01Z","osm_type":"way","osm_id":260921180,"osm_url":"https://www.openstreetmap.org/way/260921180","source_timestamp":"2026-07-15T15:22:01Z","scenario_only":false,"layer":"building","name":"Mapped building footprint","osm_building":"yes","context_scope":"candidate-site building check","height_m":9.0},"geometry":{"type":"Polygon","coordinates":[[[-122.42556,37.7688837],[-122.4255692,37.7690004],[-122.4254858,37.7690045],[-122.4254784,37.7689095],[-122.4254856,37.7689091],[-122.42548,37.7688385],[-122.4255265,37.7688362],[-122.4255304,37.7688852],[-122.42556,37.7688837]]]}},{"type":"Feature","id":"osm-land-building-260921182","properties":{"source":"© OpenStreetMap contributors; OSM way/260921182 (ODbL), snapshot 2026-07-15T15:22:01Z","osm_type":"way","osm_id":260921182,"osm_url":"https://www.openstreetmap.org/way/260921182","source_timestamp":"2026-07-15T15:22:01Z","scenario_only":false,"layer":"building","name":"Mapped building footprint","osm_building":"yes","context_scope":"candidate-site building check","height_m":11.0},"geometry":{"type":"Polygon","coordinates":[[[-122.4255255,37.768543],[-122.4255259,37.7685472],[-122.4255368,37.7685465],[-122.4255424,37.7686043],[-122.4255315,37.7686049],[-122.4255334,37.7686242],[-122.4253545,37.768635],[-122.4253466,37.7685538],[-122.4255255,37.768543]]]}},{"type":"Feature","id":"osm-land-building-260921185","properties":{"source":"© OpenStreetMap contributors; OSM way/260921185 (ODbL), snapshot 2026-07-15T15:22:01Z","osm_type":"way","osm_id":260921185,"osm_url":"https://www.openstreetmap.org/way/260921185","source_timestamp":"2026-07-15T15:22:01Z","scenario_only":false,"layer":"building","name":"Mapped building footprint","osm_building":"yes","context_scope":"candidate-site building check","height_m":10.0},"geometry":{"type":"Polygon","coordinates":[[[-122.4253077,37.7688558],[-122.42531,37.7688857],[-122.4253179,37.7689863],[-122.4253213,37.7690293],[-122.4252328,37.7690336],[-122.4252327,37.7690324],[-122.4252217,37.7688925],[-122.4252191,37.7688601],[-122.4253077,37.7688558]]]}},{"type":"Feature","id":"osm-land-building-260921186","properties":{"source":"© OpenStreetMap contributors; OSM way/260921186 (ODbL), snapshot 2026-07-15T15:22:01Z","osm_type":"way","osm_id":260921186,"osm_url":"https://www.openstreetmap.org/way/260921186","source_timestamp":"2026-07-15T15:22:01Z","scenario_only":false,"layer":"building","name":"Mapped building footprint","osm_building":"yes","context_scope":"candidate-site building check","height_m":12.0},"geometry":{"type":"Polygon","coordinates":[[[-122.4259895,37.7689939],[-122.4258987,37.7689983],[-122.4258975,37.7689822],[-122.4258841,37.7688103],[-122.425883,37.7687969],[-122.4259738,37.7687925],[-122.4259783,37.7688498],[-122.425985,37.7689362],[-122.4259895,37.7689939]]]}},{"type":"Feature","id":"osm-land-building-260921188","properties":{"source":"© OpenStreetMap contributors; OSM way/260921188 (ODbL), snapshot 2026-07-15T15:22:01Z","osm_type":"way","osm_id":260921188,"osm_url":"https://www.openstreetmap.org/way/260921188","source_timestamp":"2026-07-15T15:22:01Z","scenario_only":false,"layer":"building","name":"Mapped building footprint","osm_building":"yes","context_scope":"candidate-site building check","height_m":6.0},"geometry":{"type":"Polygon","coordinates":[[[-122.42578,37.7683383],[-122.4257805,37.7683454],[-122.4258275,37.7683431],[-122.4258318,37.7683982],[-122.4257435,37.7684024],[-122.425679,37.7684055],[-122.425674,37.7684058],[-122.4256692,37.7683436],[-122.42578,37.7683383]]]}},{"type":"Feature","id":"osm-land-building-260921196","properties":{"source":"© OpenStreetMap contributors; OSM way/260921196 (ODbL), snapshot 2026-07-15T15:22:01Z","osm_type":"way","osm_id":260921196,"osm_url":"https://www.openstreetmap.org/way/260921196","source_timestamp":"2026-07-15T15:22:01Z","scenario_only":false,"layer":"building","name":"Mapped building footprint","osm_building":"yes","context_scope":"candidate-site building check"},"geometry":{"type":"Polygon","coordinates":[[[-122.4248484,37.7684751],[-122.4248533,37.7685294],[-122.4247812,37.7685335],[-122.4247829,37.7685533],[-122.4247076,37.7685575],[-122.4247022,37.7684967],[-122.4247736,37.7684927],[-122.4247724,37.7684793],[-122.4248484,37.7684751]]]}},{"type":"Feature","id":"osm-land-building-260921199","properties":{"source":"© OpenStreetMap contributors; OSM way/260921199 (ODbL), snapshot 2026-07-15T15:22:01Z","osm_type":"way","osm_id":260921199,"osm_url":"https://www.openstreetmap.org/way/260921199","source_timestamp":"2026-07-15T15:22:01Z","scenario_only":false,"layer":"building","name":"Mapped building footprint","osm_building":"yes","context_scope":"candidate-site building check"},"geometry":{"type":"Polygon","coordinates":[[[-122.425658,37.7690002],[-122.4255695,37.7690046],[-122.4255692,37.7690004],[-122.42556,37.7688837],[-122.425559,37.768871],[-122.4256347,37.7688673],[-122.4256326,37.7688409],[-122.4256454,37.7688402],[-122.425658,37.7690002]]]}},{"type":"Feature","id":"osm-land-building-260921202","properties":{"source":"© OpenStreetMap contributors; OSM way/260921202 (ODbL), snapshot 2026-07-15T15:22:01Z","osm_type":"way","osm_id":260921202,"osm_url":"https://www.openstreetmap.org/way/260921202","source_timestamp":"2026-07-15T15:22:01Z","scenario_only":false,"layer":"building","name":"Mapped building footprint","osm_building":"yes","context_scope":"candidate-site building check","height_m":9.0},"geometry":{"type":"Polygon","coordinates":[[[-122.425397,37.7689004],[-122.4254061,37.7690167],[-122.4253257,37.7690206],[-122.4253229,37.768986],[-122.4253179,37.7689863],[-122.42531,37.7688857],[-122.4253636,37.7688831],[-122.4253619,37.7688611],[-122.4253938,37.7688595],[-122.425397,37.7689004]]]}},{"type":"Feature","id":"osm-land-building-260921203","properties":{"source":"© OpenStreetMap contributors; OSM way/260921203 (ODbL), snapshot 2026-07-15T15:22:01Z","osm_type":"way","osm_id":260921203,"osm_url":"https://www.openstreetmap.org/way/260921203","source_timestamp":"2026-07-15T15:22:01Z","scenario_only":false,"layer":"building","name":"Mapped building footprint","osm_building":"yes","context_scope":"candidate-site building check"},"geometry":{"type":"Polygon","coordinates":[[[-122.4258142,37.7689862],[-122.4258148,37.7689942],[-122.4257414,37.7689977],[-122.4257291,37.7688402],[-122.4257677,37.7688384],[-122.4257702,37.7688702],[-122.4258,37.7688687],[-122.4258026,37.7689018],[-122.4258076,37.7689015],[-122.4258142,37.7689862]]]}},{"type":"Feature","id":"osm-land-building-260921204","properties":{"source":"© OpenStreetMap contributors; OSM way/260921204 (ODbL), snapshot 2026-07-15T15:22:01Z","osm_type":"way","osm_id":260921204,"osm_url":"https://www.openstreetmap.org/way/260921204","source_timestamp":"2026-07-15T15:22:01Z","scenario_only":false,"layer":"building","name":"Mapped building footprint","osm_building":"yes","context_scope":"candidate-site building check","height_m":9.0},"geometry":{"type":"Polygon","coordinates":[[[-122.4249182,37.7684032],[-122.4249242,37.7684708],[-122.4248614,37.7684743],[-122.4248484,37.7684751],[-122.4247724,37.7684793],[-122.4246881,37.768484],[-122.4246128,37.7684882],[-122.4246067,37.7684206],[-122.4248614,37.7684063],[-122.4249182,37.7684032]]]}},{"type":"Feature","id":"osm-land-building-260921205","properties":{"source":"© OpenStreetMap contributors; OSM way/260921205 (ODbL), snapshot 2026-07-15T15:22:01Z","osm_type":"way","osm_id":260921205,"osm_url":"https://www.openstreetmap.org/way/260921205","source_timestamp":"2026-07-15T15:22:01Z","scenario_only":false,"layer":"building","name":"Mapped building footprint","osm_building":"yes","context_scope":"candidate-site building check","height_m":6.0},"geometry":{"type":"Polygon","coordinates":[[[-122.4249393,37.7682135],[-122.4249256,37.7680711],[-122.4250294,37.7680649],[-122.425046,37.7682365],[-122.425031,37.7682374],[-122.4250343,37.7682714],[-122.4249568,37.768276],[-122.4249536,37.7682421],[-122.4249421,37.7682428],[-122.4249393,37.7682135]]]}},{"type":"Feature","id":"osm-land-building-260921206","properties":{"source":"© OpenStreetMap contributors; OSM way/260921206 (ODbL), snapshot 2026-07-15T15:22:01Z","osm_type":"way","osm_id":260921206,"osm_url":"https://www.openstreetmap.org/way/260921206","source_timestamp":"2026-07-15T15:22:01Z","scenario_only":false,"layer":"building","name":"Mapped building footprint","osm_building":"yes","context_scope":"candidate-site building check","height_m":9.0},"geometry":{"type":"Polygon","coordinates":[[[-122.4260309,37.7680036],[-122.4260442,37.7681758],[-122.4260448,37.7681844],[-122.4260273,37.7681852],[-122.4260296,37.768215],[-122.4259861,37.7682171],[-122.4259838,37.7681873],[-122.4259585,37.7681885],[-122.4259445,37.7680078],[-122.4260309,37.7680036]]]}},{"type":"Feature","id":"osm-land-building-260940119","properties":{"source":"© OpenStreetMap contributors; OSM way/260940119 (ODbL), snapshot 2026-07-15T15:22:01Z","osm_type":"way","osm_id":260940119,"osm_url":"https://www.openstreetmap.org/way/260940119","source_timestamp":"2026-07-15T15:22:01Z","scenario_only":false,"layer":"building","name":"Mapped building footprint","osm_building":"apartments","context_scope":"candidate-site building check","height_m":12.0},"geometry":{"type":"Polygon","coordinates":[[[-122.424345,37.768516],[-122.4243515,37.7685745],[-122.4243604,37.7685814],[-122.4243646,37.7685927],[-122.4243629,37.7686028],[-122.4243558,37.7686103],[-122.4243456,37.7686143],[-122.4243292,37.7686149],[-122.4243183,37.7686083],[-122.4241575,37.7686166],[-122.4241509,37.7685398],[-122.4241497,37.7685265],[-122.424345,37.768516]]]}},{"type":"Feature","id":"osm-land-building-260940120","properties":{"source":"© OpenStreetMap contributors; OSM way/260940120 (ODbL), snapshot 2026-07-15T15:22:01Z","osm_type":"way","osm_id":260940120,"osm_url":"https://www.openstreetmap.org/way/260940120","source_timestamp":"2026-07-15T15:22:01Z","scenario_only":false,"layer":"building","name":"Mapped building footprint","osm_building":"yes","context_scope":"candidate-site building check","height_m":13.0},"geometry":{"type":"Polygon","coordinates":[[[-122.4232068,37.7686732],[-122.423033,37.7686824],[-122.4230259,37.7685988],[-122.4230841,37.7685957],[-122.4230826,37.7685777],[-122.4230244,37.7685808],[-122.4230212,37.768544],[-122.4230175,37.7685],[-122.4231922,37.7684907],[-122.4231989,37.76857],[-122.423135,37.7685734],[-122.4231366,37.7685923],[-122.4231996,37.768589],[-122.4232068,37.7686732]]]}},{"type":"Feature","id":"osm-land-building-260940121","properties":{"source":"© OpenStreetMap contributors; OSM way/260940121 (ODbL), snapshot 2026-07-15T15:22:01Z","osm_type":"way","osm_id":260940121,"osm_url":"https://www.openstreetmap.org/way/260940121","source_timestamp":"2026-07-15T15:22:01Z","scenario_only":false,"layer":"building","name":"Mapped building footprint","osm_building":"yes","context_scope":"candidate-site building check","height_m":14.0},"geometry":{"type":"Polygon","coordinates":[[[-122.4228973,37.7683563],[-122.4229067,37.768465],[-122.422871,37.7684669],[-122.4228696,37.7684506],[-122.4228205,37.7684533],[-122.4228189,37.7684351],[-122.4227984,37.7682015],[-122.4228085,37.7681938],[-122.4228324,37.768193],[-122.4228399,37.7681996],[-122.4228486,37.7681905],[-122.4228726,37.7681899],[-122.4228846,37.7682004],[-122.4228973,37.7683563]]]}},{"type":"Feature","id":"osm-land-building-260940126","properties":{"source":"© OpenStreetMap contributors; OSM way/260940126 (ODbL), snapshot 2026-07-15T15:22:01Z","osm_type":"way","osm_id":260940126,"osm_url":"https://www.openstreetmap.org/way/260940126","source_timestamp":"2026-07-15T15:22:01Z","scenario_only":false,"layer":"building","name":"Mapped building footprint","osm_building":"yes","context_scope":"candidate-site building check","height_m":16.0},"geometry":{"type":"Polygon","coordinates":[[[-122.4227497,37.7686992],[-122.4227425,37.7686148],[-122.422736,37.7685397],[-122.4228262,37.7685348],[-122.4228314,37.7685958],[-122.422836,37.7685955],[-122.4228445,37.7686941],[-122.4228369,37.7686945],[-122.4228374,37.7687],[-122.4228027,37.7687019],[-122.4228022,37.7686963],[-122.4227949,37.7686967],[-122.4227953,37.7687017],[-122.4227653,37.7687033],[-122.4227649,37.7686983],[-122.4227497,37.7686992]]]}},{"type":"Feature","id":"osm-land-building-260940128","properties":{"source":"© OpenStreetMap contributors; OSM way/260940128 (ODbL), snapshot 2026-07-15T15:22:01Z","osm_type":"way","osm_id":260940128,"osm_url":"https://www.openstreetmap.org/way/260940128","source_timestamp":"2026-07-15T15:22:01Z","scenario_only":false,"layer":"building","name":"Mapped building footprint","osm_building":"retail","context_scope":"candidate-site building check","height_m":6.0},"geometry":{"type":"Polygon","coordinates":[[[-122.4243215,37.7683234],[-122.4242415,37.7683277],[-122.42424,37.7683107],[-122.424224,37.7683115],[-122.424223,37.7682999],[-122.4240817,37.7683075],[-122.4240658,37.7681221],[-122.4242591,37.7681117],[-122.4242583,37.7681021],[-122.4243027,37.7680997],[-122.4243063,37.7681414],[-122.4242961,37.7681419],[-122.4243068,37.7682658],[-122.4243249,37.7682649],[-122.4243276,37.7682956],[-122.4243191,37.7682961],[-122.4243215,37.7683234]]]}},{"type":"Feature","id":"osm-land-building-260940130","properties":{"source":"© OpenStreetMap contributors; OSM way/260940130 (ODbL), snapshot 2026-07-15T15:22:01Z","osm_type":"way","osm_id":260940130,"osm_url":"https://www.openstreetmap.org/way/260940130","source_timestamp":"2026-07-15T15:22:01Z","scenario_only":false,"layer":"building","name":"Mapped building footprint","osm_building":"yes","context_scope":"candidate-site building check","height_m":8.0},"geometry":{"type":"Polygon","coordinates":[[[-122.4238583,37.7685539],[-122.4238656,37.768635],[-122.4237444,37.7686418],[-122.4237371,37.7685607],[-122.4237462,37.7685602],[-122.4237442,37.7685379],[-122.4237322,37.7685308],[-122.4237317,37.7685114],[-122.4237409,37.7685066],[-122.423736,37.7684475],[-122.4238374,37.7684418],[-122.4238424,37.7684981],[-122.4238535,37.7685067],[-122.4238544,37.7685169],[-122.4238551,37.7685248],[-122.4238456,37.7685339],[-122.4238475,37.7685545],[-122.4238583,37.7685539]]]}},{"type":"Feature","id":"osm-land-building-260940131","properties":{"source":"© OpenStreetMap contributors; OSM way/260940131 (ODbL), snapshot 2026-07-15T15:22:01Z","osm_type":"way","osm_id":260940131,"osm_url":"https://www.openstreetmap.org/way/260940131","source_timestamp":"2026-07-15T15:22:01Z","scenario_only":false,"layer":"building","name":"Mapped building footprint","osm_building":"yes","context_scope":"candidate-site building check","height_m":8.0},"geometry":{"type":"Polygon","coordinates":[[[-122.4239611,37.7686296],[-122.4238656,37.768635],[-122.4238583,37.7685539],[-122.4238662,37.7685535],[-122.4238657,37.7685222],[-122.4238544,37.7685169],[-122.4238535,37.7685067],[-122.4238532,37.7684982],[-122.4238607,37.7684924],[-122.423857,37.7684312],[-122.4239327,37.7684277],[-122.4239382,37.7684863],[-122.4239486,37.7684914],[-122.4239502,37.7685129],[-122.4239413,37.7685198],[-122.4239439,37.7685491],[-122.4239538,37.7685486],[-122.4239611,37.7686296]]]}},{"type":"Feature","id":"osm-land-building-260940132","properties":{"source":"© OpenStreetMap contributors; OSM way/260940132 (ODbL), snapshot 2026-07-15T15:22:01Z","osm_type":"way","osm_id":260940132,"osm_url":"https://www.openstreetmap.org/way/260940132","source_timestamp":"2026-07-15T15:22:01Z","scenario_only":false,"layer":"building","name":"Mapped building footprint","osm_building":"apartments","context_scope":"candidate-site building check","height_m":10.0},"geometry":{"type":"Polygon","coordinates":[[[-122.4241228,37.7684549],[-122.4241565,37.7684531],[-122.4241578,37.7684673],[-122.424244,37.7684627],[-122.4242428,37.7684481],[-122.4243278,37.7684436],[-122.4243387,37.768443],[-122.4243495,37.768451],[-122.4243501,37.7684706],[-122.4243428,37.7684753],[-122.4243423,37.768481],[-122.4243515,37.7684852],[-122.4243531,37.7685043],[-122.4243451,37.7685094],[-122.424345,37.768516],[-122.4241497,37.7685265],[-122.4240665,37.768531],[-122.4240603,37.7684583],[-122.4241228,37.7684549]]]}},{"type":"Feature","id":"osm-land-building-260940133","properties":{"source":"© OpenStreetMap contributors; OSM way/260940133 (ODbL), snapshot 2026-07-15T15:22:01Z","osm_type":"way","osm_id":260940133,"osm_url":"https://www.openstreetmap.org/way/260940133","source_timestamp":"2026-07-15T15:22:01Z","scenario_only":false,"layer":"building","name":"Mapped building footprint","osm_building":"yes","context_scope":"candidate-site building check"},"geometry":{"type":"Polygon","coordinates":[[[-122.4227984,37.7682015],[-122.4228189,37.7684351],[-122.422731,37.7684398],[-122.4227273,37.7683963],[-122.4227491,37.7683951],[-122.4227478,37.76838],[-122.4227576,37.7683795],[-122.4227529,37.7683247],[-122.4227215,37.7683264],[-122.4227167,37.7682701],[-122.42271,37.7682027],[-122.422719,37.7681912],[-122.4227391,37.7681903],[-122.4227449,37.7681974],[-122.4227577,37.7681976],[-122.4227647,37.7681881],[-122.4227884,37.7681879],[-122.422797,37.7681958],[-122.4227984,37.7682015]]]}},{"type":"Feature","id":"osm-land-building-260940134","properties":{"source":"© OpenStreetMap contributors; OSM way/260940134 (ODbL), snapshot 2026-07-15T15:22:01Z","osm_type":"way","osm_id":260940134,"osm_url":"https://www.openstreetmap.org/way/260940134","source_timestamp":"2026-07-15T15:22:01Z","scenario_only":false,"layer":"building","name":"Mapped building footprint","osm_building":"apartments","context_scope":"candidate-site building check","height_m":15.0},"geometry":{"type":"Polygon","coordinates":[[[-122.4225974,37.768404],[-122.4226386,37.7684017],[-122.4226417,37.7684375],[-122.4226562,37.7684367],[-122.4226599,37.7684803],[-122.4226456,37.768481],[-122.4226505,37.7685379],[-122.4226622,37.7685372],[-122.4226657,37.7685783],[-122.4226541,37.7685789],[-122.4226576,37.7686194],[-122.4224006,37.7686332],[-122.4223957,37.7685763],[-122.4224022,37.768576],[-122.4223883,37.7684152],[-122.4224555,37.7684116],[-122.4224565,37.7684232],[-122.4225664,37.7684173],[-122.4225654,37.7684057],[-122.4225974,37.768404]]]}},{"type":"Feature","id":"osm-land-building-260940135","properties":{"source":"© OpenStreetMap contributors; OSM way/260940135 (ODbL), snapshot 2026-07-15T15:22:01Z","osm_type":"way","osm_id":260940135,"osm_url":"https://www.openstreetmap.org/way/260940135","source_timestamp":"2026-07-15T15:22:01Z","scenario_only":false,"layer":"building","name":"Mapped building footprint","osm_building":"apartments","context_scope":"candidate-site building check","height_m":10.0},"geometry":{"type":"Polygon","coordinates":[[[-122.4242314,37.768383],[-122.4243222,37.7683781],[-122.4243228,37.7683831],[-122.4243283,37.7683874],[-122.4243325,37.7683938],[-122.4243345,37.7683996],[-122.4243346,37.7684065],[-122.4243317,37.7684131],[-122.4243265,37.7684174],[-122.4243278,37.7684436],[-122.4242428,37.7684481],[-122.4242262,37.768449],[-122.4242254,37.7684395],[-122.4242096,37.7684403],[-122.4242105,37.7684502],[-122.4241565,37.7684531],[-122.4241228,37.7684549],[-122.4241196,37.7684176],[-122.4241419,37.7684164],[-122.4241403,37.7683978],[-122.4242323,37.7683928],[-122.4242314,37.768383]]]}},{"type":"Feature","id":"osm-land-building-260940136","properties":{"source":"© OpenStreetMap contributors; OSM way/260940136 (ODbL), snapshot 2026-07-15T15:22:01Z","osm_type":"way","osm_id":260940136,"osm_url":"https://www.openstreetmap.org/way/260940136","source_timestamp":"2026-07-15T15:22:01Z","scenario_only":false,"layer":"building","name":"Mapped building footprint","osm_building":"yes","context_scope":"candidate-site building check"},"geometry":{"type":"Polygon","coordinates":[[[-122.423961,37.7684607],[-122.4239787,37.7684597],[-122.4239781,37.768453],[-122.4240182,37.7684508],[-122.4240188,37.7684575],[-122.4240318,37.7684568],[-122.4240351,37.7684933],[-122.4240228,37.768494],[-122.4240269,37.7685399],[-122.4240198,37.7685467],[-122.424021,37.7685622],[-122.4240346,37.7685669],[-122.4240395,37.7686159],[-122.4240255,37.7686203],[-122.4240168,37.7686244],[-122.42399,37.768626],[-122.4239876,37.7686227],[-122.4239721,37.76862],[-122.423968,37.768576],[-122.423974,37.7685756],[-122.423972,37.7685535],[-122.4239681,37.7685539],[-122.423961,37.7684607]]]}},{"type":"Feature","id":"osm-land-building-260940137","properties":{"source":"© OpenStreetMap contributors; OSM way/260940137 (ODbL), snapshot 2026-07-15T15:22:01Z","osm_type":"way","osm_id":260940137,"osm_url":"https://www.openstreetmap.org/way/260940137","source_timestamp":"2026-07-15T15:22:01Z","scenario_only":false,"layer":"building","name":"Mapped building footprint","osm_building":"yes","context_scope":"candidate-site building check","height_m":13.0},"geometry":{"type":"Polygon","coordinates":[[[-122.4240658,37.7681221],[-122.4240817,37.7683075],[-122.4240838,37.7683318],[-122.4240439,37.768334],[-122.4240434,37.7683286],[-122.4240137,37.7683302],[-122.4240143,37.7683367],[-122.4239812,37.7683385],[-122.4239807,37.7683319],[-122.423929,37.7683346],[-122.4239297,37.7683428],[-122.423895,37.7683447],[-122.4238943,37.7683364],[-122.4238646,37.768338],[-122.4238653,37.7683466],[-122.423823,37.7683489],[-122.4238041,37.7681297],[-122.423855,37.7681246],[-122.4238558,37.7681344],[-122.4238948,37.7681323],[-122.4238943,37.7681266],[-122.4239238,37.768125],[-122.4239243,37.7681308],[-122.4239465,37.7681296],[-122.423946,37.7681245],[-122.423974,37.768123],[-122.4239744,37.7681282],[-122.4240155,37.768126],[-122.4240147,37.7681161],[-122.4240651,37.7681134],[-122.4240658,37.7681221]]]}},{"type":"Feature","id":"osm-land-building-260940138","properties":{"source":"© OpenStreetMap contributors; OSM way/260940138 (ODbL), snapshot 2026-07-15T15:22:01Z","osm_type":"way","osm_id":260940138,"osm_url":"https://www.openstreetmap.org/way/260940138","source_timestamp":"2026-07-15T15:22:01Z","scenario_only":false,"layer":"building","name":"Mapped building footprint","osm_building":"yes","context_scope":"candidate-site building check"},"geometry":{"type":"Polygon","coordinates":[[[-122.4241575,37.7686166],[-122.4240568,37.768622],[-122.4240502,37.7685452],[-122.4241509,37.7685398],[-122.4241575,37.7686166]]]}},{"type":"Feature","id":"osm-land-building-260940139","properties":{"source":"© OpenStreetMap contributors; OSM way/260940139 (ODbL), snapshot 2026-07-15T15:22:01Z","osm_type":"way","osm_id":260940139,"osm_url":"https://www.openstreetmap.org/way/260940139","source_timestamp":"2026-07-15T15:22:01Z","scenario_only":false,"layer":"building","name":"Mapped building footprint","osm_building":"yes","context_scope":"candidate-site building check"},"geometry":{"type":"Polygon","coordinates":[[[-122.4229133,37.7685794],[-122.4229217,37.7686758],[-122.4228486,37.7686798],[-122.4228402,37.7685834],[-122.4229133,37.7685794]]]}},{"type":"Feature","id":"osm-land-building-260940140","properties":{"source":"© OpenStreetMap contributors; OSM way/260940140 (ODbL), snapshot 2026-07-15T15:22:01Z","osm_type":"way","osm_id":260940140,"osm_url":"https://www.openstreetmap.org/way/260940140","source_timestamp":"2026-07-15T15:22:01Z","scenario_only":false,"layer":"building","name":"Mapped building footprint","osm_building":"yes","context_scope":"candidate-site building check","height_m":8.0},"geometry":{"type":"Polygon","coordinates":[[[-122.4227425,37.7686148],[-122.4227497,37.7686992],[-122.4227499,37.7687005],[-122.422408,37.7687188],[-122.4224006,37.7686332],[-122.4226576,37.7686194],[-122.4227425,37.7686148]]]}},{"type":"Feature","id":"osm-land-building-260940141","properties":{"source":"© OpenStreetMap contributors; OSM way/260940141 (ODbL), snapshot 2026-07-15T15:22:01Z","osm_type":"way","osm_id":260940141,"osm_url":"https://www.openstreetmap.org/way/260940141","source_timestamp":"2026-07-15T15:22:01Z","scenario_only":false,"layer":"building","name":"Mapped building footprint","osm_building":"apartments","context_scope":"candidate-site building check","height_m":15.0},"geometry":{"type":"Polygon","coordinates":[[[-122.42271,37.7682027],[-122.4227167,37.7682701],[-122.4226947,37.7682713],[-122.4226975,37.7683047],[-122.4226488,37.7683073],[-122.4226475,37.7682924],[-122.4226297,37.7682934],[-122.4226288,37.7682833],[-122.4226214,37.7682837],[-122.4226206,37.7682751],[-122.422566,37.768278],[-122.4225737,37.7683673],[-122.4225941,37.7683662],[-122.4225974,37.768404],[-122.4225654,37.7684057],[-122.4224555,37.7684116],[-122.4223883,37.7684152],[-122.42238,37.7684156],[-122.4223676,37.7684093],[-122.4223662,37.7683978],[-122.4223768,37.7683888],[-122.4223754,37.7683558],[-122.4223645,37.7683514],[-122.4223651,37.768332],[-122.4223734,37.76833],[-122.4223734,37.7683227],[-122.4223617,37.7683161],[-122.4223615,37.7682956],[-122.4223707,37.7682914],[-122.4223673,37.7682443],[-122.4223525,37.7682348],[-122.4223511,37.7682234],[-122.4223624,37.768211],[-122.4223754,37.7682117],[-122.4223902,37.7682209],[-122.4224116,37.7682203],[-122.42242,37.7682106],[-122.4224347,37.7682108],[-122.4224392,37.7682174],[-122.4224924,37.7682157],[-122.4225027,37.7682064],[-122.4225186,37.7682064],[-122.4225256,37.7682119],[-122.4225766,37.7682093],[-122.4225858,37.7682022],[-122.4225997,37.7682013],[-122.4226097,37.7682077],[-122.4226493,37.7682057],[-122.4226557,37.7681972],[-122.4226836,37.7681954],[-122.4226914,37.7682036],[-122.42271,37.7682027]]]}},{"type":"Feature","id":"osm-land-building-260940143","properties":{"source":"© OpenStreetMap contributors; OSM way/260940143 (ODbL), snapshot 2026-07-15T15:22:01Z","osm_type":"way","osm_id":260940143,"osm_url":"https://www.openstreetmap.org/way/260940143","source_timestamp":"2026-07-15T15:22:01Z","scenario_only":false,"layer":"building","name":"Mapped building footprint","osm_building":"yes","context_scope":"candidate-site building check"},"geometry":{"type":"Polygon","coordinates":[[[-122.423033,37.7686824],[-122.4229435,37.7686872],[-122.4229317,37.7685488],[-122.4230212,37.768544],[-122.4230244,37.7685808],[-122.4230259,37.7685988],[-122.423033,37.7686824]]]}},{"type":"Feature","id":"osm-land-building-260940145","properties":{"source":"© OpenStreetMap contributors; OSM way/260940145 (ODbL), snapshot 2026-07-15T15:22:01Z","osm_type":"way","osm_id":260940145,"osm_url":"https://www.openstreetmap.org/way/260940145","source_timestamp":"2026-07-15T15:22:01Z","scenario_only":false,"layer":"building","name":"Mapped building footprint","osm_building":"yes","context_scope":"candidate-site building check","height_m":9.0},"geometry":{"type":"Polygon","coordinates":[[[-122.4230564,37.7681893],[-122.4230702,37.7683503],[-122.4230713,37.768363],[-122.4229872,37.7683675],[-122.4229858,37.7683515],[-122.4229723,37.7681938],[-122.4230564,37.7681893]]]}},{"type":"Feature","id":"osm-land-building-260940146","properties":{"source":"© OpenStreetMap contributors; OSM way/260940146 (ODbL), snapshot 2026-07-15T15:22:01Z","osm_type":"way","osm_id":260940146,"osm_url":"https://www.openstreetmap.org/way/260940146","source_timestamp":"2026-07-15T15:22:01Z","scenario_only":false,"layer":"building","name":"Mapped building footprint","osm_building":"yes","context_scope":"candidate-site building check"},"geometry":{"type":"Polygon","coordinates":[[[-122.4229723,37.7681938],[-122.4229858,37.7683515],[-122.4228973,37.7683563],[-122.4228846,37.7682004],[-122.4228826,37.768189],[-122.4228951,37.768182],[-122.4229711,37.7681801],[-122.4229723,37.7681938]]]}},{"type":"Feature","id":"osm-land-building-260940148","properties":{"source":"© OpenStreetMap contributors; OSM way/260940148 (ODbL), snapshot 2026-07-15T15:22:01Z","osm_type":"way","osm_id":260940148,"osm_url":"https://www.openstreetmap.org/way/260940148","source_timestamp":"2026-07-15T15:22:01Z","scenario_only":false,"layer":"building","name":"Mapped building footprint","osm_building":"apartments","context_scope":"candidate-site building check","height_m":6.0},"geometry":{"type":"Polygon","coordinates":[[[-122.4243277,37.768323],[-122.4243314,37.7683729],[-122.4243222,37.7683781],[-122.4242314,37.768383],[-122.4241524,37.7683872],[-122.4241477,37.7683327],[-122.4242415,37.7683277],[-122.4243215,37.7683234],[-122.4243277,37.768323]]]}},{"type":"Feature","id":"osm-land-building-260960873","properties":{"source":"© OpenStreetMap contributors; OSM way/260960873 (ODbL), snapshot 2026-07-15T15:22:01Z","osm_type":"way","osm_id":260960873,"osm_url":"https://www.openstreetmap.org/way/260960873","source_timestamp":"2026-07-15T15:22:01Z","scenario_only":false,"layer":"building","name":"Mapped building footprint","osm_building":"yes","context_scope":"candidate-site building check","height_m":9.0},"geometry":{"type":"Polygon","coordinates":[[[-122.4222232,37.7696908],[-122.422236,37.7697023],[-122.4222373,37.7697252],[-122.4222297,37.7697376],[-122.4222395,37.7697491],[-122.4222409,37.7697742],[-122.4222346,37.7697862],[-122.4221963,37.7697885],[-122.4221817,37.7697777],[-122.4220675,37.7697845],[-122.4220563,37.7697969],[-122.4220345,37.7697982],[-122.4220153,37.7697876],[-122.4220151,37.7697613],[-122.422003,37.7697607],[-122.4219982,37.7697177],[-122.4220094,37.7697171],[-122.4220083,37.769704],[-122.4222232,37.7696908]]]}},{"type":"Feature","id":"osm-land-building-260960874","properties":{"source":"© OpenStreetMap contributors; OSM way/260960874 (ODbL), snapshot 2026-07-15T15:22:01Z","osm_type":"way","osm_id":260960874,"osm_url":"https://www.openstreetmap.org/way/260960874","source_timestamp":"2026-07-15T15:22:01Z","scenario_only":false,"layer":"building","name":"Mapped building footprint","osm_building":"yes","context_scope":"candidate-site building check","height_m":12.0},"geometry":{"type":"Polygon","coordinates":[[[-122.421932,37.7695561],[-122.4219468,37.7697078],[-122.4219549,37.7697912],[-122.4219381,37.769804],[-122.4219014,37.7698063],[-122.4218923,37.7697949],[-122.4218735,37.769796],[-122.4218612,37.7698087],[-122.421826,37.7698108],[-122.4218118,37.7697998],[-122.4217971,37.769645],[-122.4217795,37.7694588],[-122.4217707,37.7693658],[-122.4218397,37.7693613],[-122.421849,37.7694705],[-122.4219026,37.7694677],[-122.4219042,37.7694869],[-122.4219251,37.7694857],[-122.421932,37.7695561]]]}},{"type":"Feature","id":"osm-land-building-260960875","properties":{"source":"© OpenStreetMap contributors; OSM way/260960875 (ODbL), snapshot 2026-07-15T15:22:01Z","osm_type":"way","osm_id":260960875,"osm_url":"https://www.openstreetmap.org/way/260960875","source_timestamp":"2026-07-15T15:22:01Z","scenario_only":false,"layer":"building","name":"Mapped building footprint","osm_building":"yes","context_scope":"candidate-site building check","height_m":4.0},"geometry":{"type":"Polygon","coordinates":[[[-122.4217971,37.769645],[-122.4215521,37.7696595],[-122.421533,37.7694581],[-122.4217193,37.769447],[-122.4217207,37.7694623],[-122.4217795,37.7694588],[-122.4217971,37.769645]]]}},{"type":"Feature","id":"osm-land-building-260960876","properties":{"source":"© OpenStreetMap contributors; OSM way/260960876 (ODbL), snapshot 2026-07-15T15:22:01Z","osm_type":"way","osm_id":260960876,"osm_url":"https://www.openstreetmap.org/way/260960876","source_timestamp":"2026-07-15T15:22:01Z","scenario_only":false,"layer":"building","name":"Scuderia West","osm_building":"yes","context_scope":"candidate-site building check","height_m":9.0},"geometry":{"type":"Polygon","coordinates":[[[-122.4218118,37.7697998],[-122.4215669,37.7698136],[-122.4215521,37.7696595],[-122.4217971,37.769645],[-122.4218118,37.7697998]]]}},{"type":"Feature","id":"osm-land-building-260960877","properties":{"source":"© OpenStreetMap contributors; OSM way/260960877 (ODbL), snapshot 2026-07-15T15:22:01Z","osm_type":"way","osm_id":260960877,"osm_url":"https://www.openstreetmap.org/way/260960877","source_timestamp":"2026-07-15T15:22:01Z","scenario_only":false,"layer":"building","name":"Mapped building footprint","osm_building":"yes","context_scope":"candidate-site building check"},"geometry":{"type":"Polygon","coordinates":[[[-122.4217795,37.7694588],[-122.4217207,37.7694623],[-122.4217193,37.769447],[-122.421533,37.7694581],[-122.4215257,37.7693806],[-122.4217707,37.7693658],[-122.4217795,37.7694588]]]}},{"type":"Feature","id":"osm-land-building-260960878","properties":{"source":"© OpenStreetMap contributors; OSM way/260960878 (ODbL), snapshot 2026-07-15T15:22:01Z","osm_type":"way","osm_id":260960878,"osm_url":"https://www.openstreetmap.org/way/260960878","source_timestamp":"2026-07-15T15:22:01Z","scenario_only":false,"layer":"building","name":"Mapped building footprint","osm_building":"yes","context_scope":"candidate-site building check","height_m":11.0},"geometry":{"type":"Polygon","coordinates":[[[-122.4221884,37.76934],[-122.4222077,37.7695394],[-122.421932,37.7695561],[-122.4219251,37.7694857],[-122.4219125,37.7693567],[-122.4221884,37.76934]]]}},{"type":"Feature","id":"osm-land-building-260960879","properties":{"source":"© OpenStreetMap contributors; OSM way/260960879 (ODbL), snapshot 2026-07-15T15:22:01Z","osm_type":"way","osm_id":260960879,"osm_url":"https://www.openstreetmap.org/way/260960879","source_timestamp":"2026-07-15T15:22:01Z","scenario_only":false,"layer":"building","name":"Mapped building footprint","osm_building":"yes","context_scope":"candidate-site building check","height_m":11.0},"geometry":{"type":"Polygon","coordinates":[[[-122.421932,37.7695561],[-122.4222077,37.7695394],[-122.4222232,37.7696908],[-122.4220083,37.769704],[-122.4219468,37.7697078],[-122.421932,37.7695561]]]}},{"type":"Feature","id":"osm-land-building-260963207","properties":{"source":"© OpenStreetMap contributors; OSM way/260963207 (ODbL), snapshot 2026-07-15T15:22:01Z","osm_type":"way","osm_id":260963207,"osm_url":"https://www.openstreetmap.org/way/260963207","source_timestamp":"2026-07-15T15:22:01Z","scenario_only":false,"layer":"building","name":"Mapped building footprint","osm_building":"yes","context_scope":"candidate-site building check","height_m":17.0},"geometry":{"type":"Polygon","coordinates":[[[-122.4220731,37.7682436],[-122.422084,37.7683544],[-122.4221057,37.768353],[-122.4221076,37.7683726],[-122.4220859,37.7683739],[-122.4220876,37.7683919],[-122.4217327,37.7684136],[-122.4217367,37.7684541],[-122.4214715,37.7684703],[-122.421453,37.7682815],[-122.4220731,37.7682436]]]}},{"type":"Feature","id":"osm-land-building-260964508","properties":{"source":"© OpenStreetMap contributors; OSM way/260964508 (ODbL), snapshot 2026-07-15T15:22:01Z","osm_type":"way","osm_id":260964508,"osm_url":"https://www.openstreetmap.org/way/260964508","source_timestamp":"2026-07-15T15:22:01Z","scenario_only":false,"layer":"building","name":"Mapped building footprint","osm_building":"yes","context_scope":"candidate-site building check","height_m":11.0},"geometry":{"type":"Polygon","coordinates":[[[-122.4209119,37.7687798],[-122.421127,37.7687686],[-122.4211289,37.7687917],[-122.4211059,37.7687925],[-122.4211052,37.7688055],[-122.4211127,37.7688064],[-122.4211199,37.7688128],[-122.4211208,37.7688291],[-122.4211155,37.7688368],[-122.4210859,37.7688382],[-122.4209175,37.768847],[-122.4209119,37.7687798]]]}},{"type":"Feature","id":"osm-land-building-260964509","properties":{"source":"© OpenStreetMap contributors; OSM way/260964509 (ODbL), snapshot 2026-07-15T15:22:01Z","osm_type":"way","osm_id":260964509,"osm_url":"https://www.openstreetmap.org/way/260964509","source_timestamp":"2026-07-15T15:22:01Z","scenario_only":false,"layer":"building","name":"Mapped building footprint","osm_building":"yes","context_scope":"candidate-site building check","height_m":11.0},"geometry":{"type":"Polygon","coordinates":[[[-122.4209062,37.7687112],[-122.4211024,37.768701],[-122.42111,37.7687098],[-122.4211096,37.7687285],[-122.4211063,37.7687342],[-122.4210984,37.7687344],[-122.4210986,37.7687422],[-122.4211397,37.7687408],[-122.421142,37.7687678],[-122.421127,37.7687686],[-122.4209119,37.7687798],[-122.4209062,37.7687112]]]}},{"type":"Feature","id":"osm-land-building-260964510","properties":{"source":"© OpenStreetMap contributors; OSM way/260964510 (ODbL), snapshot 2026-07-15T15:22:01Z","osm_type":"way","osm_id":260964510,"osm_url":"https://www.openstreetmap.org/way/260964510","source_timestamp":"2026-07-15T15:22:01Z","scenario_only":false,"layer":"building","name":"Mapped building footprint","osm_building":"yes","context_scope":"candidate-site building check"},"geometry":{"type":"Polygon","coordinates":[[[-122.4209762,37.769384],[-122.4211852,37.7693731],[-122.4211871,37.7693953],[-122.4211612,37.7693966],[-122.4211649,37.7694413],[-122.4209805,37.7694533],[-122.4209694,37.7694459],[-122.4209676,37.7694277],[-122.4209772,37.769424],[-122.4209769,37.7694154],[-122.4209642,37.7694088],[-122.4209632,37.7693921],[-122.4209762,37.769384]]]}},{"type":"Feature","id":"osm-land-building-260964511","properties":{"source":"© OpenStreetMap contributors; OSM way/260964511 (ODbL), snapshot 2026-07-15T15:22:01Z","osm_type":"way","osm_id":260964511,"osm_url":"https://www.openstreetmap.org/way/260964511","source_timestamp":"2026-07-15T15:22:01Z","scenario_only":false,"layer":"building","name":"Mapped building footprint","osm_building":"yes","context_scope":"candidate-site building check","height_m":11.0},"geometry":{"type":"Polygon","coordinates":[[[-122.4209383,37.7690539],[-122.4210596,37.7690479],[-122.4210613,37.7690681],[-122.4211021,37.769066],[-122.4211047,37.7690969],[-122.4210902,37.7690976],[-122.4210918,37.7691164],[-122.4209339,37.7691246],[-122.420932,37.7691004],[-122.4209425,37.7690986],[-122.4209412,37.7690815],[-122.4209293,37.769078],[-122.4209278,37.7690593],[-122.4209383,37.7690539]]]}},{"type":"Feature","id":"osm-land-building-260964512","properties":{"source":"© OpenStreetMap contributors; OSM way/260964512 (ODbL), snapshot 2026-07-15T15:22:01Z","osm_type":"way","osm_id":260964512,"osm_url":"https://www.openstreetmap.org/way/260964512","source_timestamp":"2026-07-15T15:22:01Z","scenario_only":false,"layer":"building","name":"Mapped building footprint","osm_building":"yes","context_scope":"candidate-site building check","height_m":12.0},"geometry":{"type":"Polygon","coordinates":[[[-122.4210917,37.7689071],[-122.42114,37.7689045],[-122.4211409,37.7689155],[-122.4211582,37.7689146],[-122.4211614,37.7689529],[-122.4211619,37.7689593],[-122.4211447,37.7689602],[-122.4211459,37.768975],[-122.4211229,37.7689762],[-122.420933,37.7689858],[-122.4209219,37.7689864],[-122.4209162,37.7689162],[-122.4209251,37.7689156],[-122.4210917,37.7689071]]]}},{"type":"Feature","id":"osm-land-building-260964513","properties":{"source":"© OpenStreetMap contributors; OSM way/260964513 (ODbL), snapshot 2026-07-15T15:22:01Z","osm_type":"way","osm_id":260964513,"osm_url":"https://www.openstreetmap.org/way/260964513","source_timestamp":"2026-07-15T15:22:01Z","scenario_only":false,"layer":"building","name":"Mapped building footprint","osm_building":"yes","context_scope":"candidate-site building check","height_m":12.0},"geometry":{"type":"Polygon","coordinates":[[[-122.4209805,37.7694533],[-122.4211649,37.7694413],[-122.4212134,37.7694388],[-122.4212142,37.7694485],[-122.421242,37.7694471],[-122.4212459,37.7694937],[-122.4212179,37.7694952],[-122.421219,37.7695084],[-122.4209897,37.7695224],[-122.4209825,37.7695172],[-122.4209794,37.7695003],[-122.4209856,37.7694947],[-122.4209853,37.7694785],[-122.4209772,37.769475],[-122.4209756,37.7694591],[-122.4209805,37.7694533]]]}},{"type":"Feature","id":"osm-land-building-260964514","properties":{"source":"© OpenStreetMap contributors; OSM way/260964514 (ODbL), snapshot 2026-07-15T15:22:01Z","osm_type":"way","osm_id":260964514,"osm_url":"https://www.openstreetmap.org/way/260964514","source_timestamp":"2026-07-15T15:22:01Z","scenario_only":false,"layer":"building","name":"Mapped building footprint","osm_building":"yes","context_scope":"candidate-site building check"},"geometry":{"type":"Polygon","coordinates":[[[-122.4211229,37.7689762],[-122.421125,37.769002],[-122.4210311,37.7690069],[-122.4210321,37.7690192],[-122.4211011,37.7690156],[-122.4211036,37.7690456],[-122.4210596,37.7690479],[-122.4209383,37.7690539],[-122.4209287,37.769049],[-122.4209289,37.7690342],[-122.420942,37.7690277],[-122.4209409,37.7690136],[-122.4209249,37.769006],[-122.4209245,37.7689927],[-122.420933,37.7689858],[-122.4211229,37.7689762]]]}},{"type":"Feature","id":"osm-land-building-260964515","properties":{"source":"© OpenStreetMap contributors; OSM way/260964515 (ODbL), snapshot 2026-07-15T15:22:01Z","osm_type":"way","osm_id":260964515,"osm_url":"https://www.openstreetmap.org/way/260964515","source_timestamp":"2026-07-15T15:22:01Z","scenario_only":false,"layer":"building","name":"Mapped building footprint","osm_building":"yes","context_scope":"candidate-site building check","height_m":9.0},"geometry":{"type":"Polygon","coordinates":[[[-122.4210669,37.7686353],[-122.4210835,37.7686465],[-122.4210854,37.7686637],[-122.4210754,37.7686731],[-122.4210857,37.7686769],[-122.4211284,37.7686745],[-122.4211305,37.7686995],[-122.4211024,37.768701],[-122.4209062,37.7687112],[-122.4208936,37.7687054],[-122.4208936,37.7686887],[-122.4209054,37.7686781],[-122.4208902,37.7686708],[-122.4208915,37.7686531],[-122.420918,37.7686427],[-122.4210669,37.7686353]]]}},{"type":"Feature","id":"osm-land-building-260964516","properties":{"source":"© OpenStreetMap contributors; OSM way/260964516 (ODbL), snapshot 2026-07-15T15:22:01Z","osm_type":"way","osm_id":260964516,"osm_url":"https://www.openstreetmap.org/way/260964516","source_timestamp":"2026-07-15T15:22:01Z","scenario_only":false,"layer":"building","name":"Mapped building footprint","osm_building":"yes","context_scope":"candidate-site building check","height_m":11.0},"geometry":{"type":"Polygon","coordinates":[[[-122.4209175,37.768847],[-122.4210859,37.7688382],[-122.4210867,37.768848],[-122.4211222,37.7688462],[-122.4211245,37.768873],[-122.421089,37.7688749],[-122.4210917,37.7689071],[-122.4209251,37.7689156],[-122.4209247,37.7689115],[-122.4209148,37.7689055],[-122.420914,37.7688942],[-122.420924,37.7688869],[-122.4209238,37.7688789],[-122.4209108,37.7688702],[-122.4209098,37.7688586],[-122.4209181,37.7688529],[-122.4209175,37.768847]]]}},{"type":"Feature","id":"osm-land-building-260964517","properties":{"source":"© OpenStreetMap contributors; OSM way/260964517 (ODbL), snapshot 2026-07-15T15:22:01Z","osm_type":"way","osm_id":260964517,"osm_url":"https://www.openstreetmap.org/way/260964517","source_timestamp":"2026-07-15T15:22:01Z","scenario_only":false,"layer":"building","name":"Mapped building footprint","osm_building":"yes","context_scope":"candidate-site building check"},"geometry":{"type":"Polygon","coordinates":[[[-122.4213358,37.7698305],[-122.4212474,37.7698351],[-122.4212267,37.7695876],[-122.4213151,37.769583],[-122.4213358,37.7698305]]]}},{"type":"Feature","id":"osm-land-building-260964518","properties":{"source":"© OpenStreetMap contributors; OSM way/260964518 (ODbL), snapshot 2026-07-15T15:22:01Z","osm_type":"way","osm_id":260964518,"osm_url":"https://www.openstreetmap.org/way/260964518","source_timestamp":"2026-07-15T15:22:01Z","scenario_only":false,"layer":"building","name":"Mapped building footprint","osm_building":"yes","context_scope":"candidate-site building check","height_m":10.0},"geometry":{"type":"Polygon","coordinates":[[[-122.4213998,37.7690578],[-122.4211917,37.7690686],[-122.4211711,37.7690697],[-122.4211619,37.7689593],[-122.4211614,37.7689529],[-122.4213901,37.768941],[-122.4213998,37.7690578]]]}},{"type":"Feature","id":"osm-land-building-260964519","properties":{"source":"© OpenStreetMap contributors; OSM way/260964519 (ODbL), snapshot 2026-07-15T15:22:01Z","osm_type":"way","osm_id":260964519,"osm_url":"https://www.openstreetmap.org/way/260964519","source_timestamp":"2026-07-15T15:22:01Z","scenario_only":false,"layer":"building","name":"Mapped building footprint","osm_building":"yes","context_scope":"candidate-site building check","height_m":10.0},"geometry":{"type":"Polygon","coordinates":[[[-122.4212007,37.7691769],[-122.4212123,37.7693155],[-122.4212169,37.7693715],[-122.4211852,37.7693731],[-122.4209762,37.769384],[-122.4209599,37.7691894],[-122.4212007,37.7691769]]]}},{"type":"Feature","id":"osm-land-building-260964520","properties":{"source":"© OpenStreetMap contributors; OSM way/260964520 (ODbL), snapshot 2026-07-15T15:22:01Z","osm_type":"way","osm_id":260964520,"osm_url":"https://www.openstreetmap.org/way/260964520","source_timestamp":"2026-07-15T15:22:01Z","scenario_only":false,"layer":"building","name":"Mapped building footprint","osm_building":"yes","context_scope":"candidate-site building check","height_m":9.0},"geometry":{"type":"Polygon","coordinates":[[[-122.4213873,37.7693064],[-122.4212123,37.7693155],[-122.4212007,37.7691769],[-122.4211917,37.7690686],[-122.4213998,37.7690578],[-122.4214204,37.7693046],[-122.4213873,37.7693064]]]}},{"type":"Feature","id":"osm-land-building-260964521","properties":{"source":"© OpenStreetMap contributors; OSM way/260964521 (ODbL), snapshot 2026-07-15T15:22:01Z","osm_type":"way","osm_id":260964521,"osm_url":"https://www.openstreetmap.org/way/260964521","source_timestamp":"2026-07-15T15:22:01Z","scenario_only":false,"layer":"building","name":"Mapped building footprint","osm_building":"yes","context_scope":"candidate-site building check"},"geometry":{"type":"Polygon","coordinates":[[[-122.4212267,37.7695876],[-122.4212474,37.7698351],[-122.4210218,37.7698469],[-122.4210051,37.7696501],[-122.4210001,37.7695874],[-122.4210857,37.769583],[-122.4210836,37.769558],[-122.4212236,37.7695507],[-122.4212267,37.7695876]]]}},{"type":"Feature","id":"osm-land-building-260964522","properties":{"source":"© OpenStreetMap contributors; OSM way/260964522 (ODbL), snapshot 2026-07-15T15:22:01Z","osm_type":"way","osm_id":260964522,"osm_url":"https://www.openstreetmap.org/way/260964522","source_timestamp":"2026-07-15T15:22:01Z","scenario_only":false,"layer":"building","name":"Mapped building footprint","osm_building":"yes","context_scope":"candidate-site building check","height_m":7.0},"geometry":{"type":"Polygon","coordinates":[[[-122.4212169,37.7693715],[-122.4212123,37.7693155],[-122.4213873,37.7693064],[-122.4213939,37.7693864],[-122.4212929,37.7693917],[-122.4212964,37.7694337],[-122.4212224,37.7694376],[-122.4212169,37.7693715]]]}},{"type":"Feature","id":"osm-land-building-260968862","properties":{"source":"© OpenStreetMap contributors; OSM way/260968862 (ODbL), snapshot 2026-07-15T15:22:01Z","osm_type":"way","osm_id":260968862,"osm_url":"https://www.openstreetmap.org/way/260968862","source_timestamp":"2026-07-15T15:22:01Z","scenario_only":false,"layer":"building","name":"Mapped building footprint","osm_building":"yes","context_scope":"candidate-site building check"},"geometry":{"type":"Polygon","coordinates":[[[-122.4202445,37.7693729],[-122.4202384,37.7693004],[-122.4204196,37.769291],[-122.4204791,37.7692879],[-122.4205668,37.7692833],[-122.4205849,37.7692824],[-122.4205855,37.7692898],[-122.4205901,37.7693451],[-122.420591,37.7693549],[-122.4205803,37.7693554],[-122.4202445,37.7693729]]]}},{"type":"Feature","id":"osm-land-building-260968863","properties":{"source":"© OpenStreetMap contributors; OSM way/260968863 (ODbL), snapshot 2026-07-15T15:22:01Z","osm_type":"way","osm_id":260968863,"osm_url":"https://www.openstreetmap.org/way/260968863","source_timestamp":"2026-07-15T15:22:01Z","scenario_only":false,"layer":"building","name":"Mapped building footprint","osm_building":"yes","context_scope":"candidate-site building check"},"geometry":{"type":"Polygon","coordinates":[[[-122.4208143,37.7690802],[-122.4208153,37.7690919],[-122.4208075,37.7690923],[-122.4208087,37.7691075],[-122.4208211,37.7691069],[-122.4208238,37.7691391],[-122.4206462,37.7691484],[-122.4206288,37.7691493],[-122.4206239,37.7690901],[-122.42068,37.7690871],[-122.4208143,37.7690802]]]}},{"type":"Feature","id":"osm-land-building-260968865","properties":{"source":"© OpenStreetMap contributors; OSM way/260968865 (ODbL), snapshot 2026-07-15T15:22:01Z","osm_type":"way","osm_id":260968865,"osm_url":"https://www.openstreetmap.org/way/260968865","source_timestamp":"2026-07-15T15:22:01Z","scenario_only":false,"layer":"building","name":"Mapped building footprint","osm_building":"yes","context_scope":"candidate-site building check"},"geometry":{"type":"Polygon","coordinates":[[[-122.4204791,37.7692879],[-122.4204677,37.7691515],[-122.4204978,37.7691499],[-122.4205541,37.769147],[-122.4205731,37.7691562],[-122.4205769,37.7692024],[-122.4205602,37.7692033],[-122.4205623,37.7692279],[-122.4205779,37.7692271],[-122.4205818,37.7692743],[-122.4205668,37.7692833],[-122.4204791,37.7692879]]]}},{"type":"Feature","id":"osm-land-building-260968866","properties":{"source":"© OpenStreetMap contributors; OSM way/260968866 (ODbL), snapshot 2026-07-15T15:22:01Z","osm_type":"way","osm_id":260968866,"osm_url":"https://www.openstreetmap.org/way/260968866","source_timestamp":"2026-07-15T15:22:01Z","scenario_only":false,"layer":"building","name":"Mapped building footprint","osm_building":"yes","context_scope":"candidate-site building check","height_m":10.0},"geometry":{"type":"Polygon","coordinates":[[[-122.4206518,37.7692159],[-122.4208177,37.7692073],[-122.4208193,37.7692127],[-122.4208261,37.7692208],[-122.420828,37.7692352],[-122.420821,37.7692402],[-122.4208234,37.769275],[-122.4207456,37.769279],[-122.4206711,37.7692829],[-122.4206684,37.7692498],[-122.420641,37.7692512],[-122.4206382,37.7692166],[-122.4206518,37.7692159]]]}},{"type":"Feature","id":"osm-land-building-260968867","properties":{"source":"© OpenStreetMap contributors; OSM way/260968867 (ODbL), snapshot 2026-07-15T15:22:01Z","osm_type":"way","osm_id":260968867,"osm_url":"https://www.openstreetmap.org/way/260968867","source_timestamp":"2026-07-15T15:22:01Z","scenario_only":false,"layer":"building","name":"Mapped building footprint","osm_building":"yes","context_scope":"candidate-site building check","height_m":11.0},"geometry":{"type":"Polygon","coordinates":[[[-122.4204869,37.7690197],[-122.4204091,37.7690238],[-122.4203027,37.7690293],[-122.4202038,37.7690344],[-122.4201938,37.7690279],[-122.4201933,37.7690084],[-122.4202067,37.7690001],[-122.4201913,37.7689948],[-122.4201904,37.7689757],[-122.4202021,37.7689674],[-122.4204694,37.7689511],[-122.4205165,37.7689486],[-122.4205222,37.7690179],[-122.4204869,37.7690197]]]}},{"type":"Feature","id":"osm-land-building-260968868","properties":{"source":"© OpenStreetMap contributors; OSM way/260968868 (ODbL), snapshot 2026-07-15T15:22:01Z","osm_type":"way","osm_id":260968868,"osm_url":"https://www.openstreetmap.org/way/260968868","source_timestamp":"2026-07-15T15:22:01Z","scenario_only":false,"layer":"building","name":"Mapped building footprint","osm_building":"yes","context_scope":"candidate-site building check","height_m":11.0},"geometry":{"type":"Polygon","coordinates":[[[-122.4208461,37.7695456],[-122.4208552,37.7695458],[-122.4208554,37.769552],[-122.4208627,37.7695557],[-122.420862,37.7695735],[-122.4208561,37.7695812],[-122.4208664,37.769589],[-122.4208668,37.7696063],[-122.4208611,37.7696113],[-122.4208613,37.769617],[-122.4206663,37.7696272],[-122.4206605,37.769558],[-122.4206777,37.7695571],[-122.4208461,37.7695456]]]}},{"type":"Feature","id":"osm-land-building-260968869","properties":{"source":"© OpenStreetMap contributors; OSM way/260968869 (ODbL), snapshot 2026-07-15T15:22:01Z","osm_type":"way","osm_id":260968869,"osm_url":"https://www.openstreetmap.org/way/260968869","source_timestamp":"2026-07-15T15:22:01Z","scenario_only":false,"layer":"building","name":"Mapped building footprint","osm_building":"yes","context_scope":"candidate-site building check","height_m":8.0},"geometry":{"type":"Polygon","coordinates":[[[-122.4207886,37.7687973],[-122.4207943,37.7688654],[-122.4207893,37.7688657],[-122.4206291,37.768874],[-122.4206285,37.7688673],[-122.4205765,37.76887],[-122.420577,37.7688767],[-122.420574,37.7688769],[-122.4205392,37.7688787],[-122.4205336,37.7688114],[-122.4205701,37.7688095],[-122.4205708,37.7688179],[-122.4206241,37.7688151],[-122.4206233,37.7688059],[-122.4207886,37.7687973]]]}},{"type":"Feature","id":"osm-land-building-260968870","properties":{"source":"© OpenStreetMap contributors; OSM way/260968870 (ODbL), snapshot 2026-07-15T15:22:01Z","osm_type":"way","osm_id":260968870,"osm_url":"https://www.openstreetmap.org/way/260968870","source_timestamp":"2026-07-15T15:22:01Z","scenario_only":false,"layer":"building","name":"Mapped building footprint","osm_building":"yes","context_scope":"candidate-site building check","height_m":12.0},"geometry":{"type":"Polygon","coordinates":[[[-122.4208238,37.7691391],[-122.420828,37.7691431],[-122.4208283,37.769165],[-122.4208186,37.7691688],[-122.4208184,37.7691771],[-122.4208296,37.769182],[-122.4208311,37.769199],[-122.4208229,37.7692067],[-122.4208177,37.7692073],[-122.4206518,37.7692159],[-122.4206509,37.7692054],[-122.4206422,37.7692059],[-122.4206396,37.7691752],[-122.4206484,37.7691747],[-122.4206462,37.7691484],[-122.4208238,37.7691391]]]}},{"type":"Feature","id":"osm-land-building-260968871","properties":{"source":"© OpenStreetMap contributors; OSM way/260968871 (ODbL), snapshot 2026-07-15T15:22:01Z","osm_type":"way","osm_id":260968871,"osm_url":"https://www.openstreetmap.org/way/260968871","source_timestamp":"2026-07-15T15:22:01Z","scenario_only":false,"layer":"building","name":"Mapped building footprint","osm_building":"yes","context_scope":"candidate-site building check","height_m":12.0},"geometry":{"type":"Polygon","coordinates":[[[-122.4208768,37.7696369],[-122.4208797,37.7696722],[-122.4208653,37.769673],[-122.4208666,37.7696882],[-122.4208812,37.7696874],[-122.4208874,37.7697622],[-122.4208739,37.7697629],[-122.4208754,37.7697818],[-122.4208918,37.769781],[-122.4208948,37.7698173],[-122.4208775,37.7698182],[-122.4208788,37.7698339],[-122.4208978,37.7698329],[-122.420901,37.7698707],[-122.4208551,37.7698731],[-122.420854,37.7698595],[-122.4207909,37.7698628],[-122.420792,37.7698766],[-122.4207624,37.7698781],[-122.4207429,37.7696439],[-122.4208768,37.7696369]]]}},{"type":"Feature","id":"osm-land-building-260968872","properties":{"source":"© OpenStreetMap contributors; OSM way/260968872 (ODbL), snapshot 2026-07-15T15:22:01Z","osm_type":"way","osm_id":260968872,"osm_url":"https://www.openstreetmap.org/way/260968872","source_timestamp":"2026-07-15T15:22:01Z","scenario_only":false,"layer":"building","name":"Mapped building footprint","osm_building":"yes","context_scope":"candidate-site building check","height_m":12.0},"geometry":{"type":"Polygon","coordinates":[[[-122.4208234,37.769275],[-122.4208316,37.7692745],[-122.4208428,37.7694081],[-122.4208325,37.7694086],[-122.4207492,37.769413],[-122.4207229,37.7694143],[-122.4206644,37.7694174],[-122.420594,37.769421],[-122.4205898,37.7693709],[-122.4206162,37.7693696],[-122.4206153,37.7693592],[-122.4207748,37.7693509],[-122.4207741,37.7693424],[-122.4206145,37.7693507],[-122.4206139,37.7693438],[-122.4205901,37.7693451],[-122.4205855,37.7692898],[-122.4206127,37.7692884],[-122.4206132,37.7692943],[-122.4207463,37.7692874],[-122.4207456,37.769279],[-122.4208234,37.769275]]]}},{"type":"Feature","id":"osm-land-building-260968876","properties":{"source":"© OpenStreetMap contributors; OSM way/260968876 (ODbL), snapshot 2026-07-15T15:22:01Z","osm_type":"way","osm_id":260968876,"osm_url":"https://www.openstreetmap.org/way/260968876","source_timestamp":"2026-07-15T15:22:01Z","scenario_only":false,"layer":"building","name":"Mapped building footprint","osm_building":"yes","context_scope":"candidate-site building check"},"geometry":{"type":"Polygon","coordinates":[[[-122.4207926,37.7689768],[-122.4207929,37.7689827],[-122.4208016,37.7689883],[-122.420803,37.7690124],[-122.4207958,37.7690152],[-122.4207975,37.769035],[-122.4208073,37.7690414],[-122.4208077,37.7690567],[-122.4208133,37.769057],[-122.4208143,37.7690802],[-122.42068,37.7690871],[-122.4206791,37.7690766],[-122.4206339,37.769079],[-122.4206332,37.7690701],[-122.4205669,37.7690735],[-122.4205612,37.7690049],[-122.4206252,37.7690016],[-122.4206243,37.768991],[-122.4206711,37.7689885],[-122.420672,37.7689993],[-122.4207001,37.7689978],[-122.4206988,37.7689817],[-122.4207926,37.7689768]]]}},{"type":"Feature","id":"osm-land-building-260968879","properties":{"source":"© OpenStreetMap contributors; OSM way/260968879 (ODbL), snapshot 2026-07-15T15:22:01Z","osm_type":"way","osm_id":260968879,"osm_url":"https://www.openstreetmap.org/way/260968879","source_timestamp":"2026-07-15T15:22:01Z","scenario_only":false,"layer":"building","name":"Mapped building footprint","osm_building":"yes","context_scope":"candidate-site building check"},"geometry":{"type":"Polygon","coordinates":[[[-122.4208325,37.7694086],[-122.4208441,37.7694179],[-122.4208441,37.7694356],[-122.4208373,37.7694422],[-122.4208487,37.7694505],[-122.4208494,37.7694672],[-122.4208381,37.7694752],[-122.4207333,37.7694806],[-122.4207328,37.7694751],[-122.4207208,37.7694757],[-122.4207224,37.769495],[-122.420733,37.7694945],[-122.4207324,37.7694878],[-122.4208401,37.7694819],[-122.4208522,37.7694885],[-122.4208534,37.7695065],[-122.4208445,37.7695123],[-122.420855,37.7695202],[-122.420855,37.7695369],[-122.4208461,37.7695456],[-122.4206777,37.7695571],[-122.4206749,37.7695232],[-122.4206323,37.7695254],[-122.4206267,37.7694578],[-122.4206676,37.7694557],[-122.4206644,37.7694174],[-122.4207229,37.7694143],[-122.4207237,37.7694234],[-122.4207287,37.7694232],[-122.4207299,37.769437],[-122.4207423,37.7694363],[-122.4207411,37.7694226],[-122.42075,37.7694221],[-122.4207492,37.769413],[-122.4208325,37.7694086]]]}},{"type":"Feature","id":"osm-land-building-260968880","properties":{"source":"© OpenStreetMap contributors; OSM way/260968880 (ODbL), snapshot 2026-07-15T15:22:01Z","osm_type":"way","osm_id":260968880,"osm_url":"https://www.openstreetmap.org/way/260968880","source_timestamp":"2026-07-15T15:22:01Z","scenario_only":false,"layer":"building","name":"Mapped building footprint","osm_building":"yes","context_scope":"candidate-site building check","height_m":8.0},"geometry":{"type":"Polygon","coordinates":[[[-122.4207622,37.7685685],[-122.4205166,37.7685813],[-122.4204962,37.7683362],[-122.4207418,37.7683235],[-122.4207622,37.7685685]]]}},{"type":"Feature","id":"osm-land-building-260968883","properties":{"source":"© OpenStreetMap contributors; OSM way/260968883 (ODbL), snapshot 2026-07-15T15:22:01Z","osm_type":"way","osm_id":260968883,"osm_url":"https://www.openstreetmap.org/way/260968883","source_timestamp":"2026-07-15T15:22:01Z","scenario_only":false,"layer":"building","name":"Mapped building footprint","osm_building":"yes","context_scope":"candidate-site building check","height_m":11.0},"geometry":{"type":"Polygon","coordinates":[[[-122.4207641,37.768593],[-122.4207698,37.7686619],[-122.4205503,37.7686733],[-122.4205189,37.7686749],[-122.4205132,37.7686061],[-122.4207641,37.768593]]]}},{"type":"Feature","id":"osm-land-building-260968886","properties":{"source":"© OpenStreetMap contributors; OSM way/260968886 (ODbL), snapshot 2026-07-15T15:22:01Z","osm_type":"way","osm_id":260968886,"osm_url":"https://www.openstreetmap.org/way/260968886","source_timestamp":"2026-07-15T15:22:01Z","scenario_only":false,"layer":"building","name":"Mapped building footprint","osm_building":"yes","context_scope":"candidate-site building check","height_m":11.0},"geometry":{"type":"Polygon","coordinates":[[[-122.4207893,37.7688657],[-122.4207951,37.7689348],[-122.4206217,37.7689438],[-122.4205797,37.768946],[-122.420574,37.7688769],[-122.420577,37.7688767],[-122.4206291,37.768874],[-122.4207893,37.7688657]]]}},{"type":"Feature","id":"osm-land-building-260968887","properties":{"source":"© OpenStreetMap contributors; OSM way/260968887 (ODbL), snapshot 2026-07-15T15:22:01Z","osm_type":"way","osm_id":260968887,"osm_url":"https://www.openstreetmap.org/way/260968887","source_timestamp":"2026-07-15T15:22:01Z","scenario_only":false,"layer":"building","name":"Mapped building footprint","osm_building":"yes","context_scope":"candidate-site building check","height_m":7.0},"geometry":{"type":"Polygon","coordinates":[[[-122.4204637,37.7688826],[-122.4201981,37.7688964],[-122.4201872,37.768766],[-122.4204783,37.7687509],[-122.4205284,37.7687483],[-122.4205336,37.7688114],[-122.4205392,37.7688787],[-122.4204637,37.7688826]]]}},{"type":"Feature","id":"osm-land-building-260968888","properties":{"source":"© OpenStreetMap contributors; OSM way/260968888 (ODbL), snapshot 2026-07-15T15:22:01Z","osm_type":"way","osm_id":260968888,"osm_url":"https://www.openstreetmap.org/way/260968888","source_timestamp":"2026-07-15T15:22:01Z","scenario_only":false,"layer":"building","name":"Mapped building footprint","osm_building":"yes","context_scope":"candidate-site building check","height_m":11.0},"geometry":{"type":"Polygon","coordinates":[[[-122.4207698,37.7686619],[-122.4207756,37.7687317],[-122.4206175,37.7687399],[-122.4205275,37.7687446],[-122.4205221,37.7686792],[-122.4205507,37.7686777],[-122.4205503,37.7686733],[-122.4207698,37.7686619]]]}},{"type":"Feature","id":"osm-land-building-260968890","properties":{"source":"© OpenStreetMap contributors; OSM way/260968890 (ODbL), snapshot 2026-07-15T15:22:01Z","osm_type":"way","osm_id":260968890,"osm_url":"https://www.openstreetmap.org/way/260968890","source_timestamp":"2026-07-15T15:22:01Z","scenario_only":false,"layer":"building","name":"Mapped building footprint","osm_building":"yes","context_scope":"candidate-site building check"},"geometry":{"type":"Polygon","coordinates":[[[-122.4207951,37.7689348],[-122.4207975,37.7689635],[-122.4207919,37.7689663],[-122.4207926,37.7689768],[-122.4206988,37.7689817],[-122.4205581,37.768989],[-122.4205551,37.7689532],[-122.4206222,37.7689497],[-122.4206217,37.7689438],[-122.4207951,37.7689348]]]}},{"type":"Feature","id":"osm-land-building-260968891","properties":{"source":"© OpenStreetMap contributors; OSM way/260968891 (ODbL), snapshot 2026-07-15T15:22:01Z","osm_type":"way","osm_id":260968891,"osm_url":"https://www.openstreetmap.org/way/260968891","source_timestamp":"2026-07-15T15:22:01Z","scenario_only":false,"layer":"building","name":"Mapped building footprint","osm_building":"yes","context_scope":"candidate-site building check","height_m":8.0},"geometry":{"type":"Polygon","coordinates":[[[-122.4207756,37.7687317],[-122.4207831,37.7687313],[-122.4207886,37.7687973],[-122.4206233,37.7688059],[-122.4206231,37.7688032],[-122.4205699,37.7688059],[-122.4205652,37.7687487],[-122.420618,37.768746],[-122.4206175,37.7687399],[-122.4207756,37.7687317]]]}},{"type":"Feature","id":"osm-land-building-260987432","properties":{"source":"© OpenStreetMap contributors; OSM way/260987432 (ODbL), snapshot 2026-07-15T15:22:01Z","osm_type":"way","osm_id":260987432,"osm_url":"https://www.openstreetmap.org/way/260987432","source_timestamp":"2026-07-15T15:22:01Z","scenario_only":false,"layer":"building","name":"Mapped building footprint","osm_building":"yes","context_scope":"candidate-site building check","height_m":12.0},"geometry":{"type":"Polygon","coordinates":[[[-122.4196453,37.7659936],[-122.4196407,37.7659986],[-122.419644,37.7660577],[-122.4196537,37.7660662],[-122.4196547,37.7660836],[-122.4196503,37.7660992],[-122.4195482,37.7661042],[-122.419546,37.7660748],[-122.4194896,37.7660775],[-122.4194918,37.7661066],[-122.4193965,37.7661111],[-122.4193943,37.766082],[-122.4193378,37.7660846],[-122.4193401,37.7661161],[-122.4192443,37.7661206],[-122.419234,37.7659839],[-122.4193277,37.7659795],[-122.4193299,37.7660084],[-122.4193871,37.7660057],[-122.4193846,37.7659731],[-122.4194798,37.7659687],[-122.4194823,37.7660013],[-122.4195384,37.7659986],[-122.4195361,37.765967],[-122.419632,37.7659624],[-122.4196428,37.7659621],[-122.4196453,37.7659936]]]}},{"type":"Feature","id":"osm-land-building-260987442","properties":{"source":"© OpenStreetMap contributors; OSM way/260987442 (ODbL), snapshot 2026-07-15T15:22:01Z","osm_type":"way","osm_id":260987442,"osm_url":"https://www.openstreetmap.org/way/260987442","source_timestamp":"2026-07-15T15:22:01Z","scenario_only":false,"layer":"building","name":"Mapped building footprint","osm_building":"yes","context_scope":"candidate-site building check","height_m":8.0},"geometry":{"type":"Polygon","coordinates":[[[-122.4196219,37.7658934],[-122.4196268,37.7658931],[-122.419632,37.7659624],[-122.4195361,37.765967],[-122.4194798,37.7659687],[-122.4193846,37.7659731],[-122.4193807,37.7659743],[-122.4193755,37.7659051],[-122.4196219,37.7658934]]]}},{"type":"Feature","id":"osm-land-building-260987446","properties":{"source":"© OpenStreetMap contributors; OSM way/260987446 (ODbL), snapshot 2026-07-15T15:22:01Z","osm_type":"way","osm_id":260987446,"osm_url":"https://www.openstreetmap.org/way/260987446","source_timestamp":"2026-07-15T15:22:01Z","scenario_only":false,"layer":"building","name":"Mapped building footprint","osm_building":"yes","context_scope":"candidate-site building check","height_m":4.0},"geometry":{"type":"Polygon","coordinates":[[[-122.4193277,37.7659795],[-122.419234,37.7659839],[-122.4192043,37.7659853],[-122.419198,37.7659155],[-122.4192094,37.7659149],[-122.4192398,37.7659135],[-122.4192714,37.765912],[-122.4193579,37.7659088],[-122.4193632,37.7659779],[-122.4193277,37.7659795]]]}},{"type":"Feature","id":"osm-land-building-261082427","properties":{"source":"© OpenStreetMap contributors; OSM way/261082427 (ODbL), snapshot 2026-07-15T15:22:01Z","osm_type":"way","osm_id":261082427,"osm_url":"https://www.openstreetmap.org/way/261082427","source_timestamp":"2026-07-15T15:22:01Z","scenario_only":false,"layer":"building","name":"Mapped building footprint","osm_building":"yes","context_scope":"candidate-site building check","height_m":12.0},"geometry":{"type":"Polygon","coordinates":[[[-122.4185381,37.7655933],[-122.4185433,37.7656553],[-122.4183316,37.7656663],[-122.4183291,37.7656355],[-122.4183381,37.765635],[-122.4183355,37.7656039],[-122.418335,37.7655983],[-122.4183618,37.765597],[-122.4183742,37.7655963],[-122.4183747,37.7656019],[-122.4185381,37.7655933]]]}},{"type":"Feature","id":"osm-land-building-261082428","properties":{"source":"© OpenStreetMap contributors; OSM way/261082428 (ODbL), snapshot 2026-07-15T15:22:01Z","osm_type":"way","osm_id":261082428,"osm_url":"https://www.openstreetmap.org/way/261082428","source_timestamp":"2026-07-15T15:22:01Z","scenario_only":false,"layer":"building","name":"Mapped building footprint","osm_building":"yes","context_scope":"candidate-site building check","height_m":12.0},"geometry":{"type":"Polygon","coordinates":[[[-122.4185326,37.7654895],[-122.418538,37.7655546],[-122.4185472,37.7655541],[-122.4185497,37.7655839],[-122.4185405,37.7655843],[-122.4185407,37.7655876],[-122.4183742,37.7655963],[-122.4183618,37.765597],[-122.418361,37.7655868],[-122.418319,37.765589],[-122.4183198,37.7655992],[-122.4182895,37.7656007],[-122.4182866,37.7655655],[-122.4182545,37.7655671],[-122.4182527,37.7655458],[-122.4182848,37.7655442],[-122.4182813,37.7655026],[-122.4183128,37.7655009],[-122.4183138,37.7655118],[-122.4183549,37.7655097],[-122.418354,37.7654988],[-122.4184057,37.7654961],[-122.4184066,37.7655069],[-122.4184401,37.7655052],[-122.4184392,37.7654944],[-122.4185326,37.7654895]]]}},{"type":"Feature","id":"osm-land-building-261085752","properties":{"source":"© OpenStreetMap contributors; OSM way/261085752 (ODbL), snapshot 2026-07-15T15:22:01Z","osm_type":"way","osm_id":261085752,"osm_url":"https://www.openstreetmap.org/way/261085752","source_timestamp":"2026-07-15T15:22:01Z","scenario_only":false,"layer":"building","name":"Mapped building footprint","osm_building":"yes","context_scope":"candidate-site building check","height_m":8.0},"geometry":{"type":"Polygon","coordinates":[[[-122.4182991,37.7658317],[-122.418307,37.7659087],[-122.4183077,37.7659169],[-122.4182235,37.7659221],[-122.4182085,37.76577],[-122.4182079,37.7657638],[-122.4182922,37.7657586],[-122.4182991,37.7658317]]]}},{"type":"Feature","id":"osm-land-building-261093404","properties":{"source":"© OpenStreetMap contributors; OSM way/261093404 (ODbL), snapshot 2026-07-15T15:22:01Z","osm_type":"way","osm_id":261093404,"osm_url":"https://www.openstreetmap.org/way/261093404","source_timestamp":"2026-07-15T15:22:01Z","scenario_only":false,"layer":"building","name":"Mapped building footprint","osm_building":"yes","context_scope":"candidate-site building check","height_m":10.0},"geometry":{"type":"Polygon","coordinates":[[[-122.4184065,37.7648601],[-122.4185827,37.7648496],[-122.418589,37.7648493],[-122.4186052,37.7650204],[-122.4185953,37.7650203],[-122.4185866,37.7650282],[-122.4185652,37.7650289],[-122.4185565,37.7650241],[-122.4184674,37.7650274],[-122.4184577,37.7650368],[-122.4184356,37.7650365],[-122.4184311,37.7650307],[-122.4184217,37.7650306],[-122.4184065,37.7648601]]]}},{"type":"Feature","id":"osm-land-building-261093405","properties":{"source":"© OpenStreetMap contributors; OSM way/261093405 (ODbL), snapshot 2026-07-15T15:22:01Z","osm_type":"way","osm_id":261093405,"osm_url":"https://www.openstreetmap.org/way/261093405","source_timestamp":"2026-07-15T15:22:01Z","scenario_only":false,"layer":"building","name":"Mapped building footprint","osm_building":"yes","context_scope":"candidate-site building check","height_m":10.0},"geometry":{"type":"Polygon","coordinates":[[[-122.4184217,37.7650306],[-122.4184134,37.765041],[-122.4183869,37.7650411],[-122.4183799,37.7650341],[-122.4183724,37.7650433],[-122.418342,37.7650445],[-122.4183362,37.7650385],[-122.4183217,37.764887],[-122.4183206,37.7648706],[-122.4183303,37.7648646],[-122.4183512,37.7648631],[-122.4183616,37.7648696],[-122.4183696,37.7648622],[-122.4184065,37.7648601],[-122.4184217,37.7650306]]]}},{"type":"Feature","id":"osm-land-building-261093407","properties":{"source":"© OpenStreetMap contributors; OSM way/261093407 (ODbL), snapshot 2026-07-15T15:22:01Z","osm_type":"way","osm_id":261093407,"osm_url":"https://www.openstreetmap.org/way/261093407","source_timestamp":"2026-07-15T15:22:01Z","scenario_only":false,"layer":"building","name":"Mapped building footprint","osm_building":"yes","context_scope":"candidate-site building check","height_m":12.0},"geometry":{"type":"Polygon","coordinates":[[[-122.4185575,37.7645464],[-122.4184493,37.7645528],[-122.4184482,37.7645409],[-122.4183494,37.7645468],[-122.4183506,37.7645592],[-122.4182478,37.7645626],[-122.4182393,37.7645533],[-122.418239,37.7645387],[-122.4182445,37.7645328],[-122.4182441,37.7645135],[-122.4182353,37.764508],[-122.4182353,37.7644933],[-122.4182406,37.7644882],[-122.4182413,37.7644827],[-122.4185498,37.7644654],[-122.4185575,37.7645464]]]}},{"type":"Feature","id":"osm-land-building-261093408","properties":{"source":"© OpenStreetMap contributors; OSM way/261093408 (ODbL), snapshot 2026-07-15T15:22:01Z","osm_type":"way","osm_id":261093408,"osm_url":"https://www.openstreetmap.org/way/261093408","source_timestamp":"2026-07-15T15:22:01Z","scenario_only":false,"layer":"building","name":"Mapped building footprint","osm_building":"yes","context_scope":"candidate-site building check","height_m":11.0},"geometry":{"type":"Polygon","coordinates":[[[-122.4183362,37.7650385],[-122.4183368,37.7650453],[-122.4182458,37.7650507],[-122.4182445,37.7650373],[-122.418237,37.7650377],[-122.4182319,37.7649839],[-122.4182408,37.7649833],[-122.4182321,37.7648917],[-122.4182494,37.7648907],[-122.4182467,37.7648619],[-122.4182459,37.7648537],[-122.4182662,37.7648525],[-122.418267,37.764861],[-122.4183024,37.7648589],[-122.4183052,37.7648879],[-122.4183217,37.764887],[-122.4183362,37.7650385]]]}},{"type":"Feature","id":"osm-land-building-261093415","properties":{"source":"© OpenStreetMap contributors; OSM way/261093415 (ODbL), snapshot 2026-07-15T15:22:01Z","osm_type":"way","osm_id":261093415,"osm_url":"https://www.openstreetmap.org/way/261093415","source_timestamp":"2026-07-15T15:22:01Z","scenario_only":false,"layer":"building","name":"Mapped building footprint","osm_building":"yes","context_scope":"candidate-site building check","height_m":10.0},"geometry":{"type":"Polygon","coordinates":[[[-122.4183999,37.7647914],[-122.4185761,37.7647809],[-122.4185827,37.7648496],[-122.4184065,37.7648601],[-122.4183999,37.7647914]]]}},{"type":"Feature","id":"osm-land-building-261093419","properties":{"source":"© OpenStreetMap contributors; OSM way/261093419 (ODbL), snapshot 2026-07-15T15:22:01Z","osm_type":"way","osm_id":261093419,"osm_url":"https://www.openstreetmap.org/way/261093419","source_timestamp":"2026-07-15T15:22:01Z","scenario_only":false,"layer":"building","name":"Mission Hotel","osm_building":"yes","context_scope":"candidate-site building check","height_m":11.0},"geometry":{"type":"Polygon","coordinates":[[[-122.4175818,37.7644818],[-122.4176824,37.7644752],[-122.417696,37.7646189],[-122.417715,37.7646178],[-122.4177014,37.764474],[-122.4177683,37.7644701],[-122.4178023,37.7644681],[-122.4178178,37.7646316],[-122.4178421,37.7646301],[-122.4178266,37.7644663],[-122.4179235,37.7644606],[-122.4179378,37.7646118],[-122.417962,37.7646104],[-122.4179476,37.7644589],[-122.4180307,37.764454],[-122.418047,37.764453],[-122.4180609,37.7646004],[-122.4180799,37.7645993],[-122.418066,37.7644517],[-122.418111,37.764449],[-122.4181128,37.7644687],[-122.4181265,37.7644678],[-122.4181246,37.7644481],[-122.4181678,37.7644456],[-122.4181962,37.7647458],[-122.4180955,37.7647518],[-122.4180863,37.7646544],[-122.418063,37.7646558],[-122.4180774,37.7648073],[-122.4179801,37.7648131],[-122.4179665,37.7646699],[-122.4179441,37.7646713],[-122.4179576,37.7648147],[-122.4178576,37.7648206],[-122.4178432,37.7646683],[-122.4178188,37.7646697],[-122.4178332,37.7648223],[-122.4177361,37.764828],[-122.4177218,37.7646775],[-122.4177002,37.7646788],[-122.4177144,37.7648296],[-122.4176087,37.7648358],[-122.4175949,37.7646897],[-122.4175877,37.7646302],[-122.4175764,37.764482],[-122.4175818,37.7644818]]]}},{"type":"Feature","id":"osm-land-building-261093426","properties":{"source":"© OpenStreetMap contributors; OSM way/261093426 (ODbL), snapshot 2026-07-15T15:22:01Z","osm_type":"way","osm_id":261093426,"osm_url":"https://www.openstreetmap.org/way/261093426","source_timestamp":"2026-07-15T15:22:01Z","scenario_only":false,"layer":"building","name":"Mapped building footprint","osm_building":"yes","context_scope":"candidate-site building check","height_m":15.0},"geometry":{"type":"Polygon","coordinates":[[[-122.4175566,37.7642778],[-122.4177345,37.7642669],[-122.4177368,37.7642914],[-122.4177524,37.7642905],[-122.4177566,37.7643349],[-122.4178832,37.7643274],[-122.4178767,37.7642585],[-122.4179397,37.7642548],[-122.4180951,37.7642456],[-122.4180956,37.7642508],[-122.4181027,37.7642504],[-122.4181052,37.7642758],[-122.4180979,37.7642763],[-122.4180987,37.7642847],[-122.418107,37.7642842],[-122.4181094,37.7643091],[-122.4181006,37.7643096],[-122.4181034,37.7643387],[-122.4181111,37.7643382],[-122.4181134,37.7643628],[-122.4181053,37.7643633],[-122.4181061,37.7643714],[-122.4181174,37.7643708],[-122.4181197,37.7643941],[-122.4181114,37.7643946],[-122.4181121,37.764402],[-122.4180263,37.7644071],[-122.4180307,37.764454],[-122.4179476,37.7644589],[-122.4179418,37.7643977],[-122.4179047,37.7643999],[-122.4179043,37.7643951],[-122.4178016,37.7644012],[-122.4178022,37.7644071],[-122.4177625,37.7644094],[-122.4177683,37.7644701],[-122.4177014,37.764474],[-122.4176824,37.7644752],[-122.4175818,37.7644818],[-122.4175684,37.7644719],[-122.4175687,37.7644571],[-122.4175742,37.7644528],[-122.4175747,37.7644448],[-122.4175649,37.7644396],[-122.4175644,37.7644233],[-122.417571,37.7644179],[-122.4175703,37.7644011],[-122.4175612,37.7643932],[-122.4175593,37.7643651],[-122.4175657,37.7643608],[-122.4175658,37.7643441],[-122.4175557,37.7643372],[-122.4175551,37.764321],[-122.4175607,37.7643155],[-122.4175615,37.7643093],[-122.4175535,37.7643039],[-122.4175511,37.7642869],[-122.4175565,37.7642825],[-122.4175566,37.7642778]]]}},{"type":"Feature","id":"osm-land-building-261093430","properties":{"source":"© OpenStreetMap contributors; OSM way/261093430 (ODbL), snapshot 2026-07-15T15:22:01Z","osm_type":"way","osm_id":261093430,"osm_url":"https://www.openstreetmap.org/way/261093430","source_timestamp":"2026-07-15T15:22:01Z","scenario_only":false,"layer":"building","name":"Mapped building footprint","osm_building":"yes","context_scope":"candidate-site building check","height_m":8.0},"geometry":{"type":"Polygon","coordinates":[[[-122.4185498,37.7644654],[-122.4182413,37.7644827],[-122.4181851,37.7644872],[-122.4181585,37.7642088],[-122.418284,37.7642013],[-122.4185232,37.764187],[-122.4185498,37.7644654]]]}},{"type":"Feature","id":"osm-land-building-261093432","properties":{"source":"© OpenStreetMap contributors; OSM way/261093432 (ODbL), snapshot 2026-07-15T15:22:01Z","osm_type":"way","osm_id":261093432,"osm_url":"https://www.openstreetmap.org/way/261093432","source_timestamp":"2026-07-15T15:22:01Z","scenario_only":false,"layer":"building","name":"Mapped building footprint","osm_building":"yes","context_scope":"candidate-site building check","height_m":8.0},"geometry":{"type":"Polygon","coordinates":[[[-122.4182767,37.7641268],[-122.4181528,37.7641342],[-122.4181423,37.7640247],[-122.4181753,37.7640227],[-122.4185024,37.7640032],[-122.4185129,37.7641127],[-122.4182767,37.7641268]]]}},{"type":"Feature","id":"osm-land-building-261093434","properties":{"source":"© OpenStreetMap contributors; OSM way/261093434 (ODbL), snapshot 2026-07-15T15:22:01Z","osm_type":"way","osm_id":261093434,"osm_url":"https://www.openstreetmap.org/way/261093434","source_timestamp":"2026-07-15T15:22:01Z","scenario_only":false,"layer":"building","name":"Mapped building footprint","osm_building":"yes","context_scope":"candidate-site building check","height_m":7.0},"geometry":{"type":"Polygon","coordinates":[[[-122.4185663,37.7646275],[-122.4185808,37.7647806],[-122.4185761,37.7647809],[-122.4183999,37.7647914],[-122.4182179,37.7648022],[-122.4182033,37.764649],[-122.4185663,37.7646275]]]}},{"type":"Feature","id":"osm-land-building-261093437","properties":{"source":"© OpenStreetMap contributors; OSM way/261093437 (ODbL), snapshot 2026-07-15T15:22:01Z","osm_type":"way","osm_id":261093437,"osm_url":"https://www.openstreetmap.org/way/261093437","source_timestamp":"2026-07-15T15:22:01Z","scenario_only":false,"layer":"building","name":"Mapped building footprint","osm_building":"yes","context_scope":"candidate-site building check","height_m":10.0},"geometry":{"type":"Polygon","coordinates":[[[-122.4185232,37.764187],[-122.418284,37.7642013],[-122.418283,37.7641907],[-122.418259,37.7641921],[-122.4182536,37.7641364],[-122.4182775,37.764135],[-122.4182767,37.7641268],[-122.4185129,37.7641127],[-122.4185161,37.7641125],[-122.4185232,37.764187]]]}},{"type":"Feature","id":"osm-land-building-261254999","properties":{"source":"© OpenStreetMap contributors; OSM way/261254999 (ODbL), snapshot 2026-07-15T15:22:01Z","osm_type":"way","osm_id":261254999,"osm_url":"https://www.openstreetmap.org/way/261254999","source_timestamp":"2026-07-15T15:22:01Z","scenario_only":false,"layer":"building","name":"Mapped building footprint","osm_building":"apartments","context_scope":"candidate-site building check","height_m":9.0},"geometry":{"type":"Polygon","coordinates":[[[-122.4316413,37.7691308],[-122.4316419,37.7691378],[-122.431751,37.7691321],[-122.4317564,37.769197],[-122.4315056,37.7692101],[-122.4314996,37.7691382],[-122.4316413,37.7691308]]]}},{"type":"Feature","id":"osm-land-building-261255008","properties":{"source":"© OpenStreetMap contributors; OSM way/261255008 (ODbL), snapshot 2026-07-15T15:22:01Z","osm_type":"way","osm_id":261255008,"osm_url":"https://www.openstreetmap.org/way/261255008","source_timestamp":"2026-07-15T15:22:01Z","scenario_only":false,"layer":"building","name":"Mapped building footprint","osm_building":"yes","context_scope":"candidate-site building check","height_m":10.0},"geometry":{"type":"Polygon","coordinates":[[[-122.4323288,37.7690979],[-122.4322194,37.7691036],[-122.4322186,37.7690942],[-122.4321297,37.7690988],[-122.4321272,37.7690683],[-122.4321536,37.7690669],[-122.4321523,37.7690516],[-122.4322054,37.7690488],[-122.4322046,37.7690393],[-122.4322066,37.7690392],[-122.4323233,37.769033],[-122.4323288,37.7690979]]]}},{"type":"Feature","id":"osm-land-building-261255009","properties":{"source":"© OpenStreetMap contributors; OSM way/261255009 (ODbL), snapshot 2026-07-15T15:22:01Z","osm_type":"way","osm_id":261255009,"osm_url":"https://www.openstreetmap.org/way/261255009","source_timestamp":"2026-07-15T15:22:01Z","scenario_only":false,"layer":"building","name":"Mapped building footprint","osm_building":"yes","context_scope":"candidate-site building check","height_m":10.0},"geometry":{"type":"Polygon","coordinates":[[[-122.4318566,37.7691881],[-122.4318416,37.7690087],[-122.4318706,37.7690072],[-122.4318712,37.7690141],[-122.4318966,37.7690128],[-122.4318958,37.7690036],[-122.4319262,37.769002],[-122.4319422,37.7691936],[-122.4319139,37.7692021],[-122.4318857,37.7692031],[-122.4318577,37.7691946],[-122.4318566,37.7691881]]]}},{"type":"Feature","id":"osm-land-building-261255011","properties":{"source":"© OpenStreetMap contributors; OSM way/261255011 (ODbL), snapshot 2026-07-15T15:22:01Z","osm_type":"way","osm_id":261255011,"osm_url":"https://www.openstreetmap.org/way/261255011","source_timestamp":"2026-07-15T15:22:01Z","scenario_only":false,"layer":"building","name":"Mapped building footprint","osm_building":"yes","context_scope":"candidate-site building check","height_m":10.0},"geometry":{"type":"Polygon","coordinates":[[[-122.4316547,37.7686758],[-122.4316739,37.7686748],[-122.4316798,37.7687437],[-122.4314826,37.7687542],[-122.4314807,37.7687318],[-122.4314693,37.7687324],[-122.4314666,37.7687007],[-122.431478,37.7687001],[-122.4314778,37.7686969],[-122.4315855,37.7686912],[-122.4315845,37.7686795],[-122.4316547,37.7686758]]]}},{"type":"Feature","id":"osm-land-building-261255012","properties":{"source":"© OpenStreetMap contributors; OSM way/261255012 (ODbL), snapshot 2026-07-15T15:22:01Z","osm_type":"way","osm_id":261255012,"osm_url":"https://www.openstreetmap.org/way/261255012","source_timestamp":"2026-07-15T15:22:01Z","scenario_only":false,"layer":"building","name":"Mapped building footprint","osm_building":"yes","context_scope":"candidate-site building check","height_m":13.0},"geometry":{"type":"Polygon","coordinates":[[[-122.4319262,37.769002],[-122.431925,37.7689872],[-122.4320115,37.7689826],[-122.4320138,37.7690099],[-122.4320283,37.7691831],[-122.4320288,37.769189],[-122.4320197,37.7691974],[-122.4319977,37.7691993],[-122.4319887,37.7691918],[-122.4319761,37.7691993],[-122.4319552,37.7692007],[-122.4319422,37.7691936],[-122.4319262,37.769002]]]}},{"type":"Feature","id":"osm-land-building-261255014","properties":{"source":"© OpenStreetMap contributors; OSM way/261255014 (ODbL), snapshot 2026-07-15T15:22:01Z","osm_type":"way","osm_id":261255014,"osm_url":"https://www.openstreetmap.org/way/261255014","source_timestamp":"2026-07-15T15:22:01Z","scenario_only":false,"layer":"building","name":"Mapped building footprint","osm_building":"yes","context_scope":"candidate-site building check","height_m":8.0},"geometry":{"type":"Polygon","coordinates":[[[-122.4321765,37.7687099],[-122.4321757,37.7687011],[-122.4321201,37.7687041],[-122.4321163,37.7686591],[-122.432172,37.7686562],[-122.4321711,37.7686454],[-122.4322868,37.7686393],[-122.4322896,37.7686727],[-122.4323035,37.768672],[-122.4323059,37.7687006],[-122.4322886,37.7687015],[-122.4322888,37.768704],[-122.4321765,37.7687099]]]}},{"type":"Feature","id":"osm-land-building-261255015","properties":{"source":"© OpenStreetMap contributors; OSM way/261255015 (ODbL), snapshot 2026-07-15T15:22:01Z","osm_type":"way","osm_id":261255015,"osm_url":"https://www.openstreetmap.org/way/261255015","source_timestamp":"2026-07-15T15:22:01Z","scenario_only":false,"layer":"building","name":"Mapped building footprint","osm_building":"yes","context_scope":"candidate-site building check","height_m":7.0},"geometry":{"type":"Polygon","coordinates":[[[-122.4323233,37.769033],[-122.4322066,37.7690392],[-122.4322058,37.769029],[-122.4321496,37.769032],[-122.4321457,37.7689857],[-122.4321999,37.7689828],[-122.4321991,37.7689736],[-122.4323114,37.7689676],[-122.4323178,37.7689673],[-122.4323205,37.7689998],[-122.4323327,37.7689991],[-122.4323355,37.7690324],[-122.4323233,37.769033]]]}},{"type":"Feature","id":"osm-land-building-261255016","properties":{"source":"© OpenStreetMap contributors; OSM way/261255016 (ODbL), snapshot 2026-07-15T15:22:01Z","osm_type":"way","osm_id":261255016,"osm_url":"https://www.openstreetmap.org/way/261255016","source_timestamp":"2026-07-15T15:22:01Z","scenario_only":false,"layer":"building","name":"Mapped building footprint","osm_building":"yes","context_scope":"candidate-site building check","height_m":12.0},"geometry":{"type":"Polygon","coordinates":[[[-122.4314741,37.769006],[-122.4316941,37.7689945],[-122.4317316,37.7689925],[-122.4317333,37.7690124],[-122.4316919,37.7690145],[-122.4316958,37.769061],[-122.4315725,37.7690675],[-122.4314863,37.769072],[-122.431471,37.7690625],[-122.4314728,37.769048],[-122.4314803,37.7690376],[-122.431471,37.769031],[-122.4314675,37.7690194],[-122.4314741,37.769006]]]}},{"type":"Feature","id":"osm-land-building-261255017","properties":{"source":"© OpenStreetMap contributors; OSM way/261255017 (ODbL), snapshot 2026-07-15T15:22:01Z","osm_type":"way","osm_id":261255017,"osm_url":"https://www.openstreetmap.org/way/261255017","source_timestamp":"2026-07-15T15:22:01Z","scenario_only":false,"layer":"building","name":"Mapped building footprint","osm_building":"yes","context_scope":"candidate-site building check","height_m":11.0},"geometry":{"type":"Polygon","coordinates":[[[-122.4316566,37.7687681],[-122.4316605,37.7688138],[-122.4316958,37.768812],[-122.4316977,37.7688354],[-122.4314802,37.7688467],[-122.4314803,37.7688423],[-122.4314703,37.7688366],[-122.4314688,37.768824],[-122.4314783,37.7688164],[-122.4314781,37.7688122],[-122.4314679,37.7688034],[-122.4314665,37.768788],[-122.4314748,37.7687818],[-122.4314745,37.7687776],[-122.4316566,37.7687681]]]}},{"type":"Feature","id":"osm-land-building-261255021","properties":{"source":"© OpenStreetMap contributors; OSM way/261255021 (ODbL), snapshot 2026-07-15T15:22:01Z","osm_type":"way","osm_id":261255021,"osm_url":"https://www.openstreetmap.org/way/261255021","source_timestamp":"2026-07-15T15:22:01Z","scenario_only":false,"layer":"building","name":"Mapped building footprint","osm_building":"yes","context_scope":"candidate-site building check","height_m":11.0},"geometry":{"type":"Polygon","coordinates":[[[-122.4317578,37.7689947],[-122.4318401,37.7689904],[-122.4318416,37.7690087],[-122.4318566,37.7691881],[-122.4318275,37.7691897],[-122.4318283,37.7691997],[-122.4317847,37.769202],[-122.4317841,37.7691955],[-122.4317564,37.769197],[-122.431751,37.7691321],[-122.4317503,37.7691234],[-122.4317712,37.7691223],[-122.4317706,37.7691157],[-122.4317883,37.7691148],[-122.4317838,37.7690619],[-122.4317635,37.769063],[-122.4317578,37.7689947]]]}},{"type":"Feature","id":"osm-land-building-261255022","properties":{"source":"© OpenStreetMap contributors; OSM way/261255022 (ODbL), snapshot 2026-07-15T15:22:01Z","osm_type":"way","osm_id":261255022,"osm_url":"https://www.openstreetmap.org/way/261255022","source_timestamp":"2026-07-15T15:22:01Z","scenario_only":false,"layer":"building","name":"Mapped building footprint","osm_building":"yes","context_scope":"candidate-site building check","height_m":12.0},"geometry":{"type":"Polygon","coordinates":[[[-122.4315725,37.7690675],[-122.4315733,37.7690779],[-122.4316829,37.7690722],[-122.4316855,37.7691042],[-122.4317365,37.7691015],[-122.4317382,37.7691215],[-122.4316476,37.7691262],[-122.431648,37.7691304],[-122.4316413,37.7691308],[-122.4314996,37.7691382],[-122.4314919,37.7691386],[-122.4314893,37.7691086],[-122.4314772,37.7691093],[-122.4314745,37.7690773],[-122.4314867,37.7690767],[-122.4314863,37.769072],[-122.4315725,37.7690675]]]}},{"type":"Feature","id":"osm-land-building-261255024","properties":{"source":"© OpenStreetMap contributors; OSM way/261255024 (ODbL), snapshot 2026-07-15T15:22:01Z","osm_type":"way","osm_id":261255024,"osm_url":"https://www.openstreetmap.org/way/261255024","source_timestamp":"2026-07-15T15:22:01Z","scenario_only":false,"layer":"building","name":"Mapped building footprint","osm_building":"yes","context_scope":"candidate-site building check","height_m":12.0},"geometry":{"type":"Polygon","coordinates":[[[-122.4314802,37.7688467],[-122.4316977,37.7688354],[-122.4317662,37.7688318],[-122.4317669,37.7688397],[-122.4318134,37.7688373],[-122.4318174,37.768885],[-122.4317735,37.7688873],[-122.4317765,37.7689237],[-122.4316886,37.7689283],[-122.4314828,37.768939],[-122.4314753,37.7689343],[-122.4314749,37.7689171],[-122.431482,37.7689096],[-122.4314711,37.7689028],[-122.4314713,37.7688879],[-122.4314795,37.7688779],[-122.4314693,37.7688698],[-122.4314677,37.7688555],[-122.4314767,37.768847],[-122.4314802,37.7688467]]]}},{"type":"Feature","id":"osm-land-building-261255028","properties":{"source":"© OpenStreetMap contributors; OSM way/261255028 (ODbL), snapshot 2026-07-15T15:22:01Z","osm_type":"way","osm_id":261255028,"osm_url":"https://www.openstreetmap.org/way/261255028","source_timestamp":"2026-07-15T15:22:01Z","scenario_only":false,"layer":"building","name":"Mapped building footprint","osm_building":"yes","context_scope":"candidate-site building check","height_m":10.0},"geometry":{"type":"Polygon","coordinates":[[[-122.4322868,37.7686393],[-122.4321711,37.7686454],[-122.4320539,37.7686516],[-122.4320533,37.7686454],[-122.4320425,37.7686414],[-122.4320423,37.7686273],[-122.4320513,37.7686218],[-122.4320506,37.7686143],[-122.4320383,37.7686097],[-122.4320377,37.7685977],[-122.4320469,37.7685901],[-122.4320464,37.768583],[-122.4320947,37.7685804],[-122.4323071,37.7685692],[-122.4323172,37.7685766],[-122.4323172,37.7685936],[-122.4323094,37.7686015],[-122.4323192,37.7686095],[-122.4323205,37.7686279],[-122.4323132,37.7686339],[-122.4323129,37.768638],[-122.4322868,37.7686393]]]}},{"type":"Feature","id":"osm-land-building-261255029","properties":{"source":"© OpenStreetMap contributors; OSM way/261255029 (ODbL), snapshot 2026-07-15T15:22:01Z","osm_type":"way","osm_id":261255029,"osm_url":"https://www.openstreetmap.org/way/261255029","source_timestamp":"2026-07-15T15:22:01Z","scenario_only":false,"layer":"building","name":"Mapped building footprint","osm_building":"yes","context_scope":"candidate-site building check","height_m":10.0},"geometry":{"type":"Polygon","coordinates":[[[-122.4323003,37.7688352],[-122.4320915,37.7688462],[-122.4320876,37.7688464],[-122.432077,37.7688389],[-122.4320763,37.7688263],[-122.4320854,37.7688196],[-122.4320854,37.7688126],[-122.4320725,37.7688058],[-122.432073,37.7687937],[-122.4320821,37.7687891],[-122.4320806,37.7687821],[-122.4321678,37.7687768],[-122.4321686,37.7687862],[-122.4322243,37.7687833],[-122.4322235,37.7687739],[-122.4322944,37.7687701],[-122.4323318,37.7687682],[-122.4323329,37.7687812],[-122.4323392,37.768788],[-122.4323409,37.7688143],[-122.4323362,37.76882],[-122.4323373,37.7688333],[-122.4323003,37.7688352]]]}},{"type":"Feature","id":"osm-land-building-261255030","properties":{"source":"© OpenStreetMap contributors; OSM way/261255030 (ODbL), snapshot 2026-07-15T15:22:01Z","osm_type":"way","osm_id":261255030,"osm_url":"https://www.openstreetmap.org/way/261255030","source_timestamp":"2026-07-15T15:22:01Z","scenario_only":false,"layer":"building","name":"Mapped building footprint","osm_building":"yes","context_scope":"candidate-site building check","height_m":11.0},"geometry":{"type":"Polygon","coordinates":[[[-122.4323681,37.7690958],[-122.4323684,37.7690999],[-122.4323796,37.769105],[-122.4323803,37.7691198],[-122.4323719,37.7691259],[-122.4323719,37.7691407],[-122.4323812,37.7691438],[-122.4323826,37.7691604],[-122.432368,37.7691733],[-122.4323486,37.7691742],[-122.4323435,37.7691705],[-122.432322,37.76917],[-122.4323162,37.7691787],[-122.432292,37.7691785],[-122.4322862,37.7691735],[-122.4322766,37.769174],[-122.4322675,37.769182],[-122.4322433,37.769183],[-122.4322359,37.7691762],[-122.432185,37.7691789],[-122.4321763,37.7691872],[-122.4321504,37.7691876],[-122.4321461,37.7691809],[-122.4321338,37.7691816],[-122.4321277,37.7691085],[-122.4322194,37.7691036],[-122.4323288,37.7690979],[-122.4323681,37.7690958]]]}},{"type":"Feature","id":"osm-land-building-261255031","properties":{"source":"© OpenStreetMap contributors; OSM way/261255031 (ODbL), snapshot 2026-07-15T15:22:01Z","osm_type":"way","osm_id":261255031,"osm_url":"https://www.openstreetmap.org/way/261255031","source_timestamp":"2026-07-15T15:22:01Z","scenario_only":false,"layer":"building","name":"Mapped building footprint","osm_building":"yes","context_scope":"candidate-site building check","height_m":9.0},"geometry":{"type":"Polygon","coordinates":[[[-122.4323071,37.7685692],[-122.4320947,37.7685804],[-122.4320891,37.7685132],[-122.4323138,37.7685014],[-122.4323195,37.7685686],[-122.4323071,37.7685692]]]}},{"type":"Feature","id":"osm-land-building-261255033","properties":{"source":"© OpenStreetMap contributors; OSM way/261255033 (ODbL), snapshot 2026-07-15T15:22:01Z","osm_type":"way","osm_id":261255033,"osm_url":"https://www.openstreetmap.org/way/261255033","source_timestamp":"2026-07-15T15:22:01Z","scenario_only":false,"layer":"building","name":"Mapped building footprint","osm_building":"yes","context_scope":"candidate-site building check","height_m":7.0},"geometry":{"type":"Polygon","coordinates":[[[-122.4323058,37.7689008],[-122.4321934,37.7689068],[-122.4321928,37.7688989],[-122.4320963,37.7689039],[-122.4320915,37.7688462],[-122.4323003,37.7688352],[-122.4323058,37.7689008]]]}},{"type":"Feature","id":"osm-land-building-261255037","properties":{"source":"© OpenStreetMap contributors; OSM way/261255037 (ODbL), snapshot 2026-07-15T15:22:01Z","osm_type":"way","osm_id":261255037,"osm_url":"https://www.openstreetmap.org/way/261255037","source_timestamp":"2026-07-15T15:22:01Z","scenario_only":false,"layer":"building","name":"Mapped building footprint","osm_building":"yes","context_scope":"candidate-site building check","height_m":11.0},"geometry":{"type":"Polygon","coordinates":[[[-122.4316637,37.7685389],[-122.43167,37.7686065],[-122.4316418,37.768608],[-122.4314423,37.7686186],[-122.4314378,37.7686188],[-122.4314318,37.7685481],[-122.4314418,37.7685476],[-122.4316637,37.7685389]]]}},{"type":"Feature","id":"osm-land-building-261255044","properties":{"source":"© OpenStreetMap contributors; OSM way/261255044 (ODbL), snapshot 2026-07-15T15:22:01Z","osm_type":"way","osm_id":261255044,"osm_url":"https://www.openstreetmap.org/way/261255044","source_timestamp":"2026-07-15T15:22:01Z","scenario_only":false,"layer":"building","name":"Mapped building footprint","osm_building":"yes","context_scope":"candidate-site building check","height_m":11.0},"geometry":{"type":"Polygon","coordinates":[[[-122.4320138,37.7690099],[-122.4320964,37.7690056],[-122.4321001,37.7690502],[-122.4320898,37.7690507],[-122.4320934,37.7690937],[-122.4321037,37.7690932],[-122.4321109,37.7691788],[-122.4320283,37.7691831],[-122.4320138,37.7690099]]]}},{"type":"Feature","id":"osm-land-building-261255046","properties":{"source":"© OpenStreetMap contributors; OSM way/261255046 (ODbL), snapshot 2026-07-15T15:22:01Z","osm_type":"way","osm_id":261255046,"osm_url":"https://www.openstreetmap.org/way/261255046","source_timestamp":"2026-07-15T15:22:01Z","scenario_only":false,"layer":"building","name":"Mapped building footprint","osm_building":"yes","context_scope":"candidate-site building check","height_m":7.0},"geometry":{"type":"Polygon","coordinates":[[[-122.4321991,37.7689736],[-122.4321982,37.7689636],[-122.4321036,37.7689686],[-122.4320998,37.7689235],[-122.4321944,37.7689185],[-122.4321934,37.7689068],[-122.4323058,37.7689008],[-122.4323114,37.7689676],[-122.4321991,37.7689736]]]}},{"type":"Feature","id":"osm-land-building-261255047","properties":{"source":"© OpenStreetMap contributors; OSM way/261255047 (ODbL), snapshot 2026-07-15T15:22:01Z","osm_type":"way","osm_id":261255047,"osm_url":"https://www.openstreetmap.org/way/261255047","source_timestamp":"2026-07-15T15:22:01Z","scenario_only":false,"layer":"building","name":"Mapped building footprint","osm_building":"yes","context_scope":"candidate-site building check","height_m":7.0},"geometry":{"type":"Polygon","coordinates":[[[-122.4322944,37.7687701],[-122.4322235,37.7687739],[-122.432182,37.7687761],[-122.4321813,37.7687674],[-122.4321015,37.7687716],[-122.4320976,37.7687254],[-122.4321774,37.7687212],[-122.4321765,37.7687099],[-122.4322888,37.768704],[-122.4322944,37.7687701]]]}},{"type":"Feature","id":"osm-land-building-261255048","properties":{"source":"© OpenStreetMap contributors; OSM way/261255048 (ODbL), snapshot 2026-07-15T15:22:01Z","osm_type":"way","osm_id":261255048,"osm_url":"https://www.openstreetmap.org/way/261255048","source_timestamp":"2026-07-15T15:22:01Z","scenario_only":false,"layer":"building","name":"Mapped building footprint","osm_building":"yes","context_scope":"candidate-site building check","height_m":10.0},"geometry":{"type":"Polygon","coordinates":[[[-122.4316418,37.768608],[-122.4316455,37.7686508],[-122.4316526,37.7686504],[-122.4316547,37.7686758],[-122.4315845,37.7686795],[-122.4315392,37.7686819],[-122.4315388,37.7686774],[-122.4314478,37.7686823],[-122.4314423,37.7686186],[-122.4316418,37.768608]]]}},{"type":"Feature","id":"osm-land-building-261255050","properties":{"source":"© OpenStreetMap contributors; OSM way/261255050 (ODbL), snapshot 2026-07-15T15:22:01Z","osm_type":"way","osm_id":261255050,"osm_url":"https://www.openstreetmap.org/way/261255050","source_timestamp":"2026-07-15T15:22:01Z","scenario_only":false,"layer":"building","name":"Mapped building footprint","osm_building":"yes","context_scope":"candidate-site building check","height_m":11.0},"geometry":{"type":"Polygon","coordinates":[[[-122.4314828,37.768939],[-122.4316886,37.7689283],[-122.4316941,37.7689945],[-122.4314741,37.769006],[-122.4314719,37.7689793],[-122.4314595,37.7689799],[-122.4314568,37.7689475],[-122.4314691,37.7689468],[-122.4314684,37.7689425],[-122.4314828,37.768939]]]}},{"type":"Feature","id":"osm-land-building-261264867","properties":{"source":"© OpenStreetMap contributors; OSM way/261264867 (ODbL), snapshot 2026-07-15T15:22:01Z","osm_type":"way","osm_id":261264867,"osm_url":"https://www.openstreetmap.org/way/261264867","source_timestamp":"2026-07-15T15:22:01Z","scenario_only":false,"layer":"building","name":"Mapped building footprint","osm_building":"apartments","context_scope":"candidate-site building check","height_m":7.0},"geometry":{"type":"Polygon","coordinates":[[[-122.4307911,37.769154],[-122.4307991,37.769233],[-122.4307141,37.7692384],[-122.4307061,37.7691595],[-122.4307291,37.769158],[-122.4307221,37.7690836],[-122.4307461,37.769082],[-122.4307471,37.7690894],[-122.4307601,37.7690885],[-122.4307631,37.769119],[-122.4307751,37.7691182],[-122.4307791,37.7691548],[-122.4307911,37.769154]]]}},{"type":"Feature","id":"osm-land-building-261264876","properties":{"source":"© OpenStreetMap contributors; OSM way/261264876 (ODbL), snapshot 2026-07-15T15:22:01Z","osm_type":"way","osm_id":261264876,"osm_url":"https://www.openstreetmap.org/way/261264876","source_timestamp":"2026-07-15T15:22:01Z","scenario_only":false,"layer":"building","name":"Mapped building footprint","osm_building":"apartments","context_scope":"candidate-site building check","height_m":12.0},"geometry":{"type":"Polygon","coordinates":[[[-122.4308771,37.7692365],[-122.4308001,37.7692415],[-122.4307991,37.769233],[-122.4307911,37.769154],[-122.4307861,37.7691054],[-122.4307951,37.7691048],[-122.4307891,37.7690465],[-122.4308351,37.7690435],[-122.4308371,37.7690657],[-122.4308591,37.7690643],[-122.4308611,37.7690775],[-122.4308721,37.7690767],[-122.4308801,37.7691502],[-122.4308681,37.769151],[-122.4308771,37.7692365]]]}},{"type":"Feature","id":"osm-land-building-261270592","properties":{"source":"© OpenStreetMap contributors; OSM way/261270592 (ODbL), snapshot 2026-07-15T15:22:01Z","osm_type":"way","osm_id":261270592,"osm_url":"https://www.openstreetmap.org/way/261270592","source_timestamp":"2026-07-15T15:22:01Z","scenario_only":false,"layer":"building","name":"Mapped building footprint","osm_building":"yes","context_scope":"candidate-site building check","height_m":13.0},"geometry":{"type":"Polygon","coordinates":[[[-122.4310882,37.7694624],[-122.4311188,37.7696084],[-122.4311105,37.7696105],[-122.4311024,37.7696174],[-122.4310866,37.7696193],[-122.431079,37.7696143],[-122.431065,37.7696154],[-122.4310685,37.7696319],[-122.431034,37.7696365],[-122.4310292,37.7696137],[-122.4309964,37.7694573],[-122.4310857,37.7694535],[-122.4310882,37.7694624]]]}},{"type":"Feature","id":"osm-land-building-261270593","properties":{"source":"© OpenStreetMap contributors; OSM way/261270593 (ODbL), snapshot 2026-07-15T15:22:01Z","osm_type":"way","osm_id":261270593,"osm_url":"https://www.openstreetmap.org/way/261270593","source_timestamp":"2026-07-15T15:22:01Z","scenario_only":false,"layer":"building","name":"Mapped building footprint","osm_building":"residential","context_scope":"candidate-site building check"},"geometry":{"type":"Polygon","coordinates":[[[-122.4314201,37.7694372],[-122.4314309,37.7694928],[-122.4313608,37.7695013],[-122.4313599,37.7694968],[-122.4312927,37.769505],[-122.431292,37.7695013],[-122.4312218,37.7695099],[-122.4312099,37.769449],[-122.431281,37.7694403],[-122.4312821,37.7694455],[-122.4313549,37.7694366],[-122.4313556,37.7694405],[-122.4314192,37.7694327],[-122.4314201,37.7694372]]]}},{"type":"Feature","id":"osm-land-building-261270595","properties":{"source":"© OpenStreetMap contributors; OSM way/261270595 (ODbL), snapshot 2026-07-15T15:22:01Z","osm_type":"way","osm_id":261270595,"osm_url":"https://www.openstreetmap.org/way/261270595","source_timestamp":"2026-07-15T15:22:01Z","scenario_only":false,"layer":"building","name":"Mapped building footprint","osm_building":"yes","context_scope":"candidate-site building check","height_m":13.0},"geometry":{"type":"Polygon","coordinates":[[[-122.4309964,37.7694573],[-122.4310292,37.7696137],[-122.4310224,37.7696146],[-122.4310325,37.7696624],[-122.4310092,37.7696655],[-122.4309992,37.7696178],[-122.430988,37.7696192],[-122.4309799,37.7696284],[-122.4309573,37.7696292],[-122.4309511,37.7696247],[-122.4309422,37.7696253],[-122.430912,37.7694707],[-122.4309119,37.7694638],[-122.4309964,37.7694573]]]}},{"type":"Feature","id":"osm-land-building-261270596","properties":{"source":"© OpenStreetMap contributors; OSM way/261270596 (ODbL), snapshot 2026-07-15T15:22:01Z","osm_type":"way","osm_id":261270596,"osm_url":"https://www.openstreetmap.org/way/261270596","source_timestamp":"2026-07-15T15:22:01Z","scenario_only":false,"layer":"building","name":"Mapped building footprint","osm_building":"yes","context_scope":"candidate-site building check","height_m":13.0},"geometry":{"type":"Polygon","coordinates":[[[-122.4309422,37.7696253],[-122.4309319,37.7696344],[-122.4309144,37.7696367],[-122.4309043,37.7696301],[-122.4308916,37.7696319],[-122.4309035,37.7696883],[-122.4308718,37.7696925],[-122.4308483,37.7695805],[-122.430827,37.7694795],[-122.4308341,37.7694734],[-122.4308432,37.7694694],[-122.4308555,37.7694688],[-122.4308658,37.7694739],[-122.430874,37.7694748],[-122.4308865,37.7694671],[-122.430902,37.7694667],[-122.430912,37.7694707],[-122.4309422,37.7696253]]]}},{"type":"Feature","id":"osm-land-building-261270597","properties":{"source":"© OpenStreetMap contributors; OSM way/261270597 (ODbL), snapshot 2026-07-15T15:22:01Z","osm_type":"way","osm_id":261270597,"osm_url":"https://www.openstreetmap.org/way/261270597","source_timestamp":"2026-07-15T15:22:01Z","scenario_only":false,"layer":"building","name":"Mapped building footprint","osm_building":"yes","context_scope":"candidate-site building check"},"geometry":{"type":"Polygon","coordinates":[[[-122.431532,37.7697354],[-122.4315429,37.7697464],[-122.4315471,37.7697533],[-122.4315469,37.7697639],[-122.4315403,37.7697719],[-122.4315403,37.7697793],[-122.4315466,37.7697789],[-122.4315541,37.7697874],[-122.4315539,37.769799],[-122.4315461,37.7698056],[-122.4314279,37.7698204],[-122.4314249,37.7698055],[-122.4313829,37.7698107],[-122.4313859,37.7698258],[-122.4313861,37.7698267],[-122.4312783,37.7698402],[-122.4312713,37.7698049],[-122.4312641,37.7697688],[-122.4312706,37.7697577],[-122.4313065,37.7697537],[-122.4313139,37.7697626],[-122.431532,37.7697354]]]}},{"type":"Feature","id":"osm-land-building-261270598","properties":{"source":"© OpenStreetMap contributors; OSM way/261270598 (ODbL), snapshot 2026-07-15T15:22:01Z","osm_type":"way","osm_id":261270598,"osm_url":"https://www.openstreetmap.org/way/261270598","source_timestamp":"2026-07-15T15:22:01Z","scenario_only":false,"layer":"building","name":"Mapped building footprint","osm_building":"yes","context_scope":"candidate-site building check","height_m":13.0},"geometry":{"type":"Polygon","coordinates":[[[-122.4310882,37.7694624],[-122.4310992,37.7694534],[-122.4311184,37.7694531],[-122.4311238,37.7694588],[-122.4311312,37.7694582],[-122.4311332,37.7694518],[-122.4311451,37.7694466],[-122.4311581,37.7694463],[-122.4311708,37.7694523],[-122.4311762,37.7694932],[-122.431188,37.7694917],[-122.4311996,37.7695469],[-122.4312115,37.7696033],[-122.4312175,37.7696368],[-122.4312109,37.769648],[-122.4311772,37.7696513],[-122.4311831,37.7696795],[-122.431145,37.7696845],[-122.4311392,37.7696566],[-122.4311292,37.7696579],[-122.4311188,37.7696084],[-122.4310882,37.7694624]]]}},{"type":"Feature","id":"osm-land-building-261270600","properties":{"source":"© OpenStreetMap contributors; OSM way/261270600 (ODbL), snapshot 2026-07-15T15:22:01Z","osm_type":"way","osm_id":261270600,"osm_url":"https://www.openstreetmap.org/way/261270600","source_timestamp":"2026-07-15T15:22:01Z","scenario_only":false,"layer":"building","name":"Mapped building footprint","osm_building":"yes","context_scope":"candidate-site building check"},"geometry":{"type":"Polygon","coordinates":[[[-122.431496,37.7694279],[-122.4314973,37.7694346],[-122.4315041,37.7694337],[-122.4315094,37.7694606],[-122.4315027,37.7694614],[-122.4315041,37.7694687],[-122.4315089,37.7694682],[-122.431514,37.7694945],[-122.4315094,37.7694951],[-122.4315106,37.7695011],[-122.4315157,37.7695004],[-122.4315208,37.7695263],[-122.4315158,37.7695269],[-122.4315174,37.769535],[-122.4315244,37.7695342],[-122.4315295,37.7695601],[-122.4315226,37.769561],[-122.4315241,37.7695687],[-122.4314477,37.7695781],[-122.4314455,37.7695668],[-122.4314374,37.7695678],[-122.4314338,37.7695491],[-122.4314418,37.7695481],[-122.4314389,37.7695332],[-122.4314327,37.769534],[-122.431429,37.7695151],[-122.4314351,37.7695143],[-122.4314309,37.7694928],[-122.4314201,37.7694372],[-122.431496,37.7694279]]]}},{"type":"Feature","id":"osm-land-building-261270601","properties":{"source":"© OpenStreetMap contributors; OSM way/261270601 (ODbL), snapshot 2026-07-15T15:22:01Z","osm_type":"way","osm_id":261270601,"osm_url":"https://www.openstreetmap.org/way/261270601","source_timestamp":"2026-07-15T15:22:01Z","scenario_only":false,"layer":"building","name":"Mapped building footprint","osm_building":"yes","context_scope":"candidate-site building check","height_m":12.0},"geometry":{"type":"Polygon","coordinates":[[[-122.431541,37.7697045],[-122.431376,37.769725],[-122.4313746,37.769718],[-122.4313517,37.7697208],[-122.4313531,37.7697279],[-122.4312805,37.7697369],[-122.4312784,37.7697267],[-122.4312518,37.76973],[-122.4312439,37.7696903],[-122.4312705,37.769687],[-122.4312528,37.769679],[-122.4312508,37.7696636],[-122.4312624,37.7696506],[-122.4312833,37.7696502],[-122.4312888,37.7696553],[-122.4313627,37.7696461],[-122.4313728,37.7696379],[-122.4313947,37.769635],[-122.4314057,37.7696407],[-122.4314933,37.7696298],[-122.4314949,37.7696257],[-122.4315025,37.7696214],[-122.4315176,37.7696212],[-122.4315288,37.7696258],[-122.4315348,37.7696358],[-122.431534,37.7696459],[-122.4315295,37.7696516],[-122.4315315,37.7696718],[-122.4315424,37.7696752],[-122.4315466,37.7696938],[-122.431541,37.7697045]]]}},{"type":"Feature","id":"osm-land-building-261270602","properties":{"source":"© OpenStreetMap contributors; OSM way/261270602 (ODbL), snapshot 2026-07-15T15:22:01Z","osm_type":"way","osm_id":261270602,"osm_url":"https://www.openstreetmap.org/way/261270602","source_timestamp":"2026-07-15T15:22:01Z","scenario_only":false,"layer":"building","name":"Mapped building footprint","osm_building":"yes","context_scope":"candidate-site building check"},"geometry":{"type":"Polygon","coordinates":[[[-122.4306675,37.7697361],[-122.4306025,37.7697445],[-122.4305925,37.7697001],[-122.4305855,37.769701],[-122.4305825,37.7696867],[-122.4304925,37.7696983],[-122.4304905,37.769684],[-122.4304845,37.7696848],[-122.4304705,37.769618],[-122.4304915,37.7696153],[-122.4304735,37.7695233],[-122.4304645,37.7695214],[-122.4304575,37.7695133],[-122.4304585,37.7694998],[-122.4304675,37.7694909],[-122.4304885,37.7694904],[-122.4304945,37.7694972],[-122.4305055,37.7694964],[-122.4305105,37.7694872],[-122.4305315,37.7694856],[-122.4305355,37.7694906],[-122.4305465,37.7694901],[-122.4305525,37.7694843],[-122.4305765,37.7694832],[-122.4305795,37.7694902],[-122.4305895,37.7694902],[-122.4305975,37.7694836],[-122.4306035,37.769481],[-122.4306145,37.7694806],[-122.4306255,37.7694861],[-122.4306315,37.7694951],[-122.4306305,37.7695066],[-122.4306235,37.7695116],[-122.4306675,37.7697361]]]}},{"type":"Feature","id":"osm-land-building-261270603","properties":{"source":"© OpenStreetMap contributors; OSM way/261270603 (ODbL), snapshot 2026-07-15T15:22:01Z","osm_type":"way","osm_id":261270603,"osm_url":"https://www.openstreetmap.org/way/261270603","source_timestamp":"2026-07-15T15:22:01Z","scenario_only":false,"layer":"building","name":"Mapped building footprint","osm_building":"yes","context_scope":"candidate-site building check","height_m":8.0},"geometry":{"type":"Polygon","coordinates":[[[-122.4314046,37.76952],[-122.4314165,37.7695764],[-122.4312115,37.7696033],[-122.4311996,37.7695469],[-122.4314046,37.76952]]]}},{"type":"Feature","id":"osm-land-building-261270606","properties":{"source":"© OpenStreetMap contributors; OSM way/261270606 (ODbL), snapshot 2026-07-15T15:22:01Z","osm_type":"way","osm_id":261270606,"osm_url":"https://www.openstreetmap.org/way/261270606","source_timestamp":"2026-07-15T15:22:01Z","scenario_only":false,"layer":"building","name":"Mapped building footprint","osm_building":"yes","context_scope":"candidate-site building check","height_m":12.0},"geometry":{"type":"Polygon","coordinates":[[[-122.4315676,37.769816],[-122.4315751,37.7698239],[-122.4315749,37.7698354],[-122.431571,37.7698393],[-122.431572,37.7698503],[-122.4315788,37.7698545],[-122.4315853,37.7698623],[-122.4315846,37.7698743],[-122.4315803,37.7698813],[-122.4315822,37.7698924],[-122.4315908,37.7699023],[-122.4315925,37.7699186],[-122.4315886,37.7699232],[-122.4315898,37.7699324],[-122.4315972,37.7699432],[-122.4315994,37.7699518],[-122.4315963,37.7699597],[-122.4315894,37.7699646],[-122.4315807,37.7699674],[-122.4315676,37.7699636],[-122.4315334,37.7699678],[-122.4315241,37.7699785],[-122.4315037,37.7699793],[-122.4314948,37.7699727],[-122.4314766,37.7699749],[-122.4314647,37.7699821],[-122.4314499,37.7699838],[-122.4314354,37.7699801],[-122.4314117,37.769983],[-122.4314056,37.7699942],[-122.4313866,37.7699962],[-122.4313748,37.7699876],[-122.4313093,37.7699958],[-122.4313,37.7699881],[-122.4312978,37.7699661],[-122.431301,37.7699542],[-122.4313188,37.7699519],[-122.4313066,37.769891],[-122.4312882,37.7698933],[-122.4312771,37.7698816],[-122.4312763,37.7698626],[-122.4312799,37.7698517],[-122.4314002,37.7698364],[-122.4314127,37.7698225],[-122.4314342,37.7698223],[-122.4314492,37.7698294],[-122.4315325,37.7698201],[-122.4315459,37.7698124],[-122.4315601,37.7698116],[-122.4315676,37.769816]]]}},{"type":"Feature","id":"osm-land-building-261270607","properties":{"source":"© OpenStreetMap contributors; OSM way/261270607 (ODbL), snapshot 2026-07-15T15:22:01Z","osm_type":"way","osm_id":261270607,"osm_url":"https://www.openstreetmap.org/way/261270607","source_timestamp":"2026-07-15T15:22:01Z","scenario_only":false,"layer":"building","name":"Mapped building footprint","osm_building":"yes","context_scope":"candidate-site building check","height_m":11.0},"geometry":{"type":"Polygon","coordinates":[[[-122.4312006,37.7700106],[-122.4312019,37.7700174],[-122.4311175,37.770028],[-122.431116,37.7700205],[-122.4310858,37.7698694],[-122.4311702,37.7698588],[-122.4312006,37.7700106]]]}},{"type":"Feature","id":"osm-land-building-261270608","properties":{"source":"© OpenStreetMap contributors; OSM way/261270608 (ODbL), snapshot 2026-07-15T15:22:01Z","osm_type":"way","osm_id":261270608,"osm_url":"https://www.openstreetmap.org/way/261270608","source_timestamp":"2026-07-15T15:22:01Z","scenario_only":false,"layer":"building","name":"Mapped building footprint","osm_building":"yes","context_scope":"candidate-site building check","height_m":9.0},"geometry":{"type":"Polygon","coordinates":[[[-122.4310858,37.7698694],[-122.431116,37.7700205],[-122.431014,37.7700332],[-122.4309813,37.7698695],[-122.4310833,37.7698568],[-122.4310858,37.7698694]]]}},{"type":"Feature","id":"osm-land-building-261270610","properties":{"source":"© OpenStreetMap contributors; OSM way/261270610 (ODbL), snapshot 2026-07-15T15:22:01Z","osm_type":"way","osm_id":261270610,"osm_url":"https://www.openstreetmap.org/way/261270610","source_timestamp":"2026-07-15T15:22:01Z","scenario_only":false,"layer":"building","name":"Mapped building footprint","osm_building":"yes","context_scope":"candidate-site building check"},"geometry":{"type":"Polygon","coordinates":[[[-122.4312854,37.77],[-122.4312006,37.7700106],[-122.4311702,37.7698588],[-122.4311622,37.7698185],[-122.4312713,37.7698049],[-122.4312783,37.7698402],[-122.4312785,37.7698409],[-122.4312542,37.769844],[-122.4312854,37.77]]]}},{"type":"Feature","id":"osm-land-building-261270611","properties":{"source":"© OpenStreetMap contributors; OSM way/261270611 (ODbL), snapshot 2026-07-15T15:22:01Z","osm_type":"way","osm_id":261270611,"osm_url":"https://www.openstreetmap.org/way/261270611","source_timestamp":"2026-07-15T15:22:01Z","scenario_only":false,"layer":"building","name":"Mapped building footprint","osm_building":"yes","context_scope":"candidate-site building check","height_m":9.0},"geometry":{"type":"Polygon","coordinates":[[[-122.4309813,37.7698695],[-122.431014,37.7700332],[-122.4310148,37.7700368],[-122.4309425,37.7700458],[-122.4309091,37.7698785],[-122.4309183,37.7698773],[-122.4309149,37.76986],[-122.4309779,37.7698521],[-122.4309813,37.7698695]]]}},{"type":"Feature","id":"osm-land-building-261276037","properties":{"source":"© OpenStreetMap contributors; OSM way/261276037 (ODbL), snapshot 2026-07-15T15:22:01Z","osm_type":"way","osm_id":261276037,"osm_url":"https://www.openstreetmap.org/way/261276037","source_timestamp":"2026-07-15T15:22:01Z","scenario_only":false,"layer":"building","name":"Mapped building footprint","osm_building":"yes","context_scope":"candidate-site building check","height_m":10.0},"geometry":{"type":"Polygon","coordinates":[[[-122.4328854,37.7702942],[-122.4327495,37.770311],[-122.4327363,37.7702441],[-122.4327408,37.7702436],[-122.4328678,37.7702279],[-122.4328752,37.7702653],[-122.4328869,37.7702639],[-122.432883,37.7702438],[-122.4329266,37.7702384],[-122.4329364,37.7702879],[-122.4328854,37.7702942]]]}},{"type":"Feature","id":"osm-land-building-261276038","properties":{"source":"© OpenStreetMap contributors; OSM way/261276038 (ODbL), snapshot 2026-07-15T15:22:01Z","osm_type":"way","osm_id":261276038,"osm_url":"https://www.openstreetmap.org/way/261276038","source_timestamp":"2026-07-15T15:22:01Z","scenario_only":false,"layer":"building","name":"Mapped building footprint","osm_building":"yes","context_scope":"candidate-site building check","height_m":12.0},"geometry":{"type":"Polygon","coordinates":[[[-122.4330192,37.7704166],[-122.4330331,37.7704866],[-122.4327486,37.7705218],[-122.4327476,37.7705168],[-122.432736,37.770458],[-122.4327347,37.7704518],[-122.4327858,37.7704455],[-122.4330079,37.770418],[-122.4330192,37.7704166]]]}},{"type":"Feature","id":"osm-land-building-261276039","properties":{"source":"© OpenStreetMap contributors; OSM way/261276039 (ODbL), snapshot 2026-07-15T15:22:01Z","osm_type":"way","osm_id":261276039,"osm_url":"https://www.openstreetmap.org/way/261276039","source_timestamp":"2026-07-15T15:22:01Z","scenario_only":false,"layer":"building","name":"Mapped building footprint","osm_building":"yes","context_scope":"candidate-site building check","height_m":15.0},"geometry":{"type":"Polygon","coordinates":[[[-122.4329348,37.7699402],[-122.4326692,37.7699737],[-122.4326689,37.769972],[-122.4326415,37.7699754],[-122.4326353,37.7699443],[-122.4326619,37.769941],[-122.4326554,37.7699239],[-122.4326543,37.7699049],[-122.432668,37.769893],[-122.4326919,37.7698902],[-122.4329193,37.7698634],[-122.4329348,37.7699402]]]}},{"type":"Feature","id":"osm-land-building-261276041","properties":{"source":"© OpenStreetMap contributors; OSM way/261276041 (ODbL), snapshot 2026-07-15T15:22:01Z","osm_type":"way","osm_id":261276041,"osm_url":"https://www.openstreetmap.org/way/261276041","source_timestamp":"2026-07-15T15:22:01Z","scenario_only":false,"layer":"building","name":"Mapped building footprint","osm_building":"yes","context_scope":"candidate-site building check","height_m":10.0},"geometry":{"type":"Polygon","coordinates":[[[-122.4328533,37.7701607],[-122.4327835,37.7701693],[-122.4327822,37.7701625],[-122.4327302,37.770169],[-122.4327192,37.7701136],[-122.4327656,37.7701079],[-122.4328733,37.7700946],[-122.4328746,37.7701007],[-122.4329484,37.7700915],[-122.4329573,37.7701362],[-122.4328511,37.7701494],[-122.4328533,37.7701607]]]}},{"type":"Feature","id":"osm-land-building-261276042","properties":{"source":"© OpenStreetMap contributors; OSM way/261276042 (ODbL), snapshot 2026-07-15T15:22:01Z","osm_type":"way","osm_id":261276042,"osm_url":"https://www.openstreetmap.org/way/261276042","source_timestamp":"2026-07-15T15:22:01Z","scenario_only":false,"layer":"building","name":"Mapped building footprint","osm_building":"yes","context_scope":"candidate-site building check","height_m":11.0},"geometry":{"type":"Polygon","coordinates":[[[-122.4328733,37.7700946],[-122.4327656,37.7701079],[-122.4327641,37.7701003],[-122.4327189,37.7701059],[-122.4327163,37.770093],[-122.4326811,37.7700974],[-122.4326772,37.7700777],[-122.4327123,37.7700734],[-122.4327062,37.7700426],[-122.4328255,37.7700278],[-122.4328341,37.7700712],[-122.4328679,37.770067],[-122.4328733,37.7700946]]]}},{"type":"Feature","id":"osm-land-building-261276043","properties":{"source":"© OpenStreetMap contributors; OSM way/261276043 (ODbL), snapshot 2026-07-15T15:22:01Z","osm_type":"way","osm_id":261276043,"osm_url":"https://www.openstreetmap.org/way/261276043","source_timestamp":"2026-07-15T15:22:01Z","scenario_only":false,"layer":"building","name":"Mapped building footprint","osm_building":"yes","context_scope":"candidate-site building check","height_m":11.0},"geometry":{"type":"Polygon","coordinates":[[[-122.4331641,37.770189],[-122.4332465,37.7701786],[-122.4332478,37.7701853],[-122.4332982,37.7701789],[-122.4333045,37.7702102],[-122.4333255,37.7702075],[-122.4333294,37.7702268],[-122.4333085,37.7702295],[-122.4333101,37.7702377],[-122.4332579,37.7702443],[-122.433117,37.7702621],[-122.4331107,37.7702309],[-122.433171,37.7702233],[-122.4331641,37.770189]]]}},{"type":"Feature","id":"osm-land-building-261276045","properties":{"source":"© OpenStreetMap contributors; OSM way/261276045 (ODbL), snapshot 2026-07-15T15:22:01Z","osm_type":"way","osm_id":261276045,"osm_url":"https://www.openstreetmap.org/way/261276045","source_timestamp":"2026-07-15T15:22:01Z","scenario_only":false,"layer":"building","name":"Mapped building footprint","osm_building":"yes","context_scope":"candidate-site building check","height_m":14.0},"geometry":{"type":"Polygon","coordinates":[[[-122.4329481,37.7700094],[-122.432683,37.7700412],[-122.4326772,37.770034],[-122.4326761,37.7700233],[-122.4326802,37.7700195],[-122.4326865,37.7700156],[-122.4326951,37.7700131],[-122.4326946,37.7700047],[-122.4326844,37.7700037],[-122.4326775,37.7700022],[-122.4326703,37.7699977],[-122.4326701,37.7699849],[-122.4326749,37.7699775],[-122.4329349,37.769944],[-122.4329481,37.7700094]]]}},{"type":"Feature","id":"osm-land-building-261276046","properties":{"source":"© OpenStreetMap contributors; OSM way/261276046 (ODbL), snapshot 2026-07-15T15:22:01Z","osm_type":"way","osm_id":261276046,"osm_url":"https://www.openstreetmap.org/way/261276046","source_timestamp":"2026-07-15T15:22:01Z","scenario_only":false,"layer":"building","name":"Mapped building footprint","osm_building":"yes","context_scope":"candidate-site building check","height_m":12.0},"geometry":{"type":"Polygon","coordinates":[[[-122.4332858,37.7701047],[-122.4332906,37.7701091],[-122.4332954,37.7701128],[-122.4332984,37.770121],[-122.433296,37.7701274],[-122.4332911,37.7701309],[-122.4332923,37.7701442],[-122.433317,37.7701415],[-122.4333209,37.7701613],[-122.4332978,37.7701642],[-122.4332994,37.7701719],[-122.4332465,37.7701786],[-122.4331641,37.770189],[-122.4331454,37.7701913],[-122.4331319,37.7701241],[-122.4332858,37.7701047]]]}},{"type":"Feature","id":"osm-land-building-261276048","properties":{"source":"© OpenStreetMap contributors; OSM way/261276048 (ODbL), snapshot 2026-07-15T15:22:01Z","osm_type":"way","osm_id":261276048,"osm_url":"https://www.openstreetmap.org/way/261276048","source_timestamp":"2026-07-15T15:22:01Z","scenario_only":false,"layer":"building","name":"Mapped building footprint","osm_building":"yes","context_scope":"candidate-site building check","height_m":11.0},"geometry":{"type":"Polygon","coordinates":[[[-122.4332421,37.7699023],[-122.4332554,37.7699007],[-122.4332617,37.7699322],[-122.4332514,37.7699335],[-122.4332531,37.7699418],[-122.4332708,37.7699396],[-122.4332749,37.7699598],[-122.4332571,37.769962],[-122.433259,37.7699713],[-122.4331065,37.7699905],[-122.4331026,37.769971],[-122.4330569,37.7699768],[-122.4330492,37.7699384],[-122.4330845,37.7699339],[-122.4330949,37.7699326],[-122.4330926,37.7699212],[-122.4332421,37.7699023]]]}},{"type":"Feature","id":"osm-land-building-261276049","properties":{"source":"© OpenStreetMap contributors; OSM way/261276049 (ODbL), snapshot 2026-07-15T15:22:01Z","osm_type":"way","osm_id":261276049,"osm_url":"https://www.openstreetmap.org/way/261276049","source_timestamp":"2026-07-15T15:22:01Z","scenario_only":false,"layer":"building","name":"Mapped building footprint","osm_building":"yes","context_scope":"candidate-site building check","height_m":10.0},"geometry":{"type":"Polygon","coordinates":[[[-122.433117,37.7702621],[-122.4332579,37.7702443],[-122.4332593,37.7702515],[-122.4333142,37.7702446],[-122.433321,37.7702784],[-122.433338,37.7702763],[-122.433342,37.7702964],[-122.4333228,37.7702988],[-122.433325,37.7703097],[-122.4331613,37.7703303],[-122.433156,37.7703041],[-122.4331344,37.7703068],[-122.4331282,37.7702759],[-122.433085,37.7702814],[-122.4330827,37.7702701],[-122.4331177,37.7702657],[-122.433117,37.7702621]]]}},{"type":"Feature","id":"osm-land-building-261276050","properties":{"source":"© OpenStreetMap contributors; OSM way/261276050 (ODbL), snapshot 2026-07-15T15:22:01Z","osm_type":"way","osm_id":261276050,"osm_url":"https://www.openstreetmap.org/way/261276050","source_timestamp":"2026-07-15T15:22:01Z","scenario_only":false,"layer":"building","name":"Mapped building footprint","osm_building":"yes","context_scope":"candidate-site building check","height_m":11.0},"geometry":{"type":"Polygon","coordinates":[[[-122.4331065,37.7699905],[-122.433259,37.7699713],[-122.4332669,37.7699765],[-122.4332709,37.7699842],[-122.4332703,37.7699918],[-122.4332654,37.7699953],[-122.4332679,37.7700082],[-122.4332855,37.7700059],[-122.4332898,37.7700269],[-122.4332706,37.7700293],[-122.4332719,37.7700358],[-122.4331177,37.7700552],[-122.4330712,37.7700611],[-122.4330609,37.7700102],[-122.433103,37.7700049],[-122.4331015,37.7699972],[-122.4331077,37.7699964],[-122.4331065,37.7699905]]]}},{"type":"Feature","id":"osm-land-building-261276053","properties":{"source":"© OpenStreetMap contributors; OSM way/261276053 (ODbL), snapshot 2026-07-15T15:22:01Z","osm_type":"way","osm_id":261276053,"osm_url":"https://www.openstreetmap.org/way/261276053","source_timestamp":"2026-07-15T15:22:01Z","scenario_only":false,"layer":"building","name":"Mapped building footprint","osm_building":"yes","context_scope":"candidate-site building check","height_m":11.0},"geometry":{"type":"Polygon","coordinates":[[[-122.4332421,37.7699023],[-122.4330926,37.7699212],[-122.4330728,37.7699237],[-122.4330678,37.7698986],[-122.4330572,37.7698999],[-122.4330482,37.7698556],[-122.433076,37.7698529],[-122.4330757,37.769849],[-122.4330869,37.7698477],[-122.4330929,37.769842],[-122.43311,37.7698415],[-122.4331198,37.7698454],[-122.433169,37.7698394],[-122.4331781,37.7698307],[-122.4331928,37.7698306],[-122.4332012,37.7698341],[-122.4332281,37.7698329],[-122.4332373,37.7698381],[-122.4332428,37.7698477],[-122.4332414,37.7698569],[-122.4332352,37.7698618],[-122.433236,37.7698721],[-122.4332614,37.7698689],[-122.4332659,37.7698913],[-122.4332405,37.7698945],[-122.4332421,37.7699023]]]}},{"type":"Feature","id":"osm-land-building-261276054","properties":{"source":"© OpenStreetMap contributors; OSM way/261276054 (ODbL), snapshot 2026-07-15T15:22:01Z","osm_type":"way","osm_id":261276054,"osm_url":"https://www.openstreetmap.org/way/261276054","source_timestamp":"2026-07-15T15:22:01Z","scenario_only":false,"layer":"building","name":"Mapped building footprint","osm_building":"yes","context_scope":"candidate-site building check","height_m":13.0},"geometry":{"type":"Polygon","coordinates":[[[-122.4327858,37.7704455],[-122.4327725,37.7703783],[-122.432899,37.7703626],[-122.4329945,37.7703507],[-122.4330079,37.770418],[-122.4327858,37.7704455]]]}},{"type":"Feature","id":"osm-land-building-261276055","properties":{"source":"© OpenStreetMap contributors; OSM way/261276055 (ODbL), snapshot 2026-07-15T15:22:01Z","osm_type":"way","osm_id":261276055,"osm_url":"https://www.openstreetmap.org/way/261276055","source_timestamp":"2026-07-15T15:22:01Z","scenario_only":false,"layer":"building","name":"Mapped building footprint","osm_building":"yes","context_scope":"candidate-site building check","height_m":10.0},"geometry":{"type":"Polygon","coordinates":[[[-122.432899,37.7703626],[-122.4327725,37.7703783],[-122.4327631,37.7703794],[-122.4327495,37.770311],[-122.4328854,37.7702942],[-122.432899,37.7703626]]]}},{"type":"Feature","id":"osm-land-building-261276058","properties":{"source":"© OpenStreetMap contributors; OSM way/261276058 (ODbL), snapshot 2026-07-15T15:22:01Z","osm_type":"way","osm_id":261276058,"osm_url":"https://www.openstreetmap.org/way/261276058","source_timestamp":"2026-07-15T15:22:01Z","scenario_only":false,"layer":"building","name":"Mapped building footprint","osm_building":"yes","context_scope":"candidate-site building check","height_m":11.0},"geometry":{"type":"Polygon","coordinates":[[[-122.4332719,37.7700358],[-122.4332824,37.7700345],[-122.4332892,37.770068],[-122.4332787,37.7700693],[-122.4332858,37.7701047],[-122.4331319,37.7701241],[-122.4331177,37.7700552],[-122.4332719,37.7700358]]]}},{"type":"Feature","id":"osm-land-building-261276060","properties":{"source":"© OpenStreetMap contributors; OSM way/261276060 (ODbL), snapshot 2026-07-15T15:22:01Z","osm_type":"way","osm_id":261276060,"osm_url":"https://www.openstreetmap.org/way/261276060","source_timestamp":"2026-07-15T15:22:01Z","scenario_only":false,"layer":"building","name":"Mapped building footprint","osm_building":"yes","context_scope":"candidate-site building check","height_m":10.0},"geometry":{"type":"Polygon","coordinates":[[[-122.4328678,37.7702279],[-122.4327408,37.7702436],[-122.4327274,37.7701763],[-122.4327835,37.7701693],[-122.4328533,37.7701607],[-122.4328935,37.7701557],[-122.4328987,37.7701818],[-122.4329297,37.7701779],[-122.4329379,37.7702192],[-122.4328678,37.7702279]]]}},{"type":"Feature","id":"osm-land-building-261279726","properties":{"source":"© OpenStreetMap contributors; OSM way/261279726 (ODbL), snapshot 2026-07-15T15:22:01Z","osm_type":"way","osm_id":261279726,"osm_url":"https://www.openstreetmap.org/way/261279726","source_timestamp":"2026-07-15T15:22:01Z","scenario_only":false,"layer":"building","name":"Mapped building footprint","osm_building":"yes","context_scope":"candidate-site building check","height_m":10.0},"geometry":{"type":"Polygon","coordinates":[[[-122.4323738,37.7702178],[-122.4323667,37.7701774],[-122.4323597,37.7701697],[-122.4323571,37.7701562],[-122.4323606,37.770149],[-122.4324718,37.7701357],[-122.4324782,37.7701349],[-122.4324801,37.7701447],[-122.4324859,37.770144],[-122.4324949,37.7701911],[-122.4324889,37.7701918],[-122.4324912,37.7702038],[-122.4323738,37.7702178]]]}},{"type":"Feature","id":"osm-land-building-261279727","properties":{"source":"© OpenStreetMap contributors; OSM way/261279727 (ODbL), snapshot 2026-07-15T15:22:01Z","osm_type":"way","osm_id":261279727,"osm_url":"https://www.openstreetmap.org/way/261279727","source_timestamp":"2026-07-15T15:22:01Z","scenario_only":false,"layer":"building","name":"Mapped building footprint","osm_building":"yes","context_scope":"candidate-site building check","height_m":11.0},"geometry":{"type":"Polygon","coordinates":[[[-122.4324945,37.7704826],[-122.432429,37.7704904],[-122.4324247,37.7704683],[-122.4323542,37.7704767],[-122.4323471,37.7704397],[-122.4324042,37.7704329],[-122.4324028,37.7704254],[-122.4324798,37.7704162],[-122.4325478,37.7704081],[-122.4325587,37.7704223],[-122.4325533,37.7704358],[-122.4325605,37.7704747],[-122.4324945,37.7704826]]]}},{"type":"Feature","id":"osm-land-building-261279729","properties":{"source":"© OpenStreetMap contributors; OSM way/261279729 (ODbL), snapshot 2026-07-15T15:22:01Z","osm_type":"way","osm_id":261279729,"osm_url":"https://www.openstreetmap.org/way/261279729","source_timestamp":"2026-07-15T15:22:01Z","scenario_only":false,"layer":"building","name":"Mapped building footprint","osm_building":"yes","context_scope":"candidate-site building check","height_m":8.0},"geometry":{"type":"Polygon","coordinates":[[[-122.4319423,37.7704514],[-122.4320324,37.7704407],[-122.4321019,37.7704325],[-122.4321066,37.770457],[-122.4321221,37.7704552],[-122.4321286,37.7704897],[-122.432118,37.770491],[-122.4319536,37.7705105],[-122.4319522,37.7704997],[-122.4319438,37.7704951],[-122.4319417,37.770482],[-122.4319464,37.7704771],[-122.4319423,37.7704514]]]}},{"type":"Feature","id":"osm-land-building-261279730","properties":{"source":"© OpenStreetMap contributors; OSM way/261279730 (ODbL), snapshot 2026-07-15T15:22:01Z","osm_type":"way","osm_id":261279730,"osm_url":"https://www.openstreetmap.org/way/261279730","source_timestamp":"2026-07-15T15:22:01Z","scenario_only":false,"layer":"building","name":"Mapped building footprint","osm_building":"yes","context_scope":"candidate-site building check","height_m":12.0},"geometry":{"type":"Polygon","coordinates":[[[-122.4325327,37.7704007],[-122.4324781,37.7704072],[-122.4324798,37.7704162],[-122.4324028,37.7704254],[-122.4323612,37.7704304],[-122.4323543,37.7703942],[-122.4324011,37.7703905],[-122.4324008,37.7703855],[-122.4323927,37.7703777],[-122.4323912,37.7703624],[-122.4323951,37.7703565],[-122.432466,37.7703481],[-122.4325214,37.7703414],[-122.4325327,37.7704007]]]}},{"type":"Feature","id":"osm-land-building-261279731","properties":{"source":"© OpenStreetMap contributors; OSM way/261279731 (ODbL), snapshot 2026-07-15T15:22:01Z","osm_type":"way","osm_id":261279731,"osm_url":"https://www.openstreetmap.org/way/261279731","source_timestamp":"2026-07-15T15:22:01Z","scenario_only":false,"layer":"building","name":"Mapped building footprint","osm_building":"yes","context_scope":"candidate-site building check","height_m":13.0},"geometry":{"type":"Polygon","coordinates":[[[-122.4321379,37.7702765],[-122.4321464,37.770321],[-122.4321609,37.7703193],[-122.4321659,37.7703454],[-122.4321082,37.7703523],[-122.4319393,37.7703721],[-122.4319224,37.7703622],[-122.4319209,37.7703447],[-122.43193,37.7703382],[-122.4319187,37.770334],[-122.4319128,37.770323],[-122.4319143,37.7703153],[-122.4319238,37.7703019],[-122.4321379,37.7702765]]]}},{"type":"Feature","id":"osm-land-building-261279733","properties":{"source":"© OpenStreetMap contributors; OSM way/261279733 (ODbL), snapshot 2026-07-15T15:22:01Z","osm_type":"way","osm_id":261279733,"osm_url":"https://www.openstreetmap.org/way/261279733","source_timestamp":"2026-07-15T15:22:01Z","scenario_only":false,"layer":"building","name":"Mapped building footprint","osm_building":"yes","context_scope":"candidate-site building check","height_m":15.0},"geometry":{"type":"Polygon","coordinates":[[[-122.4321624,37.7701286],[-122.4321748,37.7701938],[-122.4321534,37.7701964],[-122.4319829,37.7702166],[-122.4319,37.7702265],[-122.4318996,37.7702192],[-122.4318932,37.7702104],[-122.431895,37.7701922],[-122.4318884,37.7701899],[-122.4318831,37.7701819],[-122.431883,37.770171],[-122.4318868,37.770167],[-122.4318876,37.7701612],[-122.4321624,37.7701286]]]}},{"type":"Feature","id":"osm-land-building-261279734","properties":{"source":"© OpenStreetMap contributors; OSM way/261279734 (ODbL), snapshot 2026-07-15T15:22:01Z","osm_type":"way","osm_id":261279734,"osm_url":"https://www.openstreetmap.org/way/261279734","source_timestamp":"2026-07-15T15:22:01Z","scenario_only":false,"layer":"building","name":"Mapped building footprint","osm_building":"yes","context_scope":"candidate-site building check","height_m":11.0},"geometry":{"type":"Polygon","coordinates":[[[-122.4325219,37.7703371],[-122.4324652,37.7703439],[-122.432466,37.7703481],[-122.4323951,37.7703565],[-122.4323943,37.7703524],[-122.4323672,37.7703556],[-122.4323617,37.7703268],[-122.4323903,37.7703234],[-122.4323897,37.7703164],[-122.4323804,37.7703093],[-122.4323776,37.7702963],[-122.4323828,37.7702844],[-122.4325034,37.77027],[-122.4325089,37.7702693],[-122.4325219,37.7703371]]]}},{"type":"Feature","id":"osm-land-building-261279735","properties":{"source":"© OpenStreetMap contributors; OSM way/261279735 (ODbL), snapshot 2026-07-15T15:22:01Z","osm_type":"way","osm_id":261279735,"osm_url":"https://www.openstreetmap.org/way/261279735","source_timestamp":"2026-07-15T15:22:01Z","scenario_only":false,"layer":"building","name":"Mapped building footprint","osm_building":"yes","context_scope":"candidate-site building check","height_m":12.0},"geometry":{"type":"Polygon","coordinates":[[[-122.4321704,37.7706536],[-122.4322067,37.7708423],[-122.4322076,37.7708468],[-122.4322009,37.7708536],[-122.4321747,37.7708568],[-122.4321711,37.7708512],[-122.4321141,37.7708581],[-122.4320981,37.770775],[-122.4321151,37.770773],[-122.4321094,37.7707435],[-122.4320986,37.7707448],[-122.4320814,37.770663],[-122.4320938,37.7706564],[-122.4321114,37.7706548],[-122.4321218,37.7706591],[-122.4321704,37.7706536]]]}},{"type":"Feature","id":"osm-land-building-261279736","properties":{"source":"© OpenStreetMap contributors; OSM way/261279736 (ODbL), snapshot 2026-07-15T15:22:01Z","osm_type":"way","osm_id":261279736,"osm_url":"https://www.openstreetmap.org/way/261279736","source_timestamp":"2026-07-15T15:22:01Z","scenario_only":false,"layer":"building","name":"Mapped building footprint","osm_building":"yes","context_scope":"candidate-site building check","height_m":12.0},"geometry":{"type":"Polygon","coordinates":[[[-122.4325984,37.7705391],[-122.4325992,37.770543],[-122.4326119,37.7705469],[-122.4326136,37.77057],[-122.4326056,37.7705767],[-122.4326087,37.7705931],[-122.4326217,37.7706005],[-122.4326247,37.7706209],[-122.4326153,37.7706276],[-122.432616,37.7706311],[-122.4325207,37.7706425],[-122.4325126,37.7705998],[-122.4324914,37.7706024],[-122.4324819,37.770553],[-122.4325892,37.7705402],[-122.4325984,37.7705391]]]}},{"type":"Feature","id":"osm-land-building-261279737","properties":{"source":"© OpenStreetMap contributors; OSM way/261279737 (ODbL), snapshot 2026-07-15T15:22:01Z","osm_type":"way","osm_id":261279737,"osm_url":"https://www.openstreetmap.org/way/261279737","source_timestamp":"2026-07-15T15:22:01Z","scenario_only":false,"layer":"building","name":"Mapped building footprint","osm_building":"yes","context_scope":"candidate-site building check"},"geometry":{"type":"Polygon","coordinates":[[[-122.4319536,37.7705105],[-122.432118,37.770491],[-122.4321189,37.7704955],[-122.4321415,37.7704928],[-122.4321536,37.7704914],[-122.4321526,37.7704858],[-122.4322142,37.7704784],[-122.4322269,37.7705451],[-122.43217,37.7705518],[-122.4321687,37.7705449],[-122.4321295,37.7705495],[-122.4321309,37.7705565],[-122.4320864,37.7705618],[-122.4319593,37.7705769],[-122.4319469,37.7705113],[-122.4319536,37.7705105]]]}},{"type":"Feature","id":"osm-land-building-261279738","properties":{"source":"© OpenStreetMap contributors; OSM way/261279738 (ODbL), snapshot 2026-07-15T15:22:01Z","osm_type":"way","osm_id":261279738,"osm_url":"https://www.openstreetmap.org/way/261279738","source_timestamp":"2026-07-15T15:22:01Z","scenario_only":false,"layer":"building","name":"Mapped building footprint","osm_building":"yes","context_scope":"candidate-site building check","height_m":10.0},"geometry":{"type":"Polygon","coordinates":[[[-122.4323828,37.7702844],[-122.4323511,37.7702882],[-122.4323469,37.7702661],[-122.4323822,37.7702619],[-122.4323799,37.7702475],[-122.4323733,37.7702413],[-122.4323721,37.7702285],[-122.432374,37.7702233],[-122.4323738,37.7702178],[-122.4324912,37.7702038],[-122.4324976,37.7702375],[-122.4325128,37.7702357],[-122.4325176,37.7702607],[-122.432502,37.7702626],[-122.4325034,37.77027],[-122.4323828,37.7702844]]]}},{"type":"Feature","id":"osm-land-building-261279739","properties":{"source":"© OpenStreetMap contributors; OSM way/261279739 (ODbL), snapshot 2026-07-15T15:22:01Z","osm_type":"way","osm_id":261279739,"osm_url":"https://www.openstreetmap.org/way/261279739","source_timestamp":"2026-07-15T15:22:01Z","scenario_only":false,"layer":"building","name":"Mapped building footprint","osm_building":"yes","context_scope":"candidate-site building check","height_m":12.0},"geometry":{"type":"Polygon","coordinates":[[[-122.4319393,37.7703721],[-122.4321082,37.7703523],[-122.4321212,37.7704208],[-122.4321092,37.7704222],[-122.432111,37.7704314],[-122.4321019,37.7704325],[-122.4320324,37.7704407],[-122.4320307,37.7704316],[-122.4319503,37.7704411],[-122.4319497,37.7704349],[-122.4319414,37.7704304],[-122.4319385,37.7704177],[-122.4319458,37.7704105],[-122.4319444,37.7704018],[-122.4319348,37.7703979],[-122.4319323,37.770385],[-122.4319397,37.7703783],[-122.4319393,37.7703721]]]}},{"type":"Feature","id":"osm-land-building-261279740","properties":{"source":"© OpenStreetMap contributors; OSM way/261279740 (ODbL), snapshot 2026-07-15T15:22:01Z","osm_type":"way","osm_id":261279740,"osm_url":"https://www.openstreetmap.org/way/261279740","source_timestamp":"2026-07-15T15:22:01Z","scenario_only":false,"layer":"building","name":"Mapped building footprint","osm_building":"yes","context_scope":"candidate-site building check","height_m":12.0},"geometry":{"type":"Polygon","coordinates":[[[-122.4324819,37.770553],[-122.4324587,37.7705558],[-122.4324574,37.7705493],[-122.432277,37.7705708],[-122.4322703,37.7705357],[-122.4323099,37.770531],[-122.4323122,37.7705427],[-122.4323396,37.7705394],[-122.4323337,37.7705081],[-122.4323325,37.7705019],[-122.432429,37.7704904],[-122.4324945,37.7704826],[-122.4324957,37.7704888],[-122.4325616,37.770481],[-122.4325697,37.7705234],[-122.4325856,37.7705215],[-122.4325892,37.7705402],[-122.4324819,37.770553]]]}},{"type":"Feature","id":"osm-land-building-261279741","properties":{"source":"© OpenStreetMap contributors; OSM way/261279741 (ODbL), snapshot 2026-07-15T15:22:01Z","osm_type":"way","osm_id":261279741,"osm_url":"https://www.openstreetmap.org/way/261279741","source_timestamp":"2026-07-15T15:22:01Z","scenario_only":false,"layer":"building","name":"Mapped building footprint","osm_building":"yes","context_scope":"candidate-site building check","height_m":13.0},"geometry":{"type":"Polygon","coordinates":[[[-122.4318592,37.7700811],[-122.4319629,37.7700688],[-122.4319669,37.7700898],[-122.4319959,37.7700863],[-122.4319938,37.7700752],[-122.4321442,37.7700559],[-122.4321581,37.7700615],[-122.4321624,37.7700848],[-122.4321543,37.7700954],[-122.4321624,37.7701286],[-122.4318876,37.7701612],[-122.4318748,37.7701628],[-122.4318636,37.770154],[-122.4318617,37.7701346],[-122.4318694,37.7701284],[-122.431867,37.7701139],[-122.4318555,37.7701094],[-122.431851,37.7701018],[-122.4318529,37.7700847],[-122.4318592,37.7700811]]]}},{"type":"Feature","id":"osm-land-building-261279742","properties":{"source":"© OpenStreetMap contributors; OSM way/261279742 (ODbL), snapshot 2026-07-15T15:22:01Z","osm_type":"way","osm_id":261279742,"osm_url":"https://www.openstreetmap.org/way/261279742","source_timestamp":"2026-07-15T15:22:01Z","scenario_only":false,"layer":"building","name":"Mapped building footprint","osm_building":"yes","context_scope":"candidate-site building check","height_m":12.0},"geometry":{"type":"Polygon","coordinates":[[[-122.4321141,37.7708581],[-122.4320461,37.7708662],[-122.4320355,37.7708757],[-122.4320171,37.770877],[-122.4320009,37.7708652],[-122.4320014,37.7708489],[-122.4320058,37.7708451],[-122.4319924,37.7707755],[-122.4319807,37.7707703],[-122.4319774,37.7707498],[-122.4319867,37.7707415],[-122.4319807,37.7707116],[-122.4319743,37.7707101],[-122.4319726,37.7706933],[-122.4319854,37.7706808],[-122.4320011,37.7706808],[-122.4319971,37.7706601],[-122.4320625,37.7706523],[-122.432086,37.7707712],[-122.4320981,37.770775],[-122.4321141,37.7708581]]]}},{"type":"Feature","id":"osm-land-building-261279743","properties":{"source":"© OpenStreetMap contributors; OSM way/261279743 (ODbL), snapshot 2026-07-15T15:22:01Z","osm_type":"way","osm_id":261279743,"osm_url":"https://www.openstreetmap.org/way/261279743","source_timestamp":"2026-07-15T15:22:01Z","scenario_only":false,"layer":"building","name":"Mapped building footprint","osm_building":"yes","context_scope":"candidate-site building check","height_m":15.0},"geometry":{"type":"Polygon","coordinates":[[[-122.4321534,37.7701964],[-122.4321545,37.7702021],[-122.432166,37.7702008],[-122.4321794,37.7702715],[-122.4321379,37.7702765],[-122.4319238,37.7703019],[-122.4319166,37.7703028],[-122.431915,37.7702977],[-122.4319086,37.7702901],[-122.4319091,37.7702812],[-122.4319118,37.7702763],[-122.4319094,37.7702683],[-122.4318997,37.770263],[-122.4318963,37.7702548],[-122.4318998,37.7702454],[-122.4319046,37.7702429],[-122.4319031,37.7702319],[-122.4319678,37.7702242],[-122.431984,37.7702223],[-122.4319829,37.7702166],[-122.4321534,37.7701964]]]}},{"type":"Feature","id":"osm-land-building-261279744","properties":{"source":"© OpenStreetMap contributors; OSM way/261279744 (ODbL), snapshot 2026-07-15T15:22:01Z","osm_type":"way","osm_id":261279744,"osm_url":"https://www.openstreetmap.org/way/261279744","source_timestamp":"2026-07-15T15:22:01Z","scenario_only":false,"layer":"building","name":"Mapped building footprint","osm_building":"yes","context_scope":"candidate-site building check","height_m":13.0},"geometry":{"type":"Polygon","coordinates":[[[-122.4321511,37.7700345],[-122.4321133,37.770039],[-122.4321152,37.7700491],[-122.432066,37.7700549],[-122.432065,37.7700493],[-122.4320116,37.7700556],[-122.432013,37.7700628],[-122.4319629,37.7700688],[-122.4318592,37.7700811],[-122.4318579,37.7700733],[-122.4318496,37.7700712],[-122.4318472,37.7700512],[-122.4318517,37.7700458],[-122.4318489,37.7700269],[-122.4318406,37.7700198],[-122.4318384,37.7700095],[-122.4318465,37.7699976],[-122.4318636,37.7699937],[-122.4318774,37.769995],[-122.4321075,37.7699676],[-122.4321131,37.7699971],[-122.4321238,37.7699958],[-122.4321249,37.7700017],[-122.4321445,37.7699993],[-122.4321511,37.7700345]]]}},{"type":"Feature","id":"osm-land-building-261279745","properties":{"source":"© OpenStreetMap contributors; OSM way/261279745 (ODbL), snapshot 2026-07-15T15:22:01Z","osm_type":"way","osm_id":261279745,"osm_url":"https://www.openstreetmap.org/way/261279745","source_timestamp":"2026-07-15T15:22:01Z","scenario_only":false,"layer":"building","name":"Mapped building footprint","osm_building":"yes","context_scope":"candidate-site building check","height_m":3.0},"geometry":{"type":"Polygon","coordinates":[[[-122.4322431,37.7704027],[-122.4322565,37.7704734],[-122.4322142,37.7704784],[-122.4321526,37.7704858],[-122.4321391,37.7704151],[-122.4322431,37.7704027]]]}},{"type":"Feature","id":"osm-land-building-261279746","properties":{"source":"© OpenStreetMap contributors; OSM way/261279746 (ODbL), snapshot 2026-07-15T15:22:01Z","osm_type":"way","osm_id":261279746,"osm_url":"https://www.openstreetmap.org/way/261279746","source_timestamp":"2026-07-15T15:22:01Z","scenario_only":false,"layer":"building","name":"Mapped building footprint","osm_building":"yes","context_scope":"candidate-site building check"},"geometry":{"type":"Polygon","coordinates":[[[-122.4321309,37.7705565],[-122.4321495,37.7705543],[-122.4321633,37.7706268],[-122.4321002,37.7706343],[-122.4320864,37.7705618],[-122.4321309,37.7705565]]]}},{"type":"Feature","id":"osm-land-building-261279747","properties":{"source":"© OpenStreetMap contributors; OSM way/261279747 (ODbL), snapshot 2026-07-15T15:22:01Z","osm_type":"way","osm_id":261279747,"osm_url":"https://www.openstreetmap.org/way/261279747","source_timestamp":"2026-07-15T15:22:01Z","scenario_only":false,"layer":"building","name":"Mapped building footprint","osm_building":"yes","context_scope":"candidate-site building check","height_m":13.0},"geometry":{"type":"Polygon","coordinates":[[[-122.4324517,37.7699992],[-122.4322603,37.770022],[-122.4322445,37.7700239],[-122.4322296,37.769946],[-122.4324368,37.7699212],[-122.4324517,37.7699992]]]}},{"type":"Feature","id":"osm-land-building-261279748","properties":{"source":"© OpenStreetMap contributors; OSM way/261279748 (ODbL), snapshot 2026-07-15T15:22:01Z","osm_type":"way","osm_id":261279748,"osm_url":"https://www.openstreetmap.org/way/261279748","source_timestamp":"2026-07-15T15:22:01Z","scenario_only":false,"layer":"building","name":"Mapped building footprint","osm_building":"yes","context_scope":"candidate-site building check","height_m":12.0},"geometry":{"type":"Polygon","coordinates":[[[-122.4323477,37.7700811],[-122.4322733,37.77009],[-122.4322603,37.770022],[-122.4324517,37.7699992],[-122.4324647,37.7700671],[-122.4324588,37.7700678],[-122.4323477,37.7700811]]]}},{"type":"Feature","id":"osm-land-building-261279749","properties":{"source":"© OpenStreetMap contributors; OSM way/261279749 (ODbL), snapshot 2026-07-15T15:22:01Z","osm_type":"way","osm_id":261279749,"osm_url":"https://www.openstreetmap.org/way/261279749","source_timestamp":"2026-07-15T15:22:01Z","scenario_only":false,"layer":"building","name":"Mapped building footprint","osm_building":"yes","context_scope":"candidate-site building check","height_m":12.0},"geometry":{"type":"Polygon","coordinates":[[[-122.432378,37.7708216],[-122.4322881,37.7708325],[-122.4322534,37.7706523],[-122.4322659,37.7706508],[-122.4322574,37.7706068],[-122.432303,37.7706013],[-122.4323115,37.7706454],[-122.4323433,37.7706415],[-122.432378,37.7708216]]]}},{"type":"Feature","id":"osm-land-building-261279750","properties":{"source":"© OpenStreetMap contributors; OSM way/261279750 (ODbL), snapshot 2026-07-15T15:22:01Z","osm_type":"way","osm_id":261279750,"osm_url":"https://www.openstreetmap.org/way/261279750","source_timestamp":"2026-07-15T15:22:01Z","scenario_only":false,"layer":"building","name":"Mapped building footprint","osm_building":"yes","context_scope":"candidate-site building check","height_m":12.0},"geometry":{"type":"Polygon","coordinates":[[[-122.4322534,37.7706523],[-122.4322881,37.7708325],[-122.4322067,37.7708423],[-122.4321704,37.7706536],[-122.4321981,37.7706502],[-122.4321909,37.7706131],[-122.432234,37.7706079],[-122.4322428,37.7706536],[-122.4322534,37.7706523]]]}},{"type":"Feature","id":"osm-land-building-261279751","properties":{"source":"© OpenStreetMap contributors; OSM way/261279751 (ODbL), snapshot 2026-07-15T15:22:01Z","osm_type":"way","osm_id":261279751,"osm_url":"https://www.openstreetmap.org/way/261279751","source_timestamp":"2026-07-15T15:22:01Z","scenario_only":false,"layer":"building","name":"Mapped building footprint","osm_building":"yes","context_scope":"candidate-site building check","height_m":14.0},"geometry":{"type":"Polygon","coordinates":[[[-122.432433,37.7706608],[-122.432462,37.7708115],[-122.432378,37.7708216],[-122.4323433,37.7706415],[-122.4323421,37.7706346],[-122.4323608,37.7706294],[-122.4323884,37.7706286],[-122.4323893,37.7706328],[-122.4324266,37.7706279],[-122.432433,37.7706608]]]}},{"type":"Feature","id":"osm-land-building-261279752","properties":{"source":"© OpenStreetMap contributors; OSM way/261279752 (ODbL), snapshot 2026-07-15T15:22:01Z","osm_type":"way","osm_id":261279752,"osm_url":"https://www.openstreetmap.org/way/261279752","source_timestamp":"2026-07-15T15:22:01Z","scenario_only":false,"layer":"building","name":"Mapped building footprint","osm_building":"yes","context_scope":"candidate-site building check","height_m":10.0},"geometry":{"type":"Polygon","coordinates":[[[-122.4323606,37.770149],[-122.43236,37.7701444],[-122.4323522,37.77014],[-122.432351,37.7701211],[-122.4323544,37.7701175],[-122.4323477,37.7700811],[-122.4324588,37.7700678],[-122.4324663,37.770093],[-122.4324718,37.7701357],[-122.4323606,37.770149]]]}},{"type":"Feature","id":"osm-land-building-261281721","properties":{"source":"© OpenStreetMap contributors; OSM way/261281721 (ODbL), snapshot 2026-07-15T15:22:01Z","osm_type":"way","osm_id":261281721,"osm_url":"https://www.openstreetmap.org/way/261281721","source_timestamp":"2026-07-15T15:22:01Z","scenario_only":false,"layer":"building","name":"Mapped building footprint","osm_building":"apartments","context_scope":"candidate-site building check","height_m":9.0},"geometry":{"type":"Polygon","coordinates":[[[-122.4310158,37.7702199],[-122.4310342,37.7703093],[-122.4310202,37.7703111],[-122.4310241,37.77033],[-122.430993,37.770334],[-122.430995,37.7703435],[-122.4309611,37.7703479],[-122.4309553,37.7703195],[-122.4309419,37.7703213],[-122.4309235,37.7702318],[-122.4310158,37.7702199]]]}},{"type":"Feature","id":"osm-land-building-261281722","properties":{"source":"© OpenStreetMap contributors; OSM way/261281722 (ODbL), snapshot 2026-07-15T15:22:01Z","osm_type":"way","osm_id":261281722,"osm_url":"https://www.openstreetmap.org/way/261281722","source_timestamp":"2026-07-15T15:22:01Z","scenario_only":false,"layer":"building","name":"Mapped building footprint","osm_building":"apartments","context_scope":"candidate-site building check","height_m":8.0},"geometry":{"type":"Polygon","coordinates":[[[-122.4316454,37.770287],[-122.4316575,37.7703459],[-122.4316387,37.7703483],[-122.431522,37.7703633],[-122.4314837,37.7703683],[-122.4314818,37.7703591],[-122.4314221,37.7703667],[-122.43141,37.7703082],[-122.4315265,37.7702932],[-122.4315283,37.7703021],[-122.4316454,37.770287]]]}},{"type":"Feature","id":"osm-land-building-261281723","properties":{"source":"© OpenStreetMap contributors; OSM way/261281723 (ODbL), snapshot 2026-07-15T15:22:01Z","osm_type":"way","osm_id":261281723,"osm_url":"https://www.openstreetmap.org/way/261281723","source_timestamp":"2026-07-15T15:22:01Z","scenario_only":false,"layer":"building","name":"Mapped building footprint","osm_building":"apartments","context_scope":"candidate-site building check","height_m":9.0},"geometry":{"type":"Polygon","coordinates":[[[-122.4310952,37.7702158],[-122.4311278,37.7703742],[-122.4310616,37.7703828],[-122.4310555,37.7703532],[-122.4310436,37.7703547],[-122.4310342,37.7703093],[-122.4310158,37.7702199],[-122.4310543,37.7702149],[-122.4310527,37.7702071],[-122.4310923,37.770202],[-122.4310952,37.7702158]]]}},{"type":"Feature","id":"osm-land-building-261281733","properties":{"source":"© OpenStreetMap contributors; OSM way/261281733 (ODbL), snapshot 2026-07-15T15:22:01Z","osm_type":"way","osm_id":261281733,"osm_url":"https://www.openstreetmap.org/way/261281733","source_timestamp":"2026-07-15T15:22:01Z","scenario_only":false,"layer":"building","name":"Mapped building footprint","osm_building":"apartments","context_scope":"candidate-site building check","height_m":9.0},"geometry":{"type":"Polygon","coordinates":[[[-122.4309235,37.7702318],[-122.4309419,37.7703213],[-122.4309546,37.7703828],[-122.4309491,37.7703829],[-122.4309435,37.770392],[-122.4309238,37.7703937],[-122.4309163,37.7703886],[-122.4309012,37.7703897],[-122.4309052,37.7704089],[-122.4308756,37.7704127],[-122.4308688,37.7703797],[-122.4308521,37.7702966],[-122.4308584,37.7702903],[-122.4308483,37.7702414],[-122.4309235,37.7702318]]]}},{"type":"Feature","id":"osm-land-building-261281734","properties":{"source":"© OpenStreetMap contributors; OSM way/261281734 (ODbL), snapshot 2026-07-15T15:22:01Z","osm_type":"way","osm_id":261281734,"osm_url":"https://www.openstreetmap.org/way/261281734","source_timestamp":"2026-07-15T15:22:01Z","scenario_only":false,"layer":"building","name":"Mapped building footprint","osm_building":"apartments","context_scope":"candidate-site building check"},"geometry":{"type":"Polygon","coordinates":[[[-122.4313773,37.7702761],[-122.4313837,37.7703073],[-122.431339,37.7703131],[-122.4313362,37.7702991],[-122.431291,37.770305],[-122.4312706,37.7702054],[-122.4312758,37.7702046],[-122.4312861,37.770195],[-122.4313134,37.7701908],[-122.4313158,37.7702025],[-122.4313466,37.7701985],[-122.4313644,37.7702042],[-122.431367,37.7702167],[-122.4313773,37.7702761]]]}},{"type":"Feature","id":"osm-land-building-261281736","properties":{"source":"© OpenStreetMap contributors; OSM way/261281736 (ODbL), snapshot 2026-07-15T15:22:01Z","osm_type":"way","osm_id":261281736,"osm_url":"https://www.openstreetmap.org/way/261281736","source_timestamp":"2026-07-15T15:22:01Z","scenario_only":false,"layer":"building","name":"Mapped building footprint","osm_building":"apartments","context_scope":"candidate-site building check","height_m":10.0},"geometry":{"type":"Polygon","coordinates":[[[-122.4313342,37.7705217],[-122.4313093,37.7704006],[-122.4313078,37.7703931],[-122.4313283,37.7703905],[-122.4313321,37.7704089],[-122.4313606,37.7704052],[-122.4313712,37.7703961],[-122.4313875,37.7703935],[-122.4313953,37.7704003],[-122.4314022,37.7703999],[-122.4314159,37.7704665],[-122.4314248,37.77051],[-122.4314182,37.7705235],[-122.431395,37.7705251],[-122.4313844,37.7705154],[-122.431377,37.7705157],[-122.4313702,37.77053],[-122.4313462,37.7705321],[-122.4313342,37.7705217]]]}},{"type":"Feature","id":"osm-land-building-261281737","properties":{"source":"© OpenStreetMap contributors; OSM way/261281737 (ODbL), snapshot 2026-07-15T15:22:01Z","osm_type":"way","osm_id":261281737,"osm_url":"https://www.openstreetmap.org/way/261281737","source_timestamp":"2026-07-15T15:22:01Z","scenario_only":false,"layer":"building","name":"Mapped building footprint","osm_building":"apartments","context_scope":"candidate-site building check","height_m":12.0},"geometry":{"type":"Polygon","coordinates":[[[-122.4316526,37.7704156],[-122.4317033,37.7704121],[-122.4317058,37.7704331],[-122.4316964,37.7704383],[-122.4316993,37.7704524],[-122.4317072,37.7704553],[-122.4317119,37.7704626],[-122.4317126,37.770474],[-122.4317057,37.7704812],[-122.4316998,37.7704844],[-122.4316899,37.7704868],[-122.4316799,37.7704856],[-122.4316741,37.7704834],[-122.4315846,37.7704949],[-122.4315863,37.7705032],[-122.4315442,37.7705086],[-122.4315424,37.7704999],[-122.4315336,37.770501],[-122.4315292,37.7705105],[-122.4315031,37.7705135],[-122.4314945,37.7705061],[-122.4314258,37.7705149],[-122.4314248,37.77051],[-122.4314159,37.7704665],[-122.4315757,37.7704459],[-122.4315716,37.770426],[-122.4316526,37.7704156]]]}},{"type":"Feature","id":"osm-land-building-261281740","properties":{"source":"© OpenStreetMap contributors; OSM way/261281740 (ODbL), snapshot 2026-07-15T15:22:01Z","osm_type":"way","osm_id":261281740,"osm_url":"https://www.openstreetmap.org/way/261281740","source_timestamp":"2026-07-15T15:22:01Z","scenario_only":false,"layer":"building","name":"Mapped building footprint","osm_building":"apartments","context_scope":"candidate-site building check","height_m":9.0},"geometry":{"type":"Polygon","coordinates":[[[-122.4312273,37.7704288],[-122.4312238,37.7704116],[-122.4313093,37.7704006],[-122.4313342,37.7705217],[-122.4312487,37.7705327],[-122.4312273,37.7704288]]]}},{"type":"Feature","id":"osm-land-building-261281742","properties":{"source":"© OpenStreetMap contributors; OSM way/261281742 (ODbL), snapshot 2026-07-15T15:22:01Z","osm_type":"way","osm_id":261281742,"osm_url":"https://www.openstreetmap.org/way/261281742","source_timestamp":"2026-07-15T15:22:01Z","scenario_only":false,"layer":"building","name":"Mapped building footprint","osm_building":"apartments","context_scope":"candidate-site building check","height_m":8.0},"geometry":{"type":"Polygon","coordinates":[[[-122.4316387,37.7703483],[-122.4316526,37.7704156],[-122.4315716,37.770426],[-122.4315358,37.7704306],[-122.431522,37.7703633],[-122.4316387,37.7703483]]]}},{"type":"Feature","id":"osm-land-building-261281745","properties":{"source":"© OpenStreetMap contributors; OSM way/261281745 (ODbL), snapshot 2026-07-15T15:22:01Z","osm_type":"way","osm_id":261281745,"osm_url":"https://www.openstreetmap.org/way/261281745","source_timestamp":"2026-07-15T15:22:01Z","scenario_only":false,"layer":"building","name":"Mapped building footprint","osm_building":"apartments","context_scope":"candidate-site building check","height_m":12.0},"geometry":{"type":"Polygon","coordinates":[[[-122.4311422,37.7704253],[-122.4312138,37.7704161],[-122.4312167,37.7704301],[-122.4312273,37.7704288],[-122.4312487,37.7705327],[-122.4312509,37.7705431],[-122.4311686,37.7705537],[-122.4311422,37.7704253]]]}},{"type":"Feature","id":"osm-land-building-261281752","properties":{"source":"© OpenStreetMap contributors; OSM way/261281752 (ODbL), snapshot 2026-07-15T15:22:01Z","osm_type":"way","osm_id":261281752,"osm_url":"https://www.openstreetmap.org/way/261281752","source_timestamp":"2026-07-15T15:22:01Z","scenario_only":false,"layer":"building","name":"Mapped building footprint","osm_building":"apartments","context_scope":"candidate-site building check","height_m":10.0},"geometry":{"type":"Polygon","coordinates":[[[-122.4312706,37.7702054],[-122.431291,37.770305],[-122.4313023,37.7703595],[-122.4312155,37.7703707],[-122.4312144,37.7703653],[-122.4311976,37.7702835],[-122.4311806,37.7702011],[-122.4312674,37.7701899],[-122.4312706,37.7702054]]]}},{"type":"Feature","id":"osm-land-building-261281754","properties":{"source":"© OpenStreetMap contributors; OSM way/261281754 (ODbL), snapshot 2026-07-15T15:22:01Z","osm_type":"way","osm_id":261281754,"osm_url":"https://www.openstreetmap.org/way/261281754","source_timestamp":"2026-07-15T15:22:01Z","scenario_only":false,"layer":"building","name":"Mapped building footprint","osm_building":"apartments","context_scope":"candidate-site building check","height_m":12.0},"geometry":{"type":"Polygon","coordinates":[[[-122.4311976,37.7702835],[-122.4312144,37.7703653],[-122.4311807,37.7703696],[-122.4311845,37.7703881],[-122.431132,37.7703949],[-122.4311278,37.7703742],[-122.4310952,37.7702158],[-122.4311731,37.7702058],[-122.4311893,37.7702845],[-122.4311976,37.7702835]]]}},{"type":"Feature","id":"osm-land-building-261283673","properties":{"source":"© OpenStreetMap contributors; OSM way/261283673 (ODbL), snapshot 2026-07-15T15:22:01Z","osm_type":"way","osm_id":261283673,"osm_url":"https://www.openstreetmap.org/way/261283673","source_timestamp":"2026-07-15T15:22:01Z","scenario_only":false,"layer":"building","name":"Mapped building footprint","osm_building":"yes","context_scope":"candidate-site building check","height_m":10.0},"geometry":{"type":"Polygon","coordinates":[[[-122.4315772,37.770661],[-122.4317162,37.7706447],[-122.4317192,37.7706594],[-122.4317332,37.7706577],[-122.4317392,37.7706917],[-122.4317282,37.7706929],[-122.4317292,37.7706957],[-122.4316282,37.7707076],[-122.4316302,37.7707175],[-122.4315672,37.7707248],[-122.4315622,37.770698],[-122.4315832,37.7706955],[-122.4315772,37.770661]]]}},{"type":"Feature","id":"osm-land-building-261283685","properties":{"source":"© OpenStreetMap contributors; OSM way/261283685 (ODbL), snapshot 2026-07-15T15:22:01Z","osm_type":"way","osm_id":261283685,"osm_url":"https://www.openstreetmap.org/way/261283685","source_timestamp":"2026-07-15T15:22:01Z","scenario_only":false,"layer":"building","name":"Mapped building footprint","osm_building":"yes","context_scope":"candidate-site building check","height_m":7.0},"geometry":{"type":"Polygon","coordinates":[[[-122.4317162,37.7705816],[-122.4317262,37.7706392],[-122.4316552,37.7706475],[-122.4316442,37.77059],[-122.4317162,37.7705816]]]}},{"type":"Feature","id":"osm-land-building-261283686","properties":{"source":"© OpenStreetMap contributors; OSM way/261283686 (ODbL), snapshot 2026-07-15T15:22:01Z","osm_type":"way","osm_id":261283686,"osm_url":"https://www.openstreetmap.org/way/261283686","source_timestamp":"2026-07-15T15:22:01Z","scenario_only":false,"layer":"building","name":"Mapped building footprint","osm_building":"yes","context_scope":"candidate-site building check","height_m":8.0},"geometry":{"type":"Polygon","coordinates":[[[-122.4316132,37.7705947],[-122.4316242,37.7706518],[-122.4315502,37.7706605],[-122.4315392,37.7706034],[-122.4316132,37.7705947]]]}},{"type":"Feature","id":"osm-land-road-275354770","properties":{"source":"© OpenStreetMap contributors; OSM way/275354770 (ODbL), snapshot 2026-07-15T15:22:01Z","osm_type":"way","osm_id":275354770,"osm_url":"https://www.openstreetmap.org/way/275354770","source_timestamp":"2026-07-15T15:22:01Z","scenario_only":false,"layer":"restricted","name":"Mapped transport corridor","restriction_type":"mapped_road_corridor","osm_highway":"footway","modeled_width_m":3.0,"context_scope":"candidate-site road check"},"geometry":{"type":"Polygon","coordinates":[[[-122.42598757835644,37.75832646283508],[-122.42605788965952,37.7590604790801],[-122.42606118897211,37.759103769930505],[-122.4261069780206,37.75957335651589],[-122.42612428009409,37.75975277752791],[-122.4261302801254,37.75981617770564],[-122.42613857924124,37.75990226832934],[-122.42623528088559,37.76091328307183],[-122.42627678162208,37.761352989809126],[-122.42624281837747,37.76135501018842],[-122.42620131911397,37.760915316925725],[-122.42610462037219,37.75990432766217],[-122.42609631987419,37.759818222291905],[-122.42609031990551,37.759754822469624],[-122.42607302142018,37.75957543775133],[-122.42602721102755,37.759105630067026],[-122.42602391034013,37.75906232091744],[-122.4259536216431,37.75832853716245],[-122.42595162282134,37.75830814913286],[-122.42598557717822,37.758306050864704],[-122.42598757835644,37.75832646283508]]]}},{"type":"Feature","id":"osm-land-road-276118906","properties":{"source":"© OpenStreetMap contributors; OSM way/276118906 (ODbL), snapshot 2026-07-15T15:22:01Z","osm_type":"way","osm_id":276118906,"osm_url":"https://www.openstreetmap.org/way/276118906","source_timestamp":"2026-07-15T15:22:01Z","scenario_only":false,"layer":"restricted","name":"Mapped transport corridor","restriction_type":"mapped_road_corridor","osm_highway":"steps","modeled_width_m":3.0,"context_scope":"candidate-site road check"},"geometry":{"type":"Polygon","coordinates":[[[-122.42774073454906,37.759762111552575],[-122.42774701305675,37.759752284326126],[-122.42777738694575,37.75976451567192],[-122.42776986545377,37.75977628844563],[-122.42775995556576,37.759787069534866],[-122.42773244443723,37.75977113046355],[-122.42774073454906,37.759762111552575]]]}},{"type":"Feature","id":"osm-land-road-280404910","properties":{"source":"© OpenStreetMap contributors; OSM way/280404910 (ODbL), snapshot 2026-07-15T15:22:01Z","osm_type":"way","osm_id":280404910,"osm_url":"https://www.openstreetmap.org/way/280404910","source_timestamp":"2026-07-15T15:22:01Z","scenario_only":false,"layer":"restricted","name":"Duboce Avenue","restriction_type":"mapped_road_corridor","osm_highway":"residential","modeled_width_m":10.0,"context_scope":"candidate-site road check"},"geometry":{"type":"Polygon","coordinates":[[[-122.431358263091,37.76928579214991],[-122.4313742318127,37.769284701119155],[-122.43138396819285,37.769374498880346],[-122.43136773691442,37.76937560784958],[-122.4302764049373,37.769446116371334],[-122.43026719506793,37.76935628362819],[-122.431358263091,37.76928579214991]]]}},{"type":"Feature","id":"osm-land-road-286669688","properties":{"source":"© OpenStreetMap contributors; OSM way/286669688 (ODbL), snapshot 2026-07-15T15:22:01Z","osm_type":"way","osm_id":286669688,"osm_url":"https://www.openstreetmap.org/way/286669688","source_timestamp":"2026-07-15T15:22:01Z","scenario_only":false,"layer":"restricted","name":"Guerrero Street","restriction_type":"mapped_road_corridor","osm_highway":"secondary","modeled_width_m":16.0,"context_scope":"candidate-site road check"},"geometry":{"type":"Polygon","coordinates":[[[-122.42338145723942,37.756852150183185],[-122.42344912681911,37.75756442077568],[-122.42352978059151,37.75831428247713],[-122.42353557153115,37.75836669988698],[-122.4233546284544,37.75837930004343],[-122.42334881939423,37.75832671745329],[-122.4232680731677,37.75757597915467],[-122.42320034148023,37.75686303646546],[-122.4231925428474,37.756781349741985],[-122.42337365714025,37.75677045018832],[-122.42338145723942,37.756852150183185]]]}},{"type":"Feature","id":"osm-land-building-288543069","properties":{"source":"© OpenStreetMap contributors; OSM way/288543069 (ODbL), snapshot 2026-07-15T15:22:01Z","osm_type":"way","osm_id":288543069,"osm_url":"https://www.openstreetmap.org/way/288543069","source_timestamp":"2026-07-15T15:22:01Z","scenario_only":false,"layer":"building","name":"First Christian Church","osm_building":"yes","context_scope":"candidate-site building check","height_m":11.0},"geometry":{"type":"Polygon","coordinates":[[[-122.4332165,37.7691196],[-122.4332135,37.769079],[-122.4332235,37.7690784],[-122.4332155,37.769004],[-122.4332055,37.7690046],[-122.4332015,37.7689655],[-122.4332435,37.768963],[-122.4332445,37.7689744],[-122.4333175,37.7689699],[-122.4333175,37.7689599],[-122.4333565,37.7689583],[-122.4333575,37.7689675],[-122.4333935,37.7689653],[-122.4333915,37.7689528],[-122.4334265,37.7689507],[-122.4334365,37.7690534],[-122.4334495,37.7690528],[-122.433453,37.7691076],[-122.4333975,37.7691102],[-122.4332165,37.7691212],[-122.4332165,37.7691196]]]}},{"type":"Feature","id":"osm-land-building-288543143","properties":{"source":"© OpenStreetMap contributors; OSM way/288543143 (ODbL), snapshot 2026-07-15T15:22:01Z","osm_type":"way","osm_id":288543143,"osm_url":"https://www.openstreetmap.org/way/288543143","source_timestamp":"2026-07-15T15:22:01Z","scenario_only":false,"layer":"building","name":"Mapped building footprint","osm_building":"apartments","context_scope":"candidate-site building check","height_m":8.0},"geometry":{"type":"Polygon","coordinates":[[[-122.4332121,37.7691199],[-122.4331067,37.7691258],[-122.4331057,37.7691152],[-122.4330997,37.7690523],[-122.4331097,37.7690517],[-122.4331027,37.768985],[-122.4331977,37.7689789],[-122.4332047,37.7690458],[-122.4332092,37.7690458],[-122.4332075,37.7690812],[-122.4332121,37.7691199]]]}},{"type":"Feature","id":"osm-land-building-288543147","properties":{"source":"© OpenStreetMap contributors; OSM way/288543147 (ODbL), snapshot 2026-07-15T15:22:01Z","osm_type":"way","osm_id":288543147,"osm_url":"https://www.openstreetmap.org/way/288543147","source_timestamp":"2026-07-15T15:22:01Z","scenario_only":false,"layer":"building","name":"Mapped building footprint","osm_building":"apartments","context_scope":"candidate-site building check","height_m":13.0},"geometry":{"type":"Polygon","coordinates":[[[-122.4325701,37.7691646],[-122.4325501,37.7689311],[-122.4326511,37.7689255],[-122.4326621,37.7690476],[-122.4326491,37.7690484],[-122.4326501,37.7690629],[-122.4326631,37.7690622],[-122.4326721,37.769159],[-122.4325701,37.7691646]]]}},{"type":"Feature","id":"osm-land-building-288543148","properties":{"source":"© OpenStreetMap contributors; OSM way/288543148 (ODbL), snapshot 2026-07-15T15:22:01Z","osm_type":"way","osm_id":288543148,"osm_url":"https://www.openstreetmap.org/way/288543148","source_timestamp":"2026-07-15T15:22:01Z","scenario_only":false,"layer":"building","name":"Mapped building footprint","osm_building":"yes","context_scope":"candidate-site building check","height_m":7.0},"geometry":{"type":"Polygon","coordinates":[[[-122.4329989,37.7688288],[-122.4329988,37.7688275],[-122.4329633,37.7688291],[-122.4329613,37.768802],[-122.4329613,37.7688019],[-122.4329965,37.7688003],[-122.4329963,37.7687982],[-122.4329939,37.7687665],[-122.4330782,37.7687623],[-122.4330783,37.7687637],[-122.4330831,37.7688246],[-122.4329989,37.7688288]]]}},{"type":"Feature","id":"osm-land-building-288543153","properties":{"source":"© OpenStreetMap contributors; OSM way/288543153 (ODbL), snapshot 2026-07-15T15:22:01Z","osm_type":"way","osm_id":288543153,"osm_url":"https://www.openstreetmap.org/way/288543153","source_timestamp":"2026-07-15T15:22:01Z","scenario_only":false,"layer":"building","name":"Mapped building footprint","osm_building":"apartments","context_scope":"candidate-site building check","height_m":11.0},"geometry":{"type":"Polygon","coordinates":[[[-122.4326741,37.7691336],[-122.4326651,37.7690206],[-122.4326861,37.7690194],[-122.4326821,37.76898],[-122.4327251,37.7689775],[-122.4327291,37.7690171],[-122.4327451,37.7690162],[-122.4327491,37.7690606],[-122.4327511,37.7690604],[-122.432753,37.7690851],[-122.4327511,37.7690853],[-122.4327551,37.7691292],[-122.4327151,37.7691316],[-122.4326741,37.7691336]]]}},{"type":"Feature","id":"osm-land-building-288543165","properties":{"source":"© OpenStreetMap contributors; OSM way/288543165 (ODbL), snapshot 2026-07-15T15:22:01Z","osm_type":"way","osm_id":288543165,"osm_url":"https://www.openstreetmap.org/way/288543165","source_timestamp":"2026-07-15T15:22:01Z","scenario_only":false,"layer":"building","name":"Mapped building footprint","osm_building":"apartments","context_scope":"candidate-site building check","height_m":11.0},"geometry":{"type":"Polygon","coordinates":[[[-122.4328391,37.7691226],[-122.4328401,37.7691241],[-122.4328391,37.7691242],[-122.4328001,37.7691266],[-122.4327971,37.7691267],[-122.4327921,37.7691303],[-122.4327811,37.7691328],[-122.4327721,37.7691311],[-122.4327681,37.7691281],[-122.4327591,37.7691286],[-122.4327491,37.7690171],[-122.432747,37.7690171],[-122.432749,37.7690157],[-122.4327501,37.7690155],[-122.4327591,37.7690098],[-122.4327761,37.7690087],[-122.4327861,37.7690135],[-122.4328301,37.7690112],[-122.4328301,37.769013],[-122.4328391,37.7691226]]]}},{"type":"Feature","id":"osm-land-building-288543167","properties":{"source":"© OpenStreetMap contributors; OSM way/288543167 (ODbL), snapshot 2026-07-15T15:22:01Z","osm_type":"way","osm_id":288543167,"osm_url":"https://www.openstreetmap.org/way/288543167","source_timestamp":"2026-07-15T15:22:01Z","scenario_only":false,"layer":"building","name":"Mapped building footprint","osm_building":"apartments","context_scope":"candidate-site building check","height_m":11.0},"geometry":{"type":"Polygon","coordinates":[[[-122.4330031,37.7689983],[-122.4330011,37.7689978],[-122.4330011,37.7689979],[-122.4329951,37.7689981],[-122.4329951,37.7690031],[-122.4330041,37.7690026],[-122.4330131,37.7691124],[-122.4329711,37.7691149],[-122.4329671,37.7691151],[-122.4329641,37.7691174],[-122.4329551,37.7691208],[-122.4329461,37.7691204],[-122.4329371,37.769117],[-122.4329361,37.7691166],[-122.4329261,37.7691171],[-122.4329171,37.7690073],[-122.4329171,37.7690072],[-122.4329451,37.7690057],[-122.4329561,37.7689766],[-122.4329531,37.7689115],[-122.4329961,37.7689101],[-122.4329971,37.7689341],[-122.4330031,37.7689983]]]}},{"type":"Feature","id":"osm-land-building-288543173","properties":{"source":"© OpenStreetMap contributors; OSM way/288543173 (ODbL), snapshot 2026-07-15T15:22:01Z","osm_type":"way","osm_id":288543173,"osm_url":"https://www.openstreetmap.org/way/288543173","source_timestamp":"2026-07-15T15:22:01Z","scenario_only":false,"layer":"building","name":"Mapped building footprint","osm_building":"apartments","context_scope":"candidate-site building check","height_m":12.0},"geometry":{"type":"Polygon","coordinates":[[[-122.4331031,37.7691155],[-122.4330974,37.7690513],[-122.4330961,37.7690363],[-122.4330721,37.7690377],[-122.4330701,37.7690096],[-122.4330931,37.7690081],[-122.4330901,37.768978],[-122.4330791,37.7689787],[-122.4330781,37.7689689],[-122.433089,37.7689683],[-122.4330851,37.7689287],[-122.4329971,37.7689341],[-122.4330031,37.7689983],[-122.4330181,37.7689974],[-122.4330211,37.769025],[-122.4330061,37.7690259],[-122.4330151,37.7691216],[-122.4330191,37.7691214],[-122.4330241,37.769124],[-122.4330241,37.769128],[-122.4330541,37.7691262],[-122.4330531,37.7691222],[-122.4330571,37.7691188],[-122.4330601,37.7691186],[-122.4330631,37.7691216],[-122.4330641,37.7691256],[-122.433095,37.7691237],[-122.4330951,37.7691199],[-122.4330991,37.7691158],[-122.4331031,37.7691155]]]}},{"type":"Feature","id":"osm-land-building-288543182","properties":{"source":"© OpenStreetMap contributors; OSM way/288543182 (ODbL), snapshot 2026-07-15T15:22:01Z","osm_type":"way","osm_id":288543182,"osm_url":"https://www.openstreetmap.org/way/288543182","source_timestamp":"2026-07-15T15:22:01Z","scenario_only":false,"layer":"building","name":"Mapped building footprint","osm_building":"apartments","context_scope":"candidate-site building check","height_m":11.0},"geometry":{"type":"Polygon","coordinates":[[[-122.4328391,37.7691226],[-122.4328301,37.769013],[-122.4328441,37.7690123],[-122.4328421,37.7689875],[-122.4329131,37.7689835],[-122.4329151,37.7690087],[-122.4329171,37.7690086],[-122.4329261,37.7691171],[-122.4328391,37.7691226]]]}},{"type":"Feature","id":"osm-land-building-288644054","properties":{"source":"© OpenStreetMap contributors; OSM way/288644054 (ODbL), snapshot 2026-07-15T15:22:01Z","osm_type":"way","osm_id":288644054,"osm_url":"https://www.openstreetmap.org/way/288644054","source_timestamp":"2026-07-15T15:22:01Z","scenario_only":false,"layer":"building","name":"25 Sanchez Apartments","osm_building":"apartments","context_scope":"candidate-site building check","height_m":12.0},"geometry":{"type":"Polygon","coordinates":[[[-122.430926,37.7692487],[-122.430917,37.7691461],[-122.43098,37.7691427],[-122.430979,37.7691349],[-122.430992,37.7691093],[-122.430992,37.7691069],[-122.430976,37.7691076],[-122.430975,37.769096],[-122.430989,37.7690714],[-122.430989,37.7690678],[-122.430972,37.7690687],[-122.430971,37.769058],[-122.430984,37.7690343],[-122.430984,37.7690315],[-122.430913,37.7690352],[-122.430904,37.768928],[-122.430924,37.7688876],[-122.430942,37.7688867],[-122.430941,37.7688767],[-122.430954,37.7688521],[-122.430954,37.7688485],[-122.430938,37.7688492],[-122.430937,37.7688379],[-122.430952,37.7688146],[-122.430952,37.7688106],[-122.430934,37.7688109],[-122.430934,37.7688004],[-122.430947,37.7687763],[-122.430947,37.7687723],[-122.43093,37.7687726],[-122.43093,37.7687627],[-122.430943,37.7687385],[-122.430943,37.7687337],[-122.430927,37.7687341],[-122.430926,37.7687229],[-122.430937,37.7687027],[-122.430936,37.7686926],[-122.430937,37.7686925],[-122.431035,37.768688],[-122.431036,37.7686974],[-122.431159,37.7686917],[-122.431162,37.7687237],[-122.431155,37.768724],[-122.431157,37.7687563],[-122.431171,37.7687557],[-122.431172,37.7687654],[-122.431159,37.7687886],[-122.43116,37.7687952],[-122.431175,37.7687945],[-122.431176,37.7688046],[-122.431164,37.7688265],[-122.431164,37.7688327],[-122.431179,37.768832],[-122.43118,37.7688427],[-122.431168,37.7688654],[-122.431168,37.768871],[-122.431191,37.7688703],[-122.431192,37.7689043],[-122.431185,37.7689045],[-122.431186,37.7689363],[-122.431203,37.7689358],[-122.431204,37.7689451],[-122.431191,37.7689683],[-122.431192,37.7689709],[-122.431192,37.7689744],[-122.431206,37.7689738],[-122.431207,37.768986],[-122.431195,37.7690088],[-122.431195,37.7690133],[-122.43121,37.7690126],[-122.431211,37.7690228],[-122.431198,37.7690452],[-122.431199,37.7690515],[-122.431213,37.7690507],[-122.431214,37.7690618],[-122.431202,37.7690843],[-122.431202,37.7690902],[-122.431217,37.7690894],[-122.431218,37.7691007],[-122.431206,37.7691218],[-122.431206,37.7691282],[-122.43123,37.7691274],[-122.431231,37.7691374],[-122.431219,37.7691605],[-122.431224,37.7692359],[-122.431173,37.7692382],[-122.431171,37.7692137],[-122.431125,37.7692157],[-122.431123,37.7691876],[-122.431106,37.7691884],[-122.431109,37.7692308],[-122.431108,37.7692308],[-122.431099,37.7692313],[-122.431072,37.7692436],[-122.431059,37.7692442],[-122.431058,37.7692327],[-122.43105,37.7692331],[-122.431024,37.7692461],[-122.431011,37.7692469],[-122.43101,37.7692363],[-122.43097,37.7692385],[-122.43097,37.7692462],[-122.430926,37.7692487]]]}},{"type":"Feature","id":"osm-land-building-292090481","properties":{"source":"© OpenStreetMap contributors; OSM way/292090481 (ODbL), snapshot 2026-07-15T15:22:01Z","osm_type":"way","osm_id":292090481,"osm_url":"https://www.openstreetmap.org/way/292090481","source_timestamp":"2026-07-15T15:22:01Z","scenario_only":false,"layer":"building","name":"Mapped building footprint","osm_building":"residential","context_scope":"candidate-site building check"},"geometry":{"type":"Polygon","coordinates":[[[-122.4266025,37.7687404],[-122.4265462,37.7683293],[-122.4264066,37.7683361],[-122.4264089,37.7683666],[-122.4261887,37.7683772],[-122.4262238,37.7686864],[-122.4262948,37.7686832],[-122.4263015,37.7687563],[-122.4263295,37.7687557],[-122.4266025,37.7687404]]]}},{"type":"Feature","id":"osm-land-road-300732285","properties":{"source":"© OpenStreetMap contributors; OSM way/300732285 (ODbL), snapshot 2026-07-15T15:22:01Z","osm_type":"way","osm_id":300732285,"osm_url":"https://www.openstreetmap.org/way/300732285","source_timestamp":"2026-07-15T15:22:01Z","scenario_only":false,"layer":"restricted","name":"Mapped transport corridor","restriction_type":"mapped_road_corridor","osm_highway":"steps","modeled_width_m":3.0,"context_scope":"candidate-site road check"},"geometry":{"type":"Polygon","coordinates":[[[-122.43014065813485,37.764015583226694],[-122.43014530143738,37.7640629448018],[-122.43005990969668,37.76406814431123],[-122.43006077786913,37.764076944400756],[-122.43005450358179,37.76407733450495],[-122.43005589864445,37.76409077380093],[-122.43002815722821,37.76409258865787],[-122.43002329030946,37.76404325568593],[-122.43007987035614,37.76403981054606],[-122.43007789241798,37.764019420436746],[-122.43014065813485,37.764015583226694]]]}},{"type":"Feature","id":"osm-land-building-312821304","properties":{"source":"© OpenStreetMap contributors; OSM way/312821304 (ODbL), snapshot 2026-07-15T15:22:01Z","osm_type":"way","osm_id":312821304,"osm_url":"https://www.openstreetmap.org/way/312821304","source_timestamp":"2026-07-15T15:22:01Z","scenario_only":false,"layer":"building","name":"Mapped building footprint","osm_building":"yes","context_scope":"candidate-site building check"},"geometry":{"type":"Polygon","coordinates":[[[-122.422383,37.7593457],[-122.4223937,37.759456],[-122.4224152,37.759456],[-122.4224353,37.7596553],[-122.4226258,37.7596468],[-122.4226338,37.7596924],[-122.4228028,37.7596807],[-122.4227666,37.7593255],[-122.422383,37.7593457]]]}},{"type":"Feature","id":"osm-land-building-312892032","properties":{"source":"© OpenStreetMap contributors; OSM way/312892032 (ODbL), snapshot 2026-07-15T15:22:01Z","osm_type":"way","osm_id":312892032,"osm_url":"https://www.openstreetmap.org/way/312892032","source_timestamp":"2026-07-15T15:22:01Z","scenario_only":false,"layer":"building","name":"Avanza 490","osm_building":"residential","context_scope":"candidate-site building check"},"geometry":{"type":"Polygon","coordinates":[[[-122.4179937,37.765275],[-122.4176655,37.7652956],[-122.4177064,37.7657083],[-122.4180157,37.7656894],[-122.4180294,37.7656886],[-122.4180181,37.7655582],[-122.4180002,37.7653492],[-122.4179937,37.765275]]]}},{"type":"Feature","id":"osm-land-road-341016811","properties":{"source":"© OpenStreetMap contributors; OSM way/341016811 (ODbL), snapshot 2026-07-15T15:22:01Z","osm_type":"way","osm_id":341016811,"osm_url":"https://www.openstreetmap.org/way/341016811","source_timestamp":"2026-07-15T15:22:01Z","scenario_only":false,"layer":"restricted","name":"Duboce Avenue","restriction_type":"mapped_road_corridor","osm_highway":"secondary","modeled_width_m":16.0,"context_scope":"candidate-site road check"},"geometry":{"type":"Polygon","coordinates":[[[-122.42249995356192,37.76979910742604],[-122.4231527646091,37.76975952493824],[-122.42381374707408,37.76971574596318],[-122.42382885293966,37.769859454035576],[-122.423167235404,37.76990327506056],[-122.42251383208385,37.769942893447485],[-122.42239394633503,37.76995019257883],[-122.4223800536775,37.76980640742002],[-122.42249995356192,37.76979910742604]]]}},{"type":"Feature","id":"osm-land-road-341016816","properties":{"source":"© OpenStreetMap contributors; OSM way/341016816 (ODbL), snapshot 2026-07-15T15:22:01Z","osm_type":"way","osm_id":341016816,"osm_url":"https://www.openstreetmap.org/way/341016816","source_timestamp":"2026-07-15T15:22:01Z","scenario_only":false,"layer":"restricted","name":"Valencia Street","restriction_type":"mapped_road_corridor","osm_highway":"tertiary","modeled_width_m":14.0,"context_scope":"candidate-site road check"},"geometry":{"type":"Polygon","coordinates":[[[-122.42213576809148,37.76807545013537],[-122.42211257410126,37.76784420759036],[-122.42227102588872,37.7678341923563],[-122.42229423189865,37.76806554981123],[-122.4223015376098,37.768140107283806],[-122.42214306238044,37.7681498926628],[-122.42213576809148,37.76807545013537]]]}},{"type":"Feature","id":"osm-land-road-344848351","properties":{"source":"© OpenStreetMap contributors; OSM way/344848351 (ODbL), snapshot 2026-07-15T15:22:01Z","osm_type":"way","osm_id":344848351,"osm_url":"https://www.openstreetmap.org/way/344848351","source_timestamp":"2026-07-15T15:22:01Z","scenario_only":false,"layer":"restricted","name":"Mapped transport corridor","restriction_type":"mapped_road_corridor","osm_highway":"footway","modeled_width_m":3.0,"context_scope":"candidate-site road check"},"geometry":{"type":"Polygon","coordinates":[[[-122.43346447352454,37.76937311617805],[-122.43341934786969,37.769369305566975],[-122.43336185355383,37.76936197885757],[-122.43330395280572,37.76935149770268],[-122.43322353478791,37.76933316355968],[-122.43313138158102,37.7693386811348],[-122.43298792356778,37.76934727861832],[-122.43171096475842,37.76942877598728],[-122.43170823524207,37.76940182401267],[-122.43298527643269,37.769320321381635],[-122.43312881784362,37.76931171889967],[-122.43322706521143,37.76930583644026],[-122.43331244719275,37.76932530229713],[-122.433368346445,37.7693354211423],[-122.43342385212947,37.76934249443295],[-122.43346872647466,37.76934628382189],[-122.43351844980576,37.76935202112929],[-122.43351355019333,37.7693787788706],[-122.43346447352454,37.76937311617805]]]}},{"type":"Feature","id":"osm-land-road-344848352","properties":{"source":"© OpenStreetMap contributors; OSM way/344848352 (ODbL), snapshot 2026-07-15T15:22:01Z","osm_type":"way","osm_id":344848352,"osm_url":"https://www.openstreetmap.org/way/344848352","source_timestamp":"2026-07-15T15:22:01Z","scenario_only":false,"layer":"restricted","name":"Mapped transport corridor","restriction_type":"mapped_road_corridor","osm_highway":"footway","modeled_width_m":3.0,"context_scope":"candidate-site road check"},"geometry":{"type":"Polygon","coordinates":[[[-122.43160482036161,37.76943230382935],[-122.43154087045808,37.76943490179408],[-122.4315391295422,37.769407898205884],[-122.43160317963867,37.76940529617061],[-122.43166722974993,37.76940299436965],[-122.43166877025031,37.76943000563031],[-122.43160482036161,37.76943230382935]]]}},{"type":"Feature","id":"osm-land-road-344848353","properties":{"source":"© OpenStreetMap contributors; OSM way/344848353 (ODbL), snapshot 2026-07-15T15:22:01Z","osm_type":"way","osm_id":344848353,"osm_url":"https://www.openstreetmap.org/way/344848353","source_timestamp":"2026-07-15T15:22:01Z","scenario_only":false,"layer":"restricted","name":"Mapped transport corridor","restriction_type":"mapped_road_corridor","osm_highway":"footway","modeled_width_m":3.0,"context_scope":"candidate-site road check"},"geometry":{"type":"Polygon","coordinates":[[[-122.43165025790731,37.769332761703616],[-122.43164323459791,37.76931881541199],[-122.43163529659445,37.76930373319929],[-122.43161330796121,37.76926235457295],[-122.4316446920366,37.76925184542495],[-122.43166670340337,37.76929326679859],[-122.43167476539992,37.76930858458588],[-122.43168174209055,37.769322438294225],[-122.43171266584262,37.76937999635197],[-122.43168133415519,37.76939060364594],[-122.43165025790731,37.769332761703616]]]}},{"type":"Feature","id":"osm-land-road-355812939","properties":{"source":"© OpenStreetMap contributors; OSM way/355812939 (ODbL), snapshot 2026-07-15T15:22:01Z","osm_type":"way","osm_id":355812939,"osm_url":"https://www.openstreetmap.org/way/355812939","source_timestamp":"2026-07-15T15:22:01Z","scenario_only":false,"layer":"restricted","name":"Mapped transport corridor","restriction_type":"mapped_road_corridor","osm_highway":"footway","modeled_width_m":3.0,"context_scope":"candidate-site road check"},"geometry":{"type":"Polygon","coordinates":[[[-122.42746649790166,37.76115786222681],[-122.42750050209804,37.76115633777074],[-122.42750900212533,37.76127583776976],[-122.42747499787436,37.7612773622278],[-122.42746649790166,37.76115786222681]]]}},{"type":"Feature","id":"osm-land-road-355812942","properties":{"source":"© OpenStreetMap contributors; OSM way/355812942 (ODbL), snapshot 2026-07-15T15:22:01Z","osm_type":"way","osm_id":355812942,"osm_url":"https://www.openstreetmap.org/way/355812942","source_timestamp":"2026-07-15T15:22:01Z","scenario_only":false,"layer":"restricted","name":"Mapped transport corridor","restriction_type":"mapped_road_corridor","osm_highway":"footway","modeled_width_m":3.0,"context_scope":"candidate-site road check"},"geometry":{"type":"Polygon","coordinates":[[[-122.42813957111323,37.76125398189742],[-122.42749329793739,37.7612900803986],[-122.42693014772227,37.761326977135504],[-122.42626109473116,37.7613674803426],[-122.42625850526926,37.761340519657345],[-122.42692745227816,37.76130002286444],[-122.42749070206307,37.761263119601374],[-122.42813702888718,37.76122701810256],[-122.42820045304187,37.76122302288009],[-122.42820314695855,37.76124997711987],[-122.42813957111323,37.76125398189742]]]}},{"type":"Feature","id":"osm-land-road-355812945","properties":{"source":"© OpenStreetMap contributors; OSM way/355812945 (ODbL), snapshot 2026-07-15T15:22:01Z","osm_type":"way","osm_id":355812945,"osm_url":"https://www.openstreetmap.org/way/355812945","source_timestamp":"2026-07-15T15:22:01Z","scenario_only":false,"layer":"restricted","name":"Mapped transport corridor","restriction_type":"mapped_road_corridor","osm_highway":"footway","modeled_width_m":3.0,"context_scope":"candidate-site road check"},"geometry":{"type":"Polygon","coordinates":[[[-122.42686303485473,37.76086897075837],[-122.42689696514475,37.76086662923916],[-122.42694576524596,37.76131232923305],[-122.42691183475354,37.76131467076451],[-122.42686303485473,37.76086897075837]]]}},{"type":"Feature","id":"osm-land-road-355812946","properties":{"source":"© OpenStreetMap contributors; OSM way/355812946 (ODbL), snapshot 2026-07-15T15:22:01Z","osm_type":"way","osm_id":355812946,"osm_url":"https://www.openstreetmap.org/way/355812946","source_timestamp":"2026-07-15T15:22:01Z","scenario_only":false,"layer":"restricted","name":"Mapped transport corridor","restriction_type":"mapped_road_corridor","osm_highway":"footway","modeled_width_m":3.0,"context_scope":"candidate-site road check"},"geometry":{"type":"Polygon","coordinates":[[[-122.42618252564435,37.76090250740842],[-122.426199750536,37.760901606105904],[-122.42621705951977,37.760900814838095],[-122.42687864936298,37.76085432257698],[-122.42745585989888,37.76082196215103],[-122.42750206410724,37.76080735684467],[-122.42757716310017,37.76076786178037],[-122.4276513923578,37.7607207775344],[-122.42770233745078,37.76068451488017],[-122.42775256554621,37.76064401476068],[-122.42777683445686,37.760662985238085],[-122.42772586255234,37.76070408511869],[-122.42767340764526,37.76074142246456],[-122.42759723690281,37.760789738218776],[-122.42751793589531,37.76083144315477],[-122.42746354010247,37.76084863784884],[-122.42688135063747,37.760881277422946],[-122.42621954048062,37.76092778516188],[-122.42620184946436,37.76092859389405],[-122.42618467435601,37.76092949259154],[-122.42611802873694,37.760932694783364],[-122.42611597126341,37.76090570521661],[-122.42618252564435,37.76090250740842]]]}},{"type":"Feature","id":"osm-land-road-383142501","properties":{"source":"© OpenStreetMap contributors; OSM way/383142501 (ODbL), snapshot 2026-07-15T15:22:01Z","osm_type":"way","osm_id":383142501,"osm_url":"https://www.openstreetmap.org/way/383142501","source_timestamp":"2026-07-15T15:22:01Z","scenario_only":false,"layer":"restricted","name":"Mapped transport corridor","restriction_type":"mapped_road_corridor","osm_highway":"footway","modeled_width_m":3.0,"context_scope":"candidate-site road check"},"geometry":{"type":"Polygon","coordinates":[[[-122.42249640304571,37.75999412571924],[-122.42242460161751,37.75974532058461],[-122.42238626236053,37.759612592186414],[-122.42234707364314,37.75930143912859],[-122.42223761326127,37.75924553485228],[-122.42151403398883,37.75929067792519],[-122.4215113660116,37.75926372207474],[-122.42224638673707,37.759217865147505],[-122.42237932635352,37.75928576086914],[-122.42241993763852,37.759608207811176],[-122.42245779799113,37.75973927806273],[-122.42252959788905,37.75998807751477],[-122.42254249696248,37.7600326742767],[-122.42250930303622,37.76003872572095],[-122.42249640304571,37.75999412571924]]]}},{"type":"Feature","id":"osm-land-road-391862872","properties":{"source":"© OpenStreetMap contributors; OSM way/391862872 (ODbL), snapshot 2026-07-15T15:22:01Z","osm_type":"way","osm_id":391862872,"osm_url":"https://www.openstreetmap.org/way/391862872","source_timestamp":"2026-07-15T15:22:01Z","scenario_only":false,"layer":"restricted","name":"Sanchez Street","restriction_type":"mapped_road_corridor","osm_highway":"residential","modeled_width_m":10.0,"context_scope":"candidate-site road check"},"geometry":{"type":"Polygon","coordinates":[[[-122.4308530766598,37.764292304770414],[-122.43082689829727,37.76401982781838],[-122.43071349949277,37.762839930894515],[-122.43070760505024,37.762778688150426],[-122.43070611050246,37.76276364292055],[-122.4308192894925,37.76275655705223],[-122.43082079494481,37.76277171182235],[-122.43082670026398,37.76283306660157],[-122.43094010163564,37.76401297150723],[-122.4309663233357,37.76428589520234],[-122.43097304199388,37.764366317809476],[-122.4308597580019,37.764372282163244],[-122.4308530766598,37.764292304770414]]]}},{"type":"Feature","id":"osm-land-road-393302710","properties":{"source":"© OpenStreetMap contributors; OSM way/393302710 (ODbL), snapshot 2026-07-15T15:22:01Z","osm_type":"way","osm_id":393302710,"osm_url":"https://www.openstreetmap.org/way/393302710","source_timestamp":"2026-07-15T15:22:01Z","scenario_only":false,"layer":"restricted","name":"Mapped transport corridor","restriction_type":"mapped_road_corridor","osm_highway":"footway","modeled_width_m":3.0,"context_scope":"candidate-site road check"},"geometry":{"type":"Polygon","coordinates":[[[-122.42676822702225,37.75919070073726],[-122.42678828498728,37.75928207581734],[-122.4268022939534,37.75939525596106],[-122.4268057503228,37.75946092669334],[-122.42680300191209,37.759496961520085],[-122.42680029820612,37.75953801793831],[-122.42679701714721,37.75957579992854],[-122.42679633909587,37.75960282536387],[-122.42679918030092,37.75964005483519],[-122.42680613860514,37.759698504478436],[-122.42681057625616,37.7597296688412],[-122.42681840323388,37.759842758261],[-122.42678439676583,37.75984424173653],[-122.42677662374335,37.759731931156345],[-122.42677226139428,37.75970129551913],[-122.42676521969865,37.75964214516239],[-122.42676226090401,37.75960337463364],[-122.42676298285312,37.75957460006901],[-122.42676630179426,37.75953638205924],[-122.42676899808829,37.75949543847744],[-122.42677164967729,37.759460673304204],[-122.42676830604618,37.7593971440365],[-122.42675451501194,37.75928572418022],[-122.42673497297646,37.75919669926039],[-122.4267055078381,37.75911356188132],[-122.42673829216032,37.759106238116374],[-122.42676822702225,37.75919070073726]]]}},{"type":"Feature","id":"osm-land-road-397085177","properties":{"source":"© OpenStreetMap contributors; OSM way/397085177 (ODbL), snapshot 2026-07-15T15:22:01Z","osm_type":"way","osm_id":397085177,"osm_url":"https://www.openstreetmap.org/way/397085177","source_timestamp":"2026-07-15T15:22:01Z","scenario_only":false,"layer":"restricted","name":"Duboce Avenue","restriction_type":"mapped_road_corridor","osm_highway":"secondary","modeled_width_m":16.0,"context_scope":"candidate-site road check"},"geometry":{"type":"Polygon","coordinates":[[[-122.42596832522055,37.769587597075535],[-122.42612534059488,37.769578296162464],[-122.42613885941734,37.76972210383638],[-122.42598186702992,37.76973140338415],[-122.425756174574,37.76974480293435],[-122.42574262543819,37.76960099706449],[-122.42596832522055,37.769587597075535]]]}},{"type":"Feature","id":"osm-land-road-397085178","properties":{"source":"© OpenStreetMap contributors; OSM way/397085178 (ODbL), snapshot 2026-07-15T15:22:01Z","osm_type":"way","osm_id":397085178,"osm_url":"https://www.openstreetmap.org/way/397085178","source_timestamp":"2026-07-15T15:22:01Z","scenario_only":false,"layer":"restricted","name":"Duboce Avenue","restriction_type":"mapped_road_corridor","osm_highway":"secondary","modeled_width_m":16.0,"context_scope":"candidate-site road check"},"geometry":{"type":"Polygon","coordinates":[[[-122.42472257547672,37.76966170002977],[-122.42485944344499,37.76965359600421],[-122.42502175033414,37.76964399559515],[-122.425035249678,37.769787804403684],[-122.42487295305007,37.76979740420286],[-122.42473622453561,37.769805499969074],[-122.4246435925405,37.7698110958601],[-122.42462980747194,37.76966730413873],[-122.42472257547672,37.76966170002977]]]}},{"type":"Feature","id":"osm-land-road-397085179","properties":{"source":"© OpenStreetMap contributors; OSM way/397085179 (ODbL), snapshot 2026-07-15T15:22:01Z","osm_type":"way","osm_id":397085179,"osm_url":"https://www.openstreetmap.org/way/397085179","source_timestamp":"2026-07-15T15:22:01Z","scenario_only":false,"layer":"restricted","name":"Valencia Street","restriction_type":"mapped_road_corridor","osm_highway":"tertiary","modeled_width_m":14.0,"context_scope":"candidate-site road check"},"geometry":{"type":"Polygon","coordinates":[[[-122.42216815640113,37.768413234159],[-122.42215014448605,37.76822700891583],[-122.42214303345452,37.76814958791195],[-122.42230156653636,37.768140412034626],[-122.42230865550462,37.76821759103079],[-122.42232664379584,37.76840356792126],[-122.42233574368915,37.76849756578239],[-122.42217725630121,37.76850723416424],[-122.42216815640113,37.768413234159]]]}},{"type":"Feature","id":"osm-land-road-397085195","properties":{"source":"© OpenStreetMap contributors; OSM way/397085195 (ODbL), snapshot 2026-07-15T15:22:01Z","osm_type":"way","osm_id":397085195,"osm_url":"https://www.openstreetmap.org/way/397085195","source_timestamp":"2026-07-15T15:22:01Z","scenario_only":false,"layer":"restricted","name":"Valencia Street","restriction_type":"mapped_road_corridor","osm_highway":"tertiary","modeled_width_m":14.0,"context_scope":"candidate-site road check"},"geometry":{"type":"Polygon","coordinates":[[[-122.42229620022148,37.769790753054075],[-122.42225222252539,37.7693004810594],[-122.42241077746571,37.769291518887165],[-122.4224545997678,37.7697800468926],[-122.42246609124288,37.76987207697107],[-122.42230790874453,37.76988452297575],[-122.42229620022148,37.769790753054075]]]}},{"type":"Feature","id":"osm-land-road-397085199","properties":{"source":"© OpenStreetMap contributors; OSM way/397085199 (ODbL), snapshot 2026-07-15T15:22:01Z","osm_type":"way","osm_id":397085199,"osm_url":"https://www.openstreetmap.org/way/397085199","source_timestamp":"2026-07-15T15:22:01Z","scenario_only":false,"layer":"restricted","name":"Valencia Street","restriction_type":"mapped_road_corridor","osm_highway":"tertiary","modeled_width_m":14.0,"context_scope":"candidate-site road check"},"geometry":{"type":"Polygon","coordinates":[[[-122.42220264526406,37.768775421803596],[-122.42217724613425,37.76850712796854],[-122.42233575385633,37.76849767197809],[-122.42236115414156,37.76876597196354],[-122.42241075586841,37.76929128429415],[-122.42225224412216,37.76930071565246],[-122.42220264526406,37.768775421803596]]]}},{"type":"Feature","id":"osm-land-road-397228745","properties":{"source":"© OpenStreetMap contributors; OSM way/397228745 (ODbL), snapshot 2026-07-15T15:22:01Z","osm_type":"way","osm_id":397228745,"osm_url":"https://www.openstreetmap.org/way/397228745","source_timestamp":"2026-07-15T15:22:01Z","scenario_only":false,"layer":"restricted","name":"Valencia Street","restriction_type":"mapped_road_corridor","osm_highway":"tertiary","modeled_width_m":14.0,"context_scope":"candidate-site road check"},"geometry":{"type":"Polygon","coordinates":[[[-122.42231881242776,37.76997851036418],[-122.42230785619077,37.76988408665342],[-122.42246614379756,37.76987251329332],[-122.42247718756143,37.7699676895825],[-122.42250632584977,37.77025666624951],[-122.42234787414017,37.77026673369712],[-122.42231881242776,37.76997851036418]]]}},{"type":"Feature","id":"osm-land-road-399150666","properties":{"source":"© OpenStreetMap contributors; OSM way/399150666 (ODbL), snapshot 2026-07-15T15:22:01Z","osm_type":"way","osm_id":399150666,"osm_url":"https://www.openstreetmap.org/way/399150666","source_timestamp":"2026-07-15T15:22:01Z","scenario_only":false,"layer":"restricted","name":"Mapped transport corridor","restriction_type":"mapped_road_corridor","osm_highway":"footway","modeled_width_m":3.0,"context_scope":"candidate-site road check"},"geometry":{"type":"Polygon","coordinates":[[[-122.43232783867681,37.76977036811178],[-122.43240153461805,37.76977746400673],[-122.4324422387903,37.769784864764915],[-122.43247931440396,37.76980158290879],[-122.43251332814629,37.76983081516275],[-122.43254114872542,37.76986398988361],[-122.43255718200847,37.76988927312975],[-122.43257015105246,37.76990932526067],[-122.43253984894501,37.76992167473736],[-122.43252681798906,37.76990152686828],[-122.43251165127188,37.7698776101145],[-122.43248647185071,37.76984758483568],[-122.43245788559297,37.769823017090175],[-122.43242976120754,37.76981033523471],[-122.43239566538084,37.76980413599315],[-122.4323239613225,37.76979723188814],[-122.432232973599,37.769789441501096],[-122.43223662640033,37.769762558498826],[-122.43232783867681,37.76977036811178]]]}},{"type":"Feature","id":"osm-land-road-399150671","properties":{"source":"© OpenStreetMap contributors; OSM way/399150671 (ODbL), snapshot 2026-07-15T15:22:01Z","osm_type":"way","osm_id":399150671,"osm_url":"https://www.openstreetmap.org/way/399150671","source_timestamp":"2026-07-15T15:22:01Z","scenario_only":false,"layer":"restricted","name":"Mapped transport corridor","restriction_type":"mapped_road_corridor","osm_highway":"footway","modeled_width_m":3.0,"context_scope":"candidate-site road check"},"geometry":{"type":"Polygon","coordinates":[[[-122.43246529879757,37.76978626791953],[-122.43247050233731,37.769767887688886],[-122.43246813414173,37.76974648279924],[-122.43250206585775,37.769744117198286],[-122.43250489766311,37.769769712308616],[-122.4324977012044,37.76979513207827],[-122.43248398937004,37.769818091437195],[-122.4324532106324,37.769806508560805],[-122.43246529879757,37.76978626791953]]]}},{"type":"Feature","id":"osm-land-road-408445905","properties":{"source":"© OpenStreetMap contributors; OSM way/408445905 (ODbL), snapshot 2026-07-15T15:22:01Z","osm_type":"way","osm_id":408445905,"osm_url":"https://www.openstreetmap.org/way/408445905","source_timestamp":"2026-07-15T15:22:01Z","scenario_only":false,"layer":"restricted","name":"Mapped transport corridor","restriction_type":"mapped_road_corridor","osm_highway":"footway","modeled_width_m":3.0,"context_scope":"candidate-site road check"},"geometry":{"type":"Polygon","coordinates":[[[-122.42681668159503,37.75987409589263],[-122.42682033329024,37.75989547164095],[-122.42683042430711,37.75991778296094],[-122.42684645551155,37.759946658432746],[-122.42685958286562,37.75996527878788],[-122.4268755456195,37.759981992726864],[-122.4269024086809,37.760006722256],[-122.42692382771524,37.76002326463312],[-122.42694915959457,37.76004015255112],[-122.4269717959745,37.760051470740315],[-122.42699717620998,37.76006130441051],[-122.42702177639522,37.760068158660374],[-122.42704854085424,37.76007369937291],[-122.42707452115636,37.760076335055636],[-122.42726266413433,37.76008583217616],[-122.42735271008726,37.760094480657145],[-122.42739561066087,37.760103039895604],[-122.42743905085187,37.760115169972494],[-122.42748153090048,37.76013095717821],[-122.42752145239369,37.760150081871416],[-122.42756432251169,37.76017725016072],[-122.42760395690243,37.76020648182055],[-122.42764702316875,37.7602513079981],[-122.42768045875471,37.760295714623695],[-122.42775326967116,37.76046786830273],[-122.42776456163749,37.76051127499824],[-122.42777034965756,37.76055869605681],[-122.42778113911697,37.76064797144543],[-122.42780896672731,37.76067389778506],[-122.42784656531538,37.76069921354023],[-122.42788550527132,37.76071535250895],[-122.42792608281516,37.76072767243739],[-122.42791391718278,37.760752927562244],[-122.42787149472635,37.76074004749055],[-122.42782743468167,37.760721786458944],[-122.42778483326958,37.76069310221366],[-122.42774826088059,37.76065902855226],[-122.42773644956651,37.760561297588154],[-122.42773083836161,37.76051532499933],[-122.42772033032733,37.76047493169496],[-122.42764934124291,37.76030708537424],[-122.42761877682838,37.760266492000135],[-122.42757864309448,37.76022471817804],[-122.42754207748526,37.760197749838184],[-122.42750194760337,37.76017231812772],[-122.42746546909694,37.76015484282122],[-122.42742614914592,37.76014023002711],[-122.4273857893374,37.76012896010415],[-122.42734648991161,37.76012111934271],[-122.42725953586509,37.760112767823784],[-122.42707127884303,37.76010326494432],[-122.4270420591446,37.760100300626966],[-122.42701182360301,37.76009404133935],[-122.42698402378775,37.76008629558906],[-122.42695520402285,37.76007512925905],[-122.42692904040244,37.760062047448],[-122.42690097228167,37.760043335365715],[-122.42687759131601,37.76002527774265],[-122.42684905437746,37.75999900727159],[-122.42683101713155,37.75998012121034],[-122.42681594448598,37.75995874156525],[-122.42679877569076,37.7599278170369],[-122.42678706670839,37.75990192835669],[-122.4267825184047,37.75987530410489],[-122.42678438895182,37.759842881418066],[-122.42681841104853,37.75984411857946],[-122.42681668159503,37.75987409589263]]]}},{"type":"Feature","id":"osm-land-building-408445907","properties":{"source":"© OpenStreetMap contributors; OSM way/408445907 (ODbL), snapshot 2026-07-15T15:22:01Z","osm_type":"way","osm_id":408445907,"osm_url":"https://www.openstreetmap.org/way/408445907","source_timestamp":"2026-07-15T15:22:01Z","scenario_only":false,"layer":"building","name":"Dolores Park Public Restroom","osm_building":"yes","context_scope":"candidate-site building check"},"geometry":{"type":"Polygon","coordinates":[[[-122.4278467,37.76084],[-122.4278454,37.7608335],[-122.4278402,37.7607795],[-122.4277963,37.7607315],[-122.4276559,37.7607716],[-122.4276877,37.7608489],[-122.4278467,37.76084]]]}},{"type":"Feature","id":"osm-land-road-414156928","properties":{"source":"© OpenStreetMap contributors; OSM way/414156928 (ODbL), snapshot 2026-07-15T15:22:01Z","osm_type":"way","osm_id":414156928,"osm_url":"https://www.openstreetmap.org/way/414156928","source_timestamp":"2026-07-15T15:22:01Z","scenario_only":false,"layer":"restricted","name":"16th Street","restriction_type":"mapped_road_corridor","osm_highway":"secondary","modeled_width_m":16.0,"context_scope":"candidate-site road check"},"geometry":{"type":"Polygon","coordinates":[[[-122.41763338403953,37.765112350131545],[-122.41796773417407,37.76509032706578],[-122.41850821080136,37.765057059278575],[-122.41866054414562,37.7650456168636],[-122.41867765587003,37.765189183135035],[-122.41852378921281,37.76520074072017],[-122.41798226583909,37.765234072933026],[-122.41764861597431,37.7652560498672],[-122.41751142160375,37.765265342711196],[-122.41749597841032,37.76512165728755],[-122.41763338403953,37.765112350131545]]]}},{"type":"Feature","id":"osm-land-building-433544282","properties":{"source":"© OpenStreetMap contributors; OSM way/433544282 (ODbL), snapshot 2026-07-15T15:22:01Z","osm_type":"way","osm_id":433544282,"osm_url":"https://www.openstreetmap.org/way/433544282","source_timestamp":"2026-07-15T15:22:01Z","scenario_only":false,"layer":"building","name":"Mapped building footprint","osm_building":"yes","context_scope":"candidate-site building check","height_m":10.0},"geometry":{"type":"Polygon","coordinates":[[[-122.4202182,37.7655565],[-122.4204129,37.7655452],[-122.4204002,37.7654093],[-122.4203964,37.7653657],[-122.4203744,37.7651322],[-122.4202589,37.765139],[-122.4202874,37.7654468],[-122.4202899,37.7654739],[-122.420211,37.7654784],[-122.4202182,37.7655565]]]}},{"type":"Feature","id":"osm-land-road-438634333","properties":{"source":"© OpenStreetMap contributors; OSM way/438634333 (ODbL), snapshot 2026-07-15T15:22:01Z","osm_type":"way","osm_id":438634333,"osm_url":"https://www.openstreetmap.org/way/438634333","source_timestamp":"2026-07-15T15:22:01Z","scenario_only":false,"layer":"restricted","name":"Mapped transport corridor","restriction_type":"mapped_road_corridor","osm_highway":"platform","modeled_width_m":8.0,"context_scope":"candidate-site road check"},"geometry":{"type":"Polygon","coordinates":[[[-122.42866301103385,37.7641729455029],[-122.42868791070254,37.764443994409696],[-122.42863341120636,37.76444695634936],[-122.42858007242322,37.76445024885612],[-122.42855960701687,37.76423055259843],[-122.42856574974095,37.76420921475768],[-122.42858800818482,37.76419025386804],[-122.42866301103385,37.7641729455029]]]}},{"type":"Feature","id":"osm-land-road-445595642","properties":{"source":"© OpenStreetMap contributors; OSM way/445595642 (ODbL), snapshot 2026-07-15T15:22:01Z","osm_type":"way","osm_id":445595642,"osm_url":"https://www.openstreetmap.org/way/445595642","source_timestamp":"2026-07-15T15:22:01Z","scenario_only":false,"layer":"restricted","name":"Guerrero Street","restriction_type":"mapped_road_corridor","osm_highway":"secondary","modeled_width_m":16.0,"context_scope":"candidate-site road check"},"geometry":{"type":"Polygon","coordinates":[[[-122.42453534841184,37.76965560402089],[-122.4244894177351,37.76924142284224],[-122.42467038225037,37.769228777088145],[-122.42471625157296,37.76964239590953],[-122.42472711773149,37.76973231495656],[-122.4245462822526,37.769746084973896],[-122.42453534841184,37.76965560402089]]]}},{"type":"Feature","id":"osm-land-road-491662678","properties":{"source":"© OpenStreetMap contributors; OSM way/491662678 (ODbL), snapshot 2026-07-15T15:22:01Z","osm_type":"way","osm_id":491662678,"osm_url":"https://www.openstreetmap.org/way/491662678","source_timestamp":"2026-07-15T15:22:01Z","scenario_only":false,"layer":"restricted","name":"Mapped transport corridor","restriction_type":"mapped_road_corridor","osm_highway":"steps","modeled_width_m":3.0,"context_scope":"candidate-site road check"},"geometry":{"type":"Polygon","coordinates":[[[-122.41994757999072,37.76485883554549],[-122.41992202001235,37.764840964453164],[-122.42003962001613,37.76473496446579],[-122.42006517998698,37.76475283553285],[-122.41994757999072,37.76485883554549]]]}},{"type":"Feature","id":"osm-land-road-491662680","properties":{"source":"© OpenStreetMap contributors; OSM way/491662680 (ODbL), snapshot 2026-07-15T15:22:01Z","osm_type":"way","osm_id":491662680,"osm_url":"https://www.openstreetmap.org/way/491662680","source_timestamp":"2026-07-15T15:22:01Z","scenario_only":false,"layer":"restricted","name":"Mapped transport corridor","restriction_type":"mapped_road_corridor","osm_highway":"steps","modeled_width_m":3.0,"context_scope":"candidate-site road check"},"geometry":{"type":"Polygon","coordinates":[[[-122.42005962854104,37.764748567583936],[-122.42008497146203,37.764766632414705],[-122.41996847146511,37.764869632427114],[-122.41994312853797,37.76485156757154],[-122.42005962854104,37.764748567583936]]]}},{"type":"Feature","id":"osm-land-road-491662682","properties":{"source":"© OpenStreetMap contributors; OSM way/491662682 (ODbL), snapshot 2026-07-15T15:22:01Z","osm_type":"way","osm_id":491662682,"osm_url":"https://www.openstreetmap.org/way/491662682","source_timestamp":"2026-07-15T15:22:01Z","scenario_only":false,"layer":"restricted","name":"Mapped transport corridor","restriction_type":"mapped_road_corridor","osm_highway":"steps","modeled_width_m":3.0,"context_scope":"candidate-site road check"},"geometry":{"type":"Polygon","coordinates":[[[-122.41992906496294,37.76484333816849],[-122.41990373504015,37.76482526183015],[-122.42002093504323,37.76472176184261],[-122.4200462649599,37.76473983815604],[-122.41992906496294,37.76484333816849]]]}},{"type":"Feature","id":"osm-land-road-514488598","properties":{"source":"© OpenStreetMap contributors; OSM way/514488598 (ODbL), snapshot 2026-07-15T15:22:01Z","osm_type":"way","osm_id":514488598,"osm_url":"https://www.openstreetmap.org/way/514488598","source_timestamp":"2026-07-15T15:22:01Z","scenario_only":false,"layer":"restricted","name":"Mission Street","restriction_type":"mapped_road_corridor","osm_highway":"secondary","modeled_width_m":16.0,"context_scope":"candidate-site road check"},"geometry":{"type":"Polygon","coordinates":[[[-122.41981115604723,37.76537332934331],[-122.41981747180006,37.765436686595734],[-122.41982108553145,37.76547683862239],[-122.41992812944171,37.766611629320046],[-122.41993467534475,37.76667034344407],[-122.41975372464067,37.76668305648632],[-122.41974707054487,37.76662337061027],[-122.41963991445667,37.765487361307855],[-122.41963632818768,37.76544751333453],[-122.4196300439401,37.76538447058699],[-122.41962253280967,37.76530585308438],[-122.41980366717793,37.76529494684586],[-122.41981115604723,37.76537332934331]]]}},{"type":"Feature","id":"osm-land-road-514488599","properties":{"source":"© OpenStreetMap contributors; OSM way/514488599 (ODbL), snapshot 2026-07-15T15:22:01Z","osm_type":"way","osm_id":514488599,"osm_url":"https://www.openstreetmap.org/way/514488599","source_timestamp":"2026-07-15T15:22:01Z","scenario_only":false,"layer":"restricted","name":"16th Street","restriction_type":"mapped_road_corridor","osm_highway":"secondary","modeled_width_m":16.0,"context_scope":"candidate-site road check"},"geometry":{"type":"Polygon","coordinates":[[[-122.41880660240348,37.765036135794674],[-122.41925428227461,37.76500732419957],[-122.41934117194275,37.76500191862048],[-122.41947653984555,37.76499342063429],[-122.41949086016739,37.76513717936452],[-122.41935546003697,37.76514567937157],[-122.41926871773848,37.76515107579922],[-122.41882136830654,37.76517986610507],[-122.41867649747043,37.76518926421192],[-122.41866170254299,37.765045535786854],[-122.41880660240348,37.765036135794674]]]}},{"type":"Feature","id":"osm-land-road-514488600","properties":{"source":"© OpenStreetMap contributors; OSM way/514488600 (ODbL), snapshot 2026-07-15T15:22:01Z","osm_type":"way","osm_id":514488600,"osm_url":"https://www.openstreetmap.org/way/514488600","source_timestamp":"2026-07-15T15:22:01Z","scenario_only":false,"layer":"restricted","name":"Mission Street","restriction_type":"mapped_road_corridor","osm_highway":"secondary","modeled_width_m":16.0,"context_scope":"candidate-site road check"},"geometry":{"type":"Polygon","coordinates":[[[-122.41974306700466,37.764671250802486],[-122.41975178144125,37.76476520521569],[-122.41957061854674,37.76477579471457],[-122.41956193298296,37.7646821491278],[-122.4195353484693,37.76441140347904],[-122.41971645151794,37.764400196451255],[-122.41974306700466,37.764671250802486]]]}},{"type":"Feature","id":"osm-land-road-514488601","properties":{"source":"© OpenStreetMap contributors; OSM way/514488601 (ODbL), snapshot 2026-07-15T15:22:01Z","osm_type":"way","osm_id":514488601,"osm_url":"https://www.openstreetmap.org/way/514488601","source_timestamp":"2026-07-15T15:22:01Z","scenario_only":false,"layer":"restricted","name":"16th Street","restriction_type":"mapped_road_corridor","osm_highway":"secondary","modeled_width_m":16.0,"context_scope":"candidate-site road check"},"geometry":{"type":"Polygon","coordinates":[[[-122.41980969345767,37.764971269947004],[-122.41982550655673,37.765114930051716],[-122.41969720643336,37.7651238300592],[-122.41968139358104,37.764980169939534],[-122.41980969345767,37.764971269947004]]]}},{"type":"Feature","id":"osm-land-road-514580482","properties":{"source":"© OpenStreetMap contributors; OSM way/514580482 (ODbL), snapshot 2026-07-15T15:22:01Z","osm_type":"way","osm_id":514580482,"osm_url":"https://www.openstreetmap.org/way/514580482","source_timestamp":"2026-07-15T15:22:01Z","scenario_only":false,"layer":"restricted","name":"16th Street","restriction_type":"mapped_road_corridor","osm_highway":"tertiary","modeled_width_m":14.0,"context_scope":"candidate-site road check"},"geometry":{"type":"Polygon","coordinates":[[[-122.42869253996865,37.76444170510721],[-122.42879972895416,37.7644350996228],[-122.42943480809483,37.76439570091219],[-122.42944719191497,37.76452149908688],[-122.42881209137953,37.76456089911551],[-122.4287050600413,37.76456749489187],[-122.42868636939241,37.76456868791187],[-122.42867363061772,37.764442912087205],[-122.42869253996865,37.76444170510721]]]}},{"type":"Feature","id":"osm-land-road-514580484","properties":{"source":"© OpenStreetMap contributors; OSM way/514580484 (ODbL), snapshot 2026-07-15T15:22:01Z","osm_type":"way","osm_id":514580484,"osm_url":"https://www.openstreetmap.org/way/514580484","source_timestamp":"2026-07-15T15:22:01Z","scenario_only":false,"layer":"restricted","name":"Church Street","restriction_type":"mapped_road_corridor","osm_highway":"residential","modeled_width_m":10.0,"context_scope":"candidate-site road check"},"geometry":{"type":"Polygon","coordinates":[[[-122.4284628095536,37.762832163715494],[-122.42846217864246,37.76282490817372],[-122.42839249286116,37.76207435514952],[-122.42839149691065,37.76206389758499],[-122.42850470308454,37.76205710238775],[-122.42850570713404,37.76206764482326],[-122.42857542135302,37.762818491799024],[-122.42857599044133,37.762825036257276],[-122.4285836386258,37.762892776862415],[-122.42847056136839,37.762900823110414],[-122.4284628095536,37.762832163715494]]]}},{"type":"Feature","id":"osm-land-road-515521787","properties":{"source":"© OpenStreetMap contributors; OSM way/515521787 (ODbL), snapshot 2026-07-15T15:22:01Z","osm_type":"way","osm_id":515521787,"osm_url":"https://www.openstreetmap.org/way/515521787","source_timestamp":"2026-07-15T15:22:01Z","scenario_only":false,"layer":"restricted","name":"20th Street","restriction_type":"mapped_road_corridor","osm_highway":"residential","modeled_width_m":10.0,"context_scope":"candidate-site road check"},"geometry":{"type":"Polygon","coordinates":[[[-122.42361846314034,37.75831726679777],[-122.42559909458883,37.75819766488868],[-122.42570508768401,37.758191265305015],[-122.42585357953293,37.75818226579825],[-122.42595619167085,37.758176065063104],[-122.42652529073106,37.75814166511693],[-122.4272101906676,37.7581002651172],[-122.42739729445428,37.758088964887435],[-122.4274059055506,37.7581788351121],[-122.42721880739633,37.75819013499964],[-122.42653390895825,37.75823153490167],[-122.425964808931,37.758265934900365],[-122.42586221413933,37.758272134585106],[-122.42571372038252,37.75828113420596],[-122.42560770496155,37.75828753513832],[-122.42362713686454,37.758407133201764],[-122.42354396945795,37.7584122312034],[-122.42353523054699,37.75832236879614],[-122.42361846314034,37.75831726679777]]]}},{"type":"Feature","id":"osm-land-building-550418602","properties":{"source":"© OpenStreetMap contributors; OSM way/550418602 (ODbL), snapshot 2026-07-15T15:22:01Z","osm_type":"way","osm_id":550418602,"osm_url":"https://www.openstreetmap.org/way/550418602","source_timestamp":"2026-07-15T15:22:01Z","scenario_only":false,"layer":"building","name":"Mapped building footprint","osm_building":"elevator","context_scope":"candidate-site building check"},"geometry":{"type":"Polygon","coordinates":[[[-122.419568,37.765337],[-122.4195704,37.7653624],[-122.4195342,37.7653645],[-122.4195318,37.7653392],[-122.4195493,37.7653381],[-122.419568,37.765337]]]}},{"type":"Feature","id":"osm-land-road-550423024","properties":{"source":"© OpenStreetMap contributors; OSM way/550423024 (ODbL), snapshot 2026-07-15T15:22:01Z","osm_type":"way","osm_id":550423024,"osm_url":"https://www.openstreetmap.org/way/550423024","source_timestamp":"2026-07-15T15:22:01Z","scenario_only":false,"layer":"restricted","name":"Mapped transport corridor","restriction_type":"mapped_road_corridor","osm_highway":"steps","modeled_width_m":3.0,"context_scope":"candidate-site road check"},"geometry":{"type":"Polygon","coordinates":[[[-122.4194676194626,37.76525431306676],[-122.41946998053784,37.7652812869332],[-122.41932858051223,37.765289086934395],[-122.41932621948817,37.76526211306557],[-122.4194676194626,37.76525431306676]]]}},{"type":"Feature","id":"osm-land-road-550423025","properties":{"source":"© OpenStreetMap contributors; OSM way/550423025 (ODbL), snapshot 2026-07-15T15:22:01Z","osm_type":"way","osm_id":550423025,"osm_url":"https://www.openstreetmap.org/way/550423025","source_timestamp":"2026-07-15T15:22:01Z","scenario_only":false,"layer":"restricted","name":"Mapped transport corridor","restriction_type":"mapped_road_corridor","osm_highway":"steps","modeled_width_m":3.0,"context_scope":"candidate-site road check"},"geometry":{"type":"Polygon","coordinates":[[[-122.4194693345255,37.76527501224119],[-122.41947166547487,37.76530198775877],[-122.41933026544929,37.76530968775994],[-122.41932793455112,37.76528271224001],[-122.4194693345255,37.76527501224119]]]}},{"type":"Feature","id":"osm-land-road-550423026","properties":{"source":"© OpenStreetMap contributors; OSM way/550423026 (ODbL), snapshot 2026-07-15T15:22:01Z","osm_type":"way","osm_id":550423026,"osm_url":"https://www.openstreetmap.org/way/550423026","source_timestamp":"2026-07-15T15:22:01Z","scenario_only":false,"layer":"restricted","name":"Mapped transport corridor","restriction_type":"mapped_road_corridor","osm_highway":"steps","modeled_width_m":3.0,"context_scope":"candidate-site road check"},"geometry":{"type":"Polygon","coordinates":[[[-122.4194659194632,37.76523431306669],[-122.41946828053719,37.76526128693326],[-122.4193268805116,37.76526908693446],[-122.41932451948881,37.765242113065504],[-122.4194659194632,37.76523431306669]]]}},{"type":"Feature","id":"osm-land-road-554619813","properties":{"source":"© OpenStreetMap contributors; OSM way/554619813 (ODbL), snapshot 2026-07-15T15:22:01Z","osm_type":"way","osm_id":554619813,"osm_url":"https://www.openstreetmap.org/way/554619813","source_timestamp":"2026-07-15T15:22:01Z","scenario_only":false,"layer":"restricted","name":"Church Street","restriction_type":"mapped_road_corridor","osm_highway":"residential","modeled_width_m":10.0,"context_scope":"candidate-site road check"},"geometry":{"type":"Polygon","coordinates":[[[-122.42861598765867,37.76443101903788],[-122.42861388678776,37.76440800930727],[-122.42857279219383,37.76397176316296],[-122.42857029244624,37.76394526562437],[-122.42856568967261,37.76389603569211],[-122.42867891032265,37.763889364280644],[-122.4286835089608,37.76393854931355],[-122.4286860075691,37.76396503434738],[-122.42872711320751,37.764401390665505],[-122.4287292123366,37.764424380934884],[-122.42873660660364,37.764502419800394],[-122.42862339339158,37.764509180172375],[-122.42861598765867,37.76443101903788]]]}},{"type":"Feature","id":"osm-land-road-554637513","properties":{"source":"© OpenStreetMap contributors; OSM way/554637513 (ODbL), snapshot 2026-07-15T15:22:01Z","osm_type":"way","osm_id":554637513,"osm_url":"https://www.openstreetmap.org/way/554637513","source_timestamp":"2026-07-15T15:22:01Z","scenario_only":false,"layer":"restricted","name":"Mapped transport corridor","restriction_type":"mapped_road_corridor","osm_highway":"footway","modeled_width_m":3.0,"context_scope":"candidate-site road check"},"geometry":{"type":"Polygon","coordinates":[[[-122.43338644390948,37.76980690064673],[-122.43335275608966,37.76981089935086],[-122.43334465609924,37.769767899349795],[-122.4333783438999,37.769763900647796],[-122.43338644390948,37.76980690064673]]]}},{"type":"Feature","id":"osm-land-road-564392655","properties":{"source":"© OpenStreetMap contributors; OSM way/564392655 (ODbL), snapshot 2026-07-15T15:22:01Z","osm_type":"way","osm_id":564392655,"osm_url":"https://www.openstreetmap.org/way/564392655","source_timestamp":"2026-07-15T15:22:01Z","scenario_only":false,"layer":"restricted","name":"Mapped transport corridor","restriction_type":"mapped_road_corridor","osm_highway":"service","modeled_width_m":7.0,"context_scope":"candidate-site road check"},"geometry":{"type":"Polygon","coordinates":[[[-122.42556460317849,37.76978350783459],[-122.42556779068477,37.76979857600834],[-122.42548940930988,37.76980902397855],[-122.4254859968167,37.769792892152246],[-122.42546900733362,37.76969145758007],[-122.42554779266216,37.7696831424067],[-122.42556460317849,37.76978350783459]]]}},{"type":"Feature","id":"osm-land-road-564392657","properties":{"source":"© OpenStreetMap contributors; OSM way/564392657 (ODbL), snapshot 2026-07-15T15:22:01Z","osm_type":"way","osm_id":564392657,"osm_url":"https://www.openstreetmap.org/way/564392657","source_timestamp":"2026-07-15T15:22:01Z","scenario_only":false,"layer":"restricted","name":"Mapped transport corridor","restriction_type":"mapped_road_corridor","osm_highway":"service","modeled_width_m":7.0,"context_scope":"candidate-site road check"},"geometry":{"type":"Polygon","coordinates":[[[-122.42512231158862,37.76980082043627],[-122.42504288841027,37.76980317955033],[-122.42503868845792,37.76971407954932],[-122.42511811154101,37.76971172043729],[-122.42512231158862,37.76980082043627]]]}},{"type":"Feature","id":"osm-land-road-564392660","properties":{"source":"© OpenStreetMap contributors; OSM way/564392660 (ODbL), snapshot 2026-07-15T15:22:01Z","osm_type":"way","osm_id":564392660,"osm_url":"https://www.openstreetmap.org/way/564392660","source_timestamp":"2026-07-15T15:22:01Z","scenario_only":false,"layer":"restricted","name":"Mapped transport corridor","restriction_type":"mapped_road_corridor","osm_highway":"service","modeled_width_m":7.0,"context_scope":"candidate-site road check"},"geometry":{"type":"Polygon","coordinates":[[[-122.42491060888358,37.76982566164261],[-122.42491180476708,37.76984838319807],[-122.42483239523169,37.76985101678854],[-122.42483119111527,37.769828138344],[-122.42482648753281,37.769726659883275],[-122.4249059124661,37.769724340103316],[-122.42491060888358,37.76982566164261]]]}},{"type":"Feature","id":"osm-land-road-564392665","properties":{"source":"© OpenStreetMap contributors; OSM way/564392665 (ODbL), snapshot 2026-07-15T15:22:01Z","osm_type":"way","osm_id":564392665,"osm_url":"https://www.openstreetmap.org/way/564392665","source_timestamp":"2026-07-15T15:22:01Z","scenario_only":false,"layer":"restricted","name":"Mapped transport corridor","restriction_type":"mapped_road_corridor","osm_highway":"service","modeled_width_m":7.0,"context_scope":"candidate-site road check"},"geometry":{"type":"Polygon","coordinates":[[[-122.42658834656605,37.76915001109197],[-122.4265897598997,37.76915363248703],[-122.42642402528155,37.76919439095819],[-122.42645131547953,37.7692731321267],[-122.42637468451198,37.76928986786078],[-122.42632697474622,37.76915220902197],[-122.42660076217294,37.769084877599944],[-122.42662807599594,37.769136855368444],[-122.42658834656605,37.76915001109197]]]}},{"type":"Feature","id":"osm-land-road-564392666","properties":{"source":"© OpenStreetMap contributors; OSM way/564392666 (ODbL), snapshot 2026-07-15T15:22:01Z","osm_type":"way","osm_id":564392666,"osm_url":"https://www.openstreetmap.org/way/564392666","source_timestamp":"2026-07-15T15:22:01Z","scenario_only":false,"layer":"restricted","name":"Mapped transport corridor","restriction_type":"mapped_road_corridor","osm_highway":"service","modeled_width_m":7.0,"context_scope":"candidate-site road check"},"geometry":{"type":"Polygon","coordinates":[[[-122.42561482594232,37.76958731782845],[-122.42562401761498,37.76968033305638],[-122.42554478238259,37.769685266930274],[-122.42553557405529,37.769592082158184],[-122.4255324662723,37.769558297353406],[-122.4256117337254,37.76955370263325],[-122.42561482594232,37.76958731782845]]]}},{"type":"Feature","id":"osm-land-road-564392667","properties":{"source":"© OpenStreetMap contributors; OSM way/564392667 (ODbL), snapshot 2026-07-15T15:22:01Z","osm_type":"way","osm_id":564392667,"osm_url":"https://www.openstreetmap.org/way/564392667","source_timestamp":"2026-07-15T15:22:01Z","scenario_only":false,"layer":"restricted","name":"Mapped transport corridor","restriction_type":"mapped_road_corridor","osm_highway":"service","modeled_width_m":7.0,"context_scope":"candidate-site road check"},"geometry":{"type":"Polygon","coordinates":[[[-122.42569656993183,37.76958274633627],[-122.4256921347671,37.769545248865555],[-122.4257712652299,37.76953935112114],[-122.42577563006489,37.76957625365043],[-122.4257888878377,37.76966935675939],[-122.42570991215868,37.769676443227354],[-122.42569656993183,37.76958274633627]]]}},{"type":"Feature","id":"osm-land-road-564392668","properties":{"source":"© OpenStreetMap contributors; OSM way/564392668 (ODbL), snapshot 2026-07-15T15:22:01Z","osm_type":"way","osm_id":564392668,"osm_url":"https://www.openstreetmap.org/way/564392668","source_timestamp":"2026-07-15T15:22:01Z","scenario_only":false,"layer":"restricted","name":"Mapped transport corridor","restriction_type":"mapped_road_corridor","osm_highway":"service","modeled_width_m":7.0,"context_scope":"candidate-site road check"},"geometry":{"type":"Polygon","coordinates":[[[-122.42567104509794,37.76939883516181],[-122.42559957650128,37.769402917709485],[-122.42561175808783,37.76955398489617],[-122.42553244191016,37.76955801509047],[-122.42551522353195,37.76934448227555],[-122.42574135487015,37.76933156482723],[-122.42577118218065,37.76953871773845],[-122.4256922178157,37.769545882248266],[-122.42567104509794,37.76939883516181]]]}},{"type":"Feature","id":"osm-land-road-564392721","properties":{"source":"© OpenStreetMap contributors; OSM way/564392721 (ODbL), snapshot 2026-07-15T15:22:01Z","osm_type":"way","osm_id":564392721,"osm_url":"https://www.openstreetmap.org/way/564392721","source_timestamp":"2026-07-15T15:22:01Z","scenario_only":false,"layer":"restricted","name":"Mapped transport corridor","restriction_type":"mapped_road_corridor","osm_highway":"service","modeled_width_m":7.0,"context_scope":"candidate-site road check"},"geometry":{"type":"Polygon","coordinates":[[[-122.42117616144212,37.7682967699583],[-122.42117616144824,37.76828533117674],[-122.4211743557751,37.768270600620774],[-122.42117040908344,37.76820664342308],[-122.42124979091507,37.768203556563556],[-122.42125364422263,37.768265999365866],[-122.42125563855032,37.76828226880984],[-122.42125563855693,37.7682946300283],[-122.42126164726498,37.76836486252064],[-122.42118235273288,37.76836913746598],[-122.42117616144212,37.7682967699583]]]}},{"type":"Feature","id":"osm-land-road-564392722","properties":{"source":"© OpenStreetMap contributors; OSM way/564392722 (ODbL), snapshot 2026-07-15T15:22:01Z","osm_type":"way","osm_id":564392722,"osm_url":"https://www.openstreetmap.org/way/564392722","source_timestamp":"2026-07-15T15:22:01Z","scenario_only":false,"layer":"restricted","name":"Mapped transport corridor","restriction_type":"mapped_road_corridor","osm_highway":"service","modeled_width_m":7.0,"context_scope":"candidate-site road check"},"geometry":{"type":"Polygon","coordinates":[[[-122.42118237113817,37.76836934269521],[-122.42126162885947,37.76836465729143],[-122.42131302915072,37.768912557276735],[-122.42123377084698,37.7689172427099],[-122.42118237113817,37.76836934269521]]]}},{"type":"Feature","id":"osm-land-road-564392723","properties":{"source":"© OpenStreetMap contributors; OSM way/564392723 (ODbL), snapshot 2026-07-15T15:22:01Z","osm_type":"way","osm_id":564392723,"osm_url":"https://www.openstreetmap.org/way/564392723","source_timestamp":"2026-07-15T15:22:01Z","scenario_only":false,"layer":"restricted","name":"Mapped transport corridor","restriction_type":"mapped_road_corridor","osm_highway":"service","modeled_width_m":7.0,"context_scope":"candidate-site road check"},"geometry":{"type":"Polygon","coordinates":[[[-122.42140137317719,37.769434970337905],[-122.42148062682045,37.76943022964875],[-122.42150532695875,37.769690429641685],[-122.4214260730389,37.769695170344974],[-122.42140137317719,37.769434970337905]]]}},{"type":"Feature","id":"osm-land-road-564392724","properties":{"source":"© OpenStreetMap contributors; OSM way/564392724 (ODbL), snapshot 2026-07-15T15:22:01Z","osm_type":"way","osm_id":564392724,"osm_url":"https://www.openstreetmap.org/way/564392724","source_timestamp":"2026-07-15T15:22:01Z","scenario_only":false,"layer":"restricted","name":"Mapped transport corridor","restriction_type":"mapped_road_corridor","osm_highway":"service","modeled_width_m":7.0,"context_scope":"candidate-site road check"},"geometry":{"type":"Polygon","coordinates":[[[-122.42143906977412,37.76984033878392],[-122.42142606067695,37.7696950363089],[-122.42150533932083,37.76969056367775],[-122.42151833022355,37.769835661202734],[-122.42152802026123,37.76993475877853],[-122.42144877973635,37.76993964120813],[-122.42143906977412,37.76984033878392]]]}},{"type":"Feature","id":"osm-land-road-564463699","properties":{"source":"© OpenStreetMap contributors; OSM way/564463699 (ODbL), snapshot 2026-07-15T15:22:01Z","osm_type":"way","osm_id":564463699,"osm_url":"https://www.openstreetmap.org/way/564463699","source_timestamp":"2026-07-15T15:22:01Z","scenario_only":false,"layer":"restricted","name":"Mapped transport corridor","restriction_type":"mapped_road_corridor","osm_highway":"service","modeled_width_m":7.0,"context_scope":"candidate-site road check"},"geometry":{"type":"Polygon","coordinates":[[[-122.4295326262677,37.76304455978557],[-122.42952677373458,37.76298164021423],[-122.43000097353452,37.76295384022422],[-122.43000682646779,37.76301675977555],[-122.4295326262677,37.76304455978557]]]}},{"type":"Feature","id":"osm-land-road-564463700","properties":{"source":"© OpenStreetMap contributors; OSM way/564463700 (ODbL), snapshot 2026-07-15T15:22:01Z","osm_type":"way","osm_id":564463700,"osm_url":"https://www.openstreetmap.org/way/564463700","source_timestamp":"2026-07-15T15:22:01Z","scenario_only":false,"layer":"restricted","name":"Mapped transport corridor","restriction_type":"mapped_road_corridor","osm_highway":"service","modeled_width_m":7.0,"context_scope":"candidate-site road check"},"geometry":{"type":"Polygon","coordinates":[[[-122.43002823117789,37.762820013334796],[-122.43003392681419,37.76288096628752],[-122.4299546731835,37.76288563369912],[-122.42994896881987,37.76282458665186],[-122.42994766460878,37.76281003959553],[-122.43002693538897,37.76280556039112],[-122.43002823117789,37.762820013334796]]]}},{"type":"Feature","id":"osm-land-road-564463701","properties":{"source":"© OpenStreetMap contributors; OSM way/564463701 (ODbL), snapshot 2026-07-15T15:22:01Z","osm_type":"way","osm_id":564463701,"osm_url":"https://www.openstreetmap.org/way/564463701","source_timestamp":"2026-07-15T15:22:01Z","scenario_only":false,"layer":"restricted","name":"Mapped transport corridor","restriction_type":"mapped_road_corridor","osm_highway":"service","modeled_width_m":7.0,"context_scope":"candidate-site road check"},"geometry":{"type":"Polygon","coordinates":[[[-122.42860592836612,37.76392534755402],[-122.42850419486122,37.763931843307866],[-122.42825350394638,37.763947942723505],[-122.4282470960562,37.76388505727624],[-122.42849779595055,37.76386895728211],[-122.42859967163633,37.76386245244573],[-122.4286192289773,37.763861248917],[-122.42862537102516,37.76392415108277],[-122.42860592836612,37.76392534755402]]]}},{"type":"Feature","id":"osm-land-road-564463703","properties":{"source":"© OpenStreetMap contributors; OSM way/564463703 (ODbL), snapshot 2026-07-15T15:22:01Z","osm_type":"way","osm_id":564463703,"osm_url":"https://www.openstreetmap.org/way/564463703","source_timestamp":"2026-07-15T15:22:01Z","scenario_only":false,"layer":"restricted","name":"Mapped transport corridor","restriction_type":"mapped_road_corridor","osm_highway":"service","modeled_width_m":7.0,"context_scope":"candidate-site road check"},"geometry":{"type":"Polygon","coordinates":[[[-122.42818334586512,37.76395436772389],[-122.4282409172975,37.76438769114743],[-122.42816188269919,37.76439430883929],[-122.42809605416757,37.763898832260075],[-122.42824575900538,37.76388516122846],[-122.4282548409983,37.76394783877121],[-122.42818334586512,37.76395436772389]]]}},{"type":"Feature","id":"osm-land-road-564463719","properties":{"source":"© OpenStreetMap contributors; OSM way/564463719 (ODbL), snapshot 2026-07-15T15:22:01Z","osm_type":"way","osm_id":564463719,"osm_url":"https://www.openstreetmap.org/way/564463719","source_timestamp":"2026-07-15T15:22:01Z","scenario_only":false,"layer":"restricted","name":"Mapped transport corridor","restriction_type":"mapped_road_corridor","osm_highway":"service","modeled_width_m":7.0,"context_scope":"candidate-site road check"},"geometry":{"type":"Polygon","coordinates":[[[-122.41922323292492,37.76580077499275],[-122.41921406171481,37.76569033762727],[-122.41875719544589,37.76571407803088],[-122.4187520045561,37.76565112196891],[-122.41928813825169,37.76562326236064],[-122.41930776710865,37.76585962499223],[-122.41877338475432,37.765887278584714],[-122.41876821524771,37.765824321415046],[-122.41922323292492,37.76580077499275]]]}},{"type":"Feature","id":"osm-land-road-564463721","properties":{"source":"© OpenStreetMap contributors; OSM way/564463721 (ODbL), snapshot 2026-07-15T15:22:01Z","osm_type":"way","osm_id":564463721,"osm_url":"https://www.openstreetmap.org/way/564463721","source_timestamp":"2026-07-15T15:22:01Z","scenario_only":false,"layer":"restricted","name":"Mapped transport corridor","restriction_type":"mapped_road_corridor","osm_highway":"service","modeled_width_m":7.0,"context_scope":"candidate-site road check"},"geometry":{"type":"Polygon","coordinates":[[[-122.41865658190812,37.765719278732114],[-122.41865141809394,37.76565632126766],[-122.41875201805138,37.76565112126949],[-122.41875718195061,37.76571407873029],[-122.41865658190812,37.765719278732114]]]}},{"type":"Feature","id":"osm-land-road-564463722","properties":{"source":"© OpenStreetMap contributors; OSM way/564463722 (ODbL), snapshot 2026-07-15T15:22:01Z","osm_type":"way","osm_id":564463722,"osm_url":"https://www.openstreetmap.org/way/564463722","source_timestamp":"2026-07-15T15:22:01Z","scenario_only":false,"layer":"restricted","name":"Mapped transport corridor","restriction_type":"mapped_road_corridor","osm_highway":"service","modeled_width_m":7.0,"context_scope":"candidate-site road check"},"geometry":{"type":"Polygon","coordinates":[[[-122.41876822615328,37.76582432085191],[-122.41877337384874,37.765887279147854],[-122.41866857380447,37.76589267914975],[-122.41866342619755,37.76582972085002],[-122.41876822615328,37.76582432085191]]]}},{"type":"Feature","id":"osm-land-road-564463726","properties":{"source":"© OpenStreetMap contributors; OSM way/564463726 (ODbL), snapshot 2026-07-15T15:22:01Z","osm_type":"way","osm_id":564463726,"osm_url":"https://www.openstreetmap.org/way/564463726","source_timestamp":"2026-07-15T15:22:01Z","scenario_only":false,"layer":"restricted","name":"Mapped transport corridor","restriction_type":"mapped_road_corridor","osm_highway":"service","modeled_width_m":7.0,"context_scope":"candidate-site road check"},"geometry":{"type":"Polygon","coordinates":[[[-122.42044959910098,37.764653590250624],[-122.4205002692997,37.764645826271575],[-122.42056048834156,37.764636623357575],[-122.42057551166454,37.76469857664183],[-122.42051532117897,37.764707775187674],[-122.4204916009153,37.764711409745615],[-122.42044489796885,37.764754088030394],[-122.42038490204791,37.76471271196203],[-122.42044959910098,37.764653590250624]]]}},{"type":"Feature","id":"osm-land-road-564463727","properties":{"source":"© OpenStreetMap contributors; OSM way/564463727 (ODbL), snapshot 2026-07-15T15:22:01Z","osm_type":"way","osm_id":564463727,"osm_url":"https://www.openstreetmap.org/way/564463727","source_timestamp":"2026-07-15T15:22:01Z","scenario_only":false,"layer":"restricted","name":"Mapped transport corridor","restriction_type":"mapped_road_corridor","osm_highway":"service","modeled_width_m":7.0,"context_scope":"candidate-site road check"},"geometry":{"type":"Polygon","coordinates":[[[-122.42039327733251,37.764932472835056],[-122.42039016061851,37.764907740096724],[-122.42046923937833,37.76490145988998],[-122.4204723226642,37.764925927151666],[-122.4204826045632,37.76500109452841],[-122.42040359543338,37.765007905458326],[-122.42039327733251,37.764932472835056]]]}},{"type":"Feature","id":"osm-land-road-564463728","properties":{"source":"© OpenStreetMap contributors; OSM way/564463728 (ODbL), snapshot 2026-07-15T15:22:01Z","osm_type":"way","osm_id":564463728,"osm_url":"https://www.openstreetmap.org/way/564463728","source_timestamp":"2026-07-15T15:22:01Z","scenario_only":false,"layer":"restricted","name":"Mapped transport corridor","restriction_type":"mapped_road_corridor","osm_highway":"service","modeled_width_m":7.0,"context_scope":"candidate-site road check"},"geometry":{"type":"Polygon","coordinates":[[[-122.42037525659812,37.76473555981348],[-122.42045454339976,37.764731240173134],[-122.42046934349084,37.764902440168974],[-122.42039005650702,37.76490675981766],[-122.42037525659812,37.76473555981348]]]}},{"type":"Feature","id":"osm-land-building-585430160","properties":{"source":"© OpenStreetMap contributors; OSM way/585430160 (ODbL), snapshot 2026-07-15T15:22:01Z","osm_type":"way","osm_id":585430160,"osm_url":"https://www.openstreetmap.org/way/585430160","source_timestamp":"2026-07-15T15:22:01Z","scenario_only":false,"layer":"building","name":"Mapped building footprint","osm_building":"yes","context_scope":"candidate-site building check","height_m":16.0},"geometry":{"type":"Polygon","coordinates":[[[-122.4182331,37.7650424],[-122.4182156,37.7648211],[-122.4180346,37.7648318],[-122.4180354,37.7648375],[-122.417974,37.7648407],[-122.4179734,37.7648354],[-122.4178538,37.7648424],[-122.4178584,37.7648907],[-122.4178326,37.7648922],[-122.4178281,37.7648446],[-122.4176117,37.7648574],[-122.4176323,37.7650736],[-122.4182331,37.7650424]]]}},{"type":"Feature","id":"osm-land-road-635235528","properties":{"source":"© OpenStreetMap contributors; OSM way/635235528 (ODbL), snapshot 2026-07-15T15:22:01Z","osm_type":"way","osm_id":635235528,"osm_url":"https://www.openstreetmap.org/way/635235528","source_timestamp":"2026-07-15T15:22:01Z","scenario_only":false,"layer":"restricted","name":"Mission Street","restriction_type":"mapped_road_corridor","osm_highway":"secondary","modeled_width_m":16.0,"context_scope":"candidate-site road check"},"geometry":{"type":"Polygon","coordinates":[[[-122.41980369102589,37.765295202476096],[-122.41962250896233,37.76530559745413],[-122.41960970913318,37.76516499744583],[-122.41979089085503,37.76515460248444],[-122.41980369102589,37.765295202476096]]]}},{"type":"Feature","id":"osm-land-road-676691670","properties":{"source":"© OpenStreetMap contributors; OSM way/676691670 (ODbL), snapshot 2026-07-15T15:22:01Z","osm_type":"way","osm_id":676691670,"osm_url":"https://www.openstreetmap.org/way/676691670","source_timestamp":"2026-07-15T15:22:01Z","scenario_only":false,"layer":"restricted","name":"Mapped transport corridor","restriction_type":"mapped_road_corridor","osm_highway":"primary_link","modeled_width_m":8.0,"context_scope":"candidate-site road check"},"geometry":{"type":"Polygon","coordinates":[[[-122.42589046800896,37.769724607629776],[-122.42591660981928,37.76975047279375],[-122.42593285702816,37.76978743887136],[-122.42593059438924,37.7698450239332],[-122.42583980561237,37.76984277604933],[-122.42584154296524,37.76979856111088],[-122.42583599016157,37.76978592719224],[-122.42582433196887,37.76977439236066],[-122.42571914003577,37.76969978398308],[-122.42577965994226,37.76964601600884],[-122.42589046800896,37.769724607629776]]]}},{"type":"Feature","id":"osm-land-road-676714188","properties":{"source":"© OpenStreetMap contributors; OSM way/676714188 (ODbL), snapshot 2026-07-15T15:22:01Z","osm_type":"way","osm_id":676714188,"osm_url":"https://www.openstreetmap.org/way/676714188","source_timestamp":"2026-07-15T15:22:01Z","scenario_only":false,"layer":"restricted","name":"Church Street","restriction_type":"mapped_road_corridor","osm_highway":"residential","modeled_width_m":10.0,"context_scope":"candidate-site road check"},"geometry":{"type":"Polygon","coordinates":[[[-122.42866314413895,37.76395506883295],[-122.42862773127604,37.764083202828175],[-122.42866050530354,37.76442840669899],[-122.42866800475869,37.76450710035182],[-122.42855479523648,37.76451389962094],[-122.42854729529621,37.76443519961785],[-122.42851326872925,37.76407679714404],[-122.42855225280738,37.76393574224343],[-122.42856685898899,37.76388302004534],[-122.42867774102578,37.76390237992868],[-122.42866314413895,37.76395506883295]]]}},{"type":"Feature","id":"osm-land-road-676716193","properties":{"source":"© OpenStreetMap contributors; OSM way/676716193 (ODbL), snapshot 2026-07-15T15:22:01Z","osm_type":"way","osm_id":676716193,"osm_url":"https://www.openstreetmap.org/way/676716193","source_timestamp":"2026-07-15T15:22:01Z","scenario_only":false,"layer":"restricted","name":"Mapped transport corridor","restriction_type":"mapped_road_corridor","osm_highway":"footway","modeled_width_m":3.0,"context_scope":"candidate-site road check"},"geometry":{"type":"Polygon","coordinates":[[[-122.42855882389125,37.762133868827256],[-122.42859277610832,37.762131731170335],[-122.42866077626316,37.762812431161905],[-122.4286268237364,37.76281456883567],[-122.42855882389125,37.762133868827256]]]}},{"type":"Feature","id":"osm-land-road-676716196","properties":{"source":"© OpenStreetMap contributors; OSM way/676716196 (ODbL), snapshot 2026-07-15T15:22:01Z","osm_type":"way","osm_id":676716196,"osm_url":"https://www.openstreetmap.org/way/676716196","source_timestamp":"2026-07-15T15:22:01Z","scenario_only":false,"layer":"restricted","name":"Mapped transport corridor","restriction_type":"mapped_road_corridor","osm_highway":"footway","modeled_width_m":3.0,"context_scope":"candidate-site road check"},"geometry":{"type":"Polygon","coordinates":[[[-122.42848838068453,37.76359017452898],[-122.42845441931507,37.76359222546859],[-122.42839571945453,37.76297962546137],[-122.42842968054504,37.76297757453621],[-122.42848838068453,37.76359017452898]]]}},{"type":"Feature","id":"osm-land-road-676716198","properties":{"source":"© OpenStreetMap contributors; OSM way/676716198 (ODbL), snapshot 2026-07-15T15:22:01Z","osm_type":"way","osm_id":676716198,"osm_url":"https://www.openstreetmap.org/way/676716198","source_timestamp":"2026-07-15T15:22:01Z","scenario_only":false,"layer":"restricted","name":"Mapped transport corridor","restriction_type":"mapped_road_corridor","osm_highway":"footway","modeled_width_m":3.0,"context_scope":"candidate-site road check"},"geometry":{"type":"Polygon","coordinates":[[[-122.4284991132592,37.76280942541847],[-122.42851462359522,37.76280843116615],[-122.42851732426682,37.76280823111638],[-122.42853770441188,37.762806925983924],[-122.42858278958026,37.76280392697043],[-122.42864240106654,37.762800026218734],[-122.42864519893395,37.76282697378125],[-122.42858561042024,37.76283087302953],[-122.42854049558858,37.76283387401605],[-122.42852027573373,37.762835168883576],[-122.42851757640527,37.76283536883383],[-122.42850188674129,37.762836374581504],[-122.42839980286278,37.7628430735234],[-122.42839699713772,37.76281612647655],[-122.4284991132592,37.76280942541847]]]}},{"type":"Feature","id":"osm-land-road-676716200","properties":{"source":"© OpenStreetMap contributors; OSM way/676716200 (ODbL), snapshot 2026-07-15T15:22:01Z","osm_type":"way","osm_id":676716200,"osm_url":"https://www.openstreetmap.org/way/676716200","source_timestamp":"2026-07-15T15:22:01Z","scenario_only":false,"layer":"restricted","name":"Mapped transport corridor","restriction_type":"mapped_road_corridor","osm_highway":"footway","modeled_width_m":3.0,"context_scope":"candidate-site road check"},"geometry":{"type":"Polygon","coordinates":[[[-122.42860688334642,37.76298048103579],[-122.42855457567968,37.76298358149014],[-122.42853965425347,37.76298447677568],[-122.42853513187714,37.76298477826743],[-122.42851606872576,37.762985881923555],[-122.42841399880946,37.762992080096566],[-122.42841140119101,37.76296511990343],[-122.42851353127467,37.76295891807642],[-122.42853246812331,37.76295782173253],[-122.428536945747,37.76295752322426],[-122.42855201659404,37.76295661897343],[-122.42860431665403,37.762953518964174],[-122.42865700125637,37.76295031989907],[-122.42865959874406,37.76297728010091],[-122.42860688334642,37.76298048103579]]]}},{"type":"Feature","id":"osm-land-road-676716201","properties":{"source":"© OpenStreetMap contributors; OSM way/676716201 (ODbL), snapshot 2026-07-15T15:22:01Z","osm_type":"way","osm_id":676716201,"osm_url":"https://www.openstreetmap.org/way/676716201","source_timestamp":"2026-07-15T15:22:01Z","scenario_only":false,"layer":"restricted","name":"Mapped transport corridor","restriction_type":"mapped_road_corridor","osm_highway":"footway","modeled_width_m":3.0,"context_scope":"candidate-site road check"},"geometry":{"type":"Polygon","coordinates":[[[-122.42863812125549,37.76293204397964],[-122.42863511700727,37.762901000042],[-122.42863412020813,37.76288993554327],[-122.42863382351386,37.762887067492336],[-122.42863062019539,37.76285373288006],[-122.42862682063887,37.76281453736251],[-122.42866077936068,37.76281246263506],[-122.42866457936961,37.762851662634574],[-122.4286677764857,37.76288493250522],[-122.42866807979144,37.76288786445427],[-122.4286690829923,37.762898999955574],[-122.42867207915226,37.762929960202236],[-122.42867527875151,37.76296275601753],[-122.42864132124802,37.762964843980036],[-122.42863812125549,37.76293204397964]]]}},{"type":"Feature","id":"osm-land-road-676716202","properties":{"source":"© OpenStreetMap contributors; OSM way/676716202 (ODbL), snapshot 2026-07-15T15:22:01Z","osm_type":"way","osm_id":676716202,"osm_url":"https://www.openstreetmap.org/way/676716202","source_timestamp":"2026-07-15T15:22:01Z","scenario_only":false,"layer":"restricted","name":"Mapped transport corridor","restriction_type":"mapped_road_corridor","osm_highway":"footway","modeled_width_m":3.0,"context_scope":"candidate-site road check"},"geometry":{"type":"Polygon","coordinates":[[[-122.42842248037104,37.762902572900586],[-122.4284296803616,37.76297757262369],[-122.42839571963796,37.762979627373895],[-122.42838851965503,37.762904627372976],[-122.4283814196169,37.762830626798916],[-122.4284153803827,37.76282857319864],[-122.42842248037104,37.762902572900586]]]}},{"type":"Feature","id":"osm-land-road-676716203","properties":{"source":"© OpenStreetMap contributors; OSM way/676716203 (ODbL), snapshot 2026-07-15T15:22:01Z","osm_type":"way","osm_id":676716203,"osm_url":"https://www.openstreetmap.org/way/676716203","source_timestamp":"2026-07-15T15:22:01Z","scenario_only":false,"layer":"restricted","name":"Mapped transport corridor","restriction_type":"mapped_road_corridor","osm_highway":"footway","modeled_width_m":3.0,"context_scope":"candidate-site road check"},"geometry":{"type":"Polygon","coordinates":[[[-122.42851798140018,37.76389938124564],[-122.42856928070078,37.76443377268602],[-122.42853531929882,37.764435827311516],[-122.42848401859938,37.763901418751885],[-122.42845761785564,37.76362171019394],[-122.42849158214392,37.76361968980358],[-122.42851798140018,37.76389938124564]]]}},{"type":"Feature","id":"osm-land-road-676716204","properties":{"source":"© OpenStreetMap contributors; OSM way/676716204 (ODbL), snapshot 2026-07-15T15:22:01Z","osm_type":"way","osm_id":676716204,"osm_url":"https://www.openstreetmap.org/way/676716204","source_timestamp":"2026-07-15T15:22:01Z","scenario_only":false,"layer":"restricted","name":"Mapped transport corridor","restriction_type":"mapped_road_corridor","osm_highway":"footway","modeled_width_m":3.0,"context_scope":"candidate-site road check"},"geometry":{"type":"Polygon","coordinates":[[[-122.42864131987066,37.76296482976465],[-122.4286752801289,37.76296277023292],[-122.4288152804601,37.764417670215686],[-122.42878131953944,37.764419729781885],[-122.42864131987066,37.76296482976465]]]}},{"type":"Feature","id":"osm-land-road-676716205","properties":{"source":"© OpenStreetMap contributors; OSM way/676716205 (ODbL), snapshot 2026-07-15T15:22:01Z","osm_type":"way","osm_id":676716205,"osm_url":"https://www.openstreetmap.org/way/676716205","source_timestamp":"2026-07-15T15:22:01Z","scenario_only":false,"layer":"restricted","name":"Mapped transport corridor","restriction_type":"mapped_road_corridor","osm_highway":"footway","modeled_width_m":3.0,"context_scope":"candidate-site road check"},"geometry":{"type":"Polygon","coordinates":[[[-122.42860262873486,37.76441831823258],[-122.42863061574795,37.76441661902104],[-122.42865253918359,37.76441531762987],[-122.42867134822761,37.76441421710066],[-122.42868998474225,37.764413126666255],[-122.42879672149968,37.7644052387298],[-122.42879987850083,37.76443216127017],[-122.42869281525823,37.76444007333369],[-122.42867385176937,37.76444118289951],[-122.42865506081685,37.76444228237011],[-122.42863318425249,37.764443580978934],[-122.42860517126556,37.76444528176735],[-122.42855354386973,37.76444828336006],[-122.4285510561307,37.764421316639876],[-122.42860262873486,37.76441831823258]]]}},{"type":"Feature","id":"osm-land-road-676716207","properties":{"source":"© OpenStreetMap contributors; OSM way/676716207 (ODbL), snapshot 2026-07-15T15:22:01Z","osm_type":"way","osm_id":676716207,"osm_url":"https://www.openstreetmap.org/way/676716207","source_timestamp":"2026-07-15T15:22:01Z","scenario_only":false,"layer":"restricted","name":"Mapped transport corridor","restriction_type":"mapped_road_corridor","osm_highway":"footway","modeled_width_m":3.0,"context_scope":"candidate-site road check"},"geometry":{"type":"Polygon","coordinates":[[[-122.4284901636913,37.76360849971443],[-122.42849154348502,37.763619340931335],[-122.4284576565144,37.763622059066215],[-122.42845623630821,37.76361090028314],[-122.42845442083078,37.76359224116554],[-122.42848837916883,37.763590158832],[-122.4284901636913,37.76360849971443]]]}},{"type":"Feature","id":"osm-land-road-676716209","properties":{"source":"© OpenStreetMap contributors; OSM way/676716209 (ODbL), snapshot 2026-07-15T15:22:01Z","osm_type":"way","osm_id":676716209,"osm_url":"https://www.openstreetmap.org/way/676716209","source_timestamp":"2026-07-15T15:22:01Z","scenario_only":false,"layer":"restricted","name":"Mapped transport corridor","restriction_type":"mapped_road_corridor","osm_highway":"footway","modeled_width_m":3.0,"context_scope":"candidate-site road check"},"geometry":{"type":"Polygon","coordinates":[[[-122.42878891819414,37.76449901594217],[-122.42878131914114,37.7644197256342],[-122.42881528085842,37.76441767436336],[-122.42882288180544,37.76449698405538],[-122.42883278274077,37.7646022937476],[-122.4287988172588,37.76460430624994],[-122.42878891819414,37.76449901594217]]]}},{"type":"Feature","id":"osm-land-road-676716213","properties":{"source":"© OpenStreetMap contributors; OSM way/676716213 (ODbL), snapshot 2026-07-15T15:22:01Z","osm_type":"way","osm_id":676716213,"osm_url":"https://www.openstreetmap.org/way/676716213","source_timestamp":"2026-07-15T15:22:01Z","scenario_only":false,"layer":"restricted","name":"Mapped transport corridor","restriction_type":"mapped_road_corridor","osm_highway":"footway","modeled_width_m":3.0,"context_scope":"candidate-site road check"},"geometry":{"type":"Polygon","coordinates":[[[-122.42616062078395,37.76137367874942],[-122.42601182382249,37.761382878561335],[-122.42590372543008,37.76138957846152],[-122.42590107457036,37.761362621538424],[-122.42600917455084,37.76135592153948],[-122.42615797777175,37.761346721339855],[-122.42625848067614,37.76134052116033],[-122.42626111932431,37.76136747883962],[-122.42616062078395,37.76137367874942]]]}},{"type":"Feature","id":"osm-land-road-676716216","properties":{"source":"© OpenStreetMap contributors; OSM way/676716216 (ODbL), snapshot 2026-07-15T15:22:01Z","osm_type":"way","osm_id":676716216,"osm_url":"https://www.openstreetmap.org/way/676716216","source_timestamp":"2026-07-15T15:22:01Z","scenario_only":false,"layer":"restricted","name":"Mapped transport corridor","restriction_type":"mapped_road_corridor","osm_highway":"footway","modeled_width_m":3.0,"context_scope":"candidate-site road check"},"geometry":{"type":"Polygon","coordinates":[[[-122.43200748258339,37.770874346441275],[-122.43203978983209,37.770879862309556],[-122.43204892302337,37.77091743883753],[-122.43201547697552,37.770922561160084],[-122.43201061016346,37.77090253768857],[-122.43197731741203,37.77089685355673],[-122.43179915994554,37.76996091987775],[-122.43183284005356,37.769956880119814],[-122.43200748258339,37.770874346441275]]]}},{"type":"Feature","id":"osm-land-road-676716218","properties":{"source":"© OpenStreetMap contributors; OSM way/676716218 (ODbL), snapshot 2026-07-15T15:22:01Z","osm_type":"way","osm_id":676716218,"osm_url":"https://www.openstreetmap.org/way/676716218","source_timestamp":"2026-07-15T15:22:01Z","scenario_only":false,"layer":"restricted","name":"Mapped transport corridor","restriction_type":"mapped_road_corridor","osm_highway":"footway","modeled_width_m":3.0,"context_scope":"candidate-site road check"},"geometry":{"type":"Polygon","coordinates":[[[-122.43033459811927,37.76928760886046],[-122.4312760051367,37.769239608501245],[-122.43129160204425,37.7692388086598],[-122.4312937979561,37.76926579134014],[-122.43127819795328,37.76926659134026],[-122.43033680188108,37.769314591139505],[-122.43032911215408,37.76931499060582],[-122.43032688784633,37.76928800939414],[-122.43033459811927,37.76928760886046]]]}},{"type":"Feature","id":"osm-land-road-676716219","properties":{"source":"© OpenStreetMap contributors; OSM way/676716219 (ODbL), snapshot 2026-07-15T15:22:01Z","osm_type":"way","osm_id":676716219,"osm_url":"https://www.openstreetmap.org/way/676716219","source_timestamp":"2026-07-15T15:22:01Z","scenario_only":false,"layer":"restricted","name":"Mapped transport corridor","restriction_type":"mapped_road_corridor","osm_highway":"footway","modeled_width_m":3.0,"context_scope":"candidate-site road check"},"geometry":{"type":"Polygon","coordinates":[[[-122.43148072509808,37.76922100748971],[-122.43162488871786,37.76921381429342],[-122.43239394587827,37.76916512333529],[-122.43239665412216,37.76919207666465],[-122.43162731128255,37.769240785706536],[-122.4314828716402,37.769247992673996],[-122.43143307489325,37.769250492510615],[-122.43143092510712,37.769223507489336],[-122.43148072509808,37.76922100748971]]]}},{"type":"Feature","id":"osm-land-road-676716221","properties":{"source":"© OpenStreetMap contributors; OSM way/676716221 (ODbL), snapshot 2026-07-15T15:22:01Z","osm_type":"way","osm_id":676716221,"osm_url":"https://www.openstreetmap.org/way/676716221","source_timestamp":"2026-07-15T15:22:01Z","scenario_only":false,"layer":"restricted","name":"Mapped transport corridor","restriction_type":"mapped_road_corridor","osm_highway":"footway","modeled_width_m":3.0,"context_scope":"candidate-site road check"},"geometry":{"type":"Polygon","coordinates":[[[-122.43136393378776,37.769352472057015],[-122.43135003361914,37.76933946546846],[-122.43133594844332,37.76932638637449],[-122.43128084473814,37.76927318624281],[-122.43130715525882,37.76925601375568],[-122.43136205155368,37.769309013624024],[-122.43137596637784,37.76932193453005],[-122.43139006620916,37.7693351279415],[-122.43146114386192,37.76940360273899],[-122.43143485613503,37.76942079725952],[-122.43136393378776,37.769352472057015]]]}},{"type":"Feature","id":"osm-land-road-676716222","properties":{"source":"© OpenStreetMap contributors; OSM way/676716222 (ODbL), snapshot 2026-07-15T15:22:01Z","osm_type":"way","osm_id":676716222,"osm_url":"https://www.openstreetmap.org/way/676716222","source_timestamp":"2026-07-15T15:22:01Z","scenario_only":false,"layer":"restricted","name":"Mapped transport corridor","restriction_type":"mapped_road_corridor","osm_highway":"footway","modeled_width_m":3.0,"context_scope":"candidate-site road check"},"geometry":{"type":"Polygon","coordinates":[[[-122.43247249643387,37.769160320194324],[-122.43254170161968,37.76915611987884],[-122.43254429838073,37.76918308012112],[-122.4324751009701,37.76918727996385],[-122.43241110355503,37.76919117980622],[-122.43240849644542,37.769164220193716],[-122.43247249643387,37.769160320194324]]]}},{"type":"Feature","id":"osm-land-road-676716223","properties":{"source":"© OpenStreetMap contributors; OSM way/676716223 (ODbL), snapshot 2026-07-15T15:22:01Z","osm_type":"way","osm_id":676716223,"osm_url":"https://www.openstreetmap.org/way/676716223","source_timestamp":"2026-07-15T15:22:01Z","scenario_only":false,"layer":"restricted","name":"Mapped transport corridor","restriction_type":"mapped_road_corridor","osm_highway":"footway","modeled_width_m":3.0,"context_scope":"candidate-site road check"},"geometry":{"type":"Polygon","coordinates":[[[-122.43255397219497,37.76915541571238],[-122.43346518804832,37.76910381480727],[-122.4334676119521,37.76913078519269],[-122.43255641979785,37.76918238474701],[-122.43254422780323,37.76918308428769],[-122.4325417721972,37.769156115712285],[-122.43255397219497,37.76915541571238]]]}},{"type":"Feature","id":"osm-land-road-676716226","properties":{"source":"© OpenStreetMap contributors; OSM way/676716226 (ODbL), snapshot 2026-07-15T15:22:01Z","osm_type":"way","osm_id":676716226,"osm_url":"https://www.openstreetmap.org/way/676716226","source_timestamp":"2026-07-15T15:22:01Z","scenario_only":false,"layer":"restricted","name":"Mapped transport corridor","restriction_type":"mapped_road_corridor","osm_highway":"footway","modeled_width_m":3.0,"context_scope":"candidate-site road check"},"geometry":{"type":"Polygon","coordinates":[[[-122.43136805789695,37.769226001039364],[-122.43143114967785,37.76922349739719],[-122.43143285032245,37.769250502602766],[-122.43136994210342,37.769252998960596],[-122.43131203383074,37.76925579453226],[-122.43130996616956,37.769228805467684],[-122.43136805789695,37.769226001039364]]]}},{"type":"Feature","id":"osm-land-road-676716227","properties":{"source":"© OpenStreetMap contributors; OSM way/676716227 (ODbL), snapshot 2026-07-15T15:22:01Z","osm_type":"way","osm_id":676716227,"osm_url":"https://www.openstreetmap.org/way/676716227","source_timestamp":"2026-07-15T15:22:01Z","scenario_only":false,"layer":"restricted","name":"Mapped transport corridor","restriction_type":"mapped_road_corridor","osm_highway":"footway","modeled_width_m":3.0,"context_scope":"candidate-site road check"},"geometry":{"type":"Polygon","coordinates":[[[-122.43003526561344,37.76950348053894],[-122.43005819460853,37.769491967255554],[-122.43144849168804,37.769410196899265],[-122.43152970247826,37.76940808622277],[-122.43153956228987,37.76940788500211],[-122.43154043771025,37.76943491499787],[-122.43153069752191,37.76943511377721],[-122.43145030831228,37.7694372031007],[-122.4300692053934,37.76951843274415],[-122.43004513438832,37.76953051946084],[-122.43002999999906,37.76953051946113],[-122.43003000000093,37.76950348053884],[-122.43003526561344,37.76950348053894]]]}},{"type":"Feature","id":"osm-land-road-676888852","properties":{"source":"© OpenStreetMap contributors; OSM way/676888852 (ODbL), snapshot 2026-07-15T15:22:01Z","osm_type":"way","osm_id":676888852,"osm_url":"https://www.openstreetmap.org/way/676888852","source_timestamp":"2026-07-15T15:22:01Z","scenario_only":false,"layer":"restricted","name":"Mapped transport corridor","restriction_type":"mapped_road_corridor","osm_highway":"footway","modeled_width_m":3.0,"context_scope":"candidate-site road check"},"geometry":{"type":"Polygon","coordinates":[[[-122.42864888247657,37.76442909136495],[-122.428614917523,37.76443110863261],[-122.42861311752738,37.764412008632384],[-122.42864708247222,37.76440999136516],[-122.42864888247657,37.76442909136495]]]}},{"type":"Feature","id":"osm-land-road-677773376","properties":{"source":"© OpenStreetMap contributors; OSM way/677773376 (ODbL), snapshot 2026-07-15T15:22:01Z","osm_type":"way","osm_id":677773376,"osm_url":"https://www.openstreetmap.org/way/677773376","source_timestamp":"2026-07-15T15:22:01Z","scenario_only":false,"layer":"restricted","name":"Mapped transport corridor","restriction_type":"mapped_road_corridor","osm_highway":"footway","modeled_width_m":3.0,"context_scope":"candidate-site road check"},"geometry":{"type":"Polygon","coordinates":[[[-122.42567051976737,37.75912831946713],[-122.42570448023221,37.759126280530424],[-122.4257662803799,37.759775080522836],[-122.42573231961966,37.75977711947471],[-122.42567051976737,37.75912831946713]]]}},{"type":"Feature","id":"osm-land-road-677773383","properties":{"source":"© OpenStreetMap contributors; OSM way/677773383 (ODbL), snapshot 2026-07-15T15:22:01Z","osm_type":"way","osm_id":677773383,"osm_url":"https://www.openstreetmap.org/way/677773383","source_timestamp":"2026-07-15T15:22:01Z","scenario_only":false,"layer":"restricted","name":"Mapped transport corridor","restriction_type":"mapped_road_corridor","osm_highway":"footway","modeled_width_m":3.0,"context_scope":"candidate-site road check"},"geometry":{"type":"Polygon","coordinates":[[[-122.42574534331743,37.75991127428566],[-122.42573832193501,37.75983594469814],[-122.4257323267403,37.759777191658344],[-122.42576627325923,37.759775008339226],[-122.42577227806457,37.759833855299405],[-122.425779256682,37.75990872571189],[-122.42578171664205,37.75992565021036],[-122.42574788335725,37.759928749787186],[-122.42574534331743,37.75991127428566]]]}},{"type":"Feature","id":"osm-land-road-677773384","properties":{"source":"© OpenStreetMap contributors; OSM way/677773384 (ODbL), snapshot 2026-07-15T15:22:01Z","osm_type":"way","osm_id":677773384,"osm_url":"https://www.openstreetmap.org/way/677773384","source_timestamp":"2026-07-15T15:22:01Z","scenario_only":false,"layer":"restricted","name":"Mapped transport corridor","restriction_type":"mapped_road_corridor","osm_highway":"footway","modeled_width_m":3.0,"context_scope":"candidate-site road check"},"geometry":{"type":"Polygon","coordinates":[[[-122.4257478192947,37.759928216421464],[-122.42578178070485,37.75992618357608],[-122.42591938103475,37.76137508355918],[-122.42588541896481,37.76137711643836],[-122.4257478192947,37.759928216421464]]]}},{"type":"Feature","id":"osm-land-road-677773385","properties":{"source":"© OpenStreetMap contributors; OSM way/677773385 (ODbL), snapshot 2026-07-15T15:22:01Z","osm_type":"way","osm_id":677773385,"osm_url":"https://www.openstreetmap.org/way/677773385","source_timestamp":"2026-07-15T15:22:01Z","scenario_only":false,"layer":"restricted","name":"Mapped transport corridor","restriction_type":"mapped_road_corridor","osm_highway":"footway","modeled_width_m":3.0,"context_scope":"candidate-site road check"},"geometry":{"type":"Polygon","coordinates":[[[-122.426006712719,37.759773279314246],[-122.42585806589786,37.75978277591654],[-122.4257506537435,37.759789576689386],[-122.42574794625695,37.759762623310564],[-122.42585534017071,37.759755823695755],[-122.42600408728144,37.7597463206857],[-122.42610604049376,37.75974031755237],[-122.42610855950669,37.75976728244757],[-122.426006712719,37.759773279314246]]]}},{"type":"Feature","id":"osm-land-road-677773386","properties":{"source":"© OpenStreetMap contributors; OSM way/677773386 (ODbL), snapshot 2026-07-15T15:22:01Z","osm_type":"way","osm_id":677773386,"osm_url":"https://www.openstreetmap.org/way/677773386","source_timestamp":"2026-07-15T15:22:01Z","scenario_only":false,"layer":"restricted","name":"Mapped transport corridor","restriction_type":"mapped_road_corridor","osm_highway":"footway","modeled_width_m":3.0,"context_scope":"candidate-site road check"},"geometry":{"type":"Polygon","coordinates":[[[-122.4260213809502,37.7599243685662],[-122.42587256608871,37.7599338759042],[-122.42576616639086,37.759940675884714],[-122.42576343360957,37.759913724115236],[-122.42586983359037,37.7599069241163],[-122.42601841905032,37.759897431433764],[-122.42612000414782,37.75988984002017],[-122.42612319585274,37.759916759979795],[-122.4260213809502,37.7599243685662]]]}},{"type":"Feature","id":"osm-land-road-677773388","properties":{"source":"© OpenStreetMap contributors; OSM way/677773388 (ODbL), snapshot 2026-07-15T15:22:01Z","osm_type":"way","osm_id":677773388,"osm_url":"https://www.openstreetmap.org/way/677773388","source_timestamp":"2026-07-15T15:22:01Z","scenario_only":false,"layer":"restricted","name":"Mapped transport corridor","restriction_type":"mapped_road_corridor","osm_highway":"footway","modeled_width_m":3.0,"context_scope":"candidate-site road check"},"geometry":{"type":"Polygon","coordinates":[[[-122.42617791337237,37.76153184945429],[-122.42602692644427,37.76154117839926],[-122.42591933155737,37.76154787808072],[-122.42591666844308,37.76152092191926],[-122.42602426842367,37.76151422192029],[-122.42617108662881,37.761505150545595],[-122.4262650966954,37.761480179120966],[-122.4262759033064,37.76150582087879],[-122.42617791337237,37.76153184945429]]]}},{"type":"Feature","id":"osm-land-road-677773389","properties":{"source":"© OpenStreetMap contributors; OSM way/677773389 (ODbL), snapshot 2026-07-15T15:22:01Z","osm_type":"way","osm_id":677773389,"osm_url":"https://www.openstreetmap.org/way/677773389","source_timestamp":"2026-07-15T15:22:01Z","scenario_only":false,"layer":"restricted","name":"Mapped transport corridor","restriction_type":"mapped_road_corridor","osm_highway":"footway","modeled_width_m":3.0,"context_scope":"candidate-site road check"},"geometry":{"type":"Polygon","coordinates":[[[-122.42628299799316,37.76141535240786],[-122.42628751086501,37.76149237178691],[-122.42625348913472,37.761493628210644],[-122.42624900200651,37.76141704758969],[-122.42624282384345,37.76135506652125],[-122.42627677615607,37.76135293347629],[-122.42628299799316,37.76141535240786]]]}},{"type":"Feature","id":"osm-land-road-677773390","properties":{"source":"© OpenStreetMap contributors; OSM way/677773390 (ODbL), snapshot 2026-07-15T15:22:01Z","osm_type":"way","osm_id":677773390,"osm_url":"https://www.openstreetmap.org/way/677773390","source_timestamp":"2026-07-15T15:22:01Z","scenario_only":false,"layer":"restricted","name":"Mapped transport corridor","restriction_type":"mapped_road_corridor","osm_highway":"footway","modeled_width_m":3.0,"context_scope":"candidate-site road check"},"geometry":{"type":"Polygon","coordinates":[[[-122.42766369236743,37.76142295982508],[-122.4276644945424,37.76143649647108],[-122.42684011413684,37.76148068017507],[-122.42683873944262,37.76146840609872],[-122.42627193536946,37.76150647136355],[-122.426269064631,37.761479528636436],[-122.42686966055126,37.76143919389918],[-122.42687108585713,37.76145191982282],[-122.42762890546364,37.76141130352623],[-122.4276281076386,37.761397840172265],[-122.42824670567494,37.76136331381329],[-122.4282490943255,37.76139028618667],[-122.42766369236743,37.76142295982508]]]}},{"type":"Feature","id":"osm-land-road-678783852","properties":{"source":"© OpenStreetMap contributors; OSM way/678783852 (ODbL), snapshot 2026-07-15T15:22:01Z","osm_type":"way","osm_id":678783852,"osm_url":"https://www.openstreetmap.org/way/678783852","source_timestamp":"2026-07-15T15:22:01Z","scenario_only":false,"layer":"restricted","name":"Mapped transport corridor","restriction_type":"mapped_road_corridor","osm_highway":"footway","modeled_width_m":3.0,"context_scope":"candidate-site road check"},"geometry":{"type":"Polygon","coordinates":[[[-122.43079443847397,37.76447271767051],[-122.4307969615265,37.76449968232945],[-122.4298828613612,37.76455358233775],[-122.42988033863921,37.76452661766217],[-122.43079443847397,37.76447271767051]]]}},{"type":"Feature","id":"osm-land-road-678783853","properties":{"source":"© OpenStreetMap contributors; OSM way/678783853 (ODbL), snapshot 2026-07-15T15:22:01Z","osm_type":"way","osm_id":678783853,"osm_url":"https://www.openstreetmap.org/way/678783853","source_timestamp":"2026-07-15T15:22:01Z","scenario_only":false,"layer":"restricted","name":"Mapped transport corridor","restriction_type":"mapped_road_corridor","osm_highway":"footway","modeled_width_m":3.0,"context_scope":"candidate-site road check"},"geometry":{"type":"Polygon","coordinates":[[[-122.42972583228322,37.76453581803815],[-122.42972836771722,37.764562781961835],[-122.42881706755243,37.76461678197018],[-122.42881453244799,37.76458981802978],[-122.42972583228322,37.76453581803815]]]}},{"type":"Feature","id":"osm-land-road-678783856","properties":{"source":"© OpenStreetMap contributors; OSM way/678783856 (ODbL), snapshot 2026-07-15T15:22:01Z","osm_type":"way","osm_id":678783856,"osm_url":"https://www.openstreetmap.org/way/678783856","source_timestamp":"2026-07-15T15:22:01Z","scenario_only":false,"layer":"restricted","name":"Mapped transport corridor","restriction_type":"mapped_road_corridor","osm_highway":"footway","modeled_width_m":3.0,"context_scope":"candidate-site road check"},"geometry":{"type":"Polygon","coordinates":[[[-122.42971011894207,37.7645503238852],[-122.4297440810575,37.76454827611236],[-122.42988348138925,37.7660052760952],[-122.42984951861034,37.766007323902365],[-122.42971011894207,37.7645503238852]]]}},{"type":"Feature","id":"osm-land-road-678783857","properties":{"source":"© OpenStreetMap contributors; OSM way/678783857 (ODbL), snapshot 2026-07-15T15:22:01Z","osm_type":"way","osm_id":678783857,"osm_url":"https://www.openstreetmap.org/way/678783857","source_timestamp":"2026-07-15T15:22:01Z","scenario_only":false,"layer":"restricted","name":"Mapped transport corridor","restriction_type":"mapped_road_corridor","osm_highway":"footway","modeled_width_m":3.0,"context_scope":"candidate-site road check"},"geometry":{"type":"Polygon","coordinates":[[[-122.43003788145725,37.76599607682535],[-122.43000391854231,37.76599812317221],[-122.42986461887405,37.76454112315504],[-122.4298985811255,37.76453907684247],[-122.43003788145725,37.76599607682535]]]}},{"type":"Feature","id":"osm-land-road-678783858","properties":{"source":"© OpenStreetMap contributors; OSM way/678783858 (ODbL), snapshot 2026-07-15T15:22:01Z","osm_type":"way","osm_id":678783858,"osm_url":"https://www.openstreetmap.org/way/678783858","source_timestamp":"2026-07-15T15:22:01Z","scenario_only":false,"layer":"restricted","name":"Mapped transport corridor","restriction_type":"mapped_road_corridor","osm_highway":"footway","modeled_width_m":3.0,"context_scope":"candidate-site road check"},"geometry":{"type":"Polygon","coordinates":[[[-122.42879959552556,37.76443218029452],[-122.42879700447486,37.76440521970545],[-122.42938640436834,37.764369519710975],[-122.4293889956321,37.764396480288966],[-122.42879959552556,37.76443218029452]]]}},{"type":"Feature","id":"osm-land-road-678783859","properties":{"source":"© OpenStreetMap contributors; OSM way/678783859 (ODbL), snapshot 2026-07-15T15:22:01Z","osm_type":"way","osm_id":678783859,"osm_url":"https://www.openstreetmap.org/way/678783859","source_timestamp":"2026-07-15T15:22:01Z","scenario_only":false,"layer":"restricted","name":"Mapped transport corridor","restriction_type":"mapped_road_corridor","osm_highway":"footway","modeled_width_m":3.0,"context_scope":"candidate-site road check"},"geometry":{"type":"Polygon","coordinates":[[[-122.42943471365308,37.76439367918984],[-122.42938901043908,37.764396479386924],[-122.42938638956137,37.76436952061303],[-122.42943208794446,37.76436672071202],[-122.42948418633797,37.76436352081061],[-122.42948681366249,37.76439047918932],[-122.42943471365308,37.76439367918984]]]}},{"type":"Feature","id":"osm-land-road-678783860","properties":{"source":"© OpenStreetMap contributors; OSM way/678783860 (ODbL), snapshot 2026-07-15T15:22:01Z","osm_type":"way","osm_id":678783860,"osm_url":"https://www.openstreetmap.org/way/678783860","source_timestamp":"2026-07-15T15:22:01Z","scenario_only":false,"layer":"restricted","name":"Mapped transport corridor","restriction_type":"mapped_road_corridor","osm_highway":"footway","modeled_width_m":3.0,"context_scope":"candidate-site road check"},"geometry":{"type":"Polygon","coordinates":[[[-122.42948679520512,37.76439048031498],[-122.42948420479534,37.76436351968496],[-122.43007870468789,37.76432751969055],[-122.43008129531258,37.76435448030941],[-122.42948679520512,37.76439048031498]]]}},{"type":"Feature","id":"osm-land-road-678783861","properties":{"source":"© OpenStreetMap contributors; OSM way/678783861 (ODbL), snapshot 2026-07-15T15:22:01Z","osm_type":"way","osm_id":678783861,"osm_url":"https://www.openstreetmap.org/way/678783861","source_timestamp":"2026-07-15T15:22:01Z","scenario_only":false,"layer":"restricted","name":"Mapped transport corridor","restriction_type":"mapped_road_corridor","osm_highway":"footway","modeled_width_m":3.0,"context_scope":"candidate-site road check"},"geometry":{"type":"Polygon","coordinates":[[[-122.4301812960717,37.76434848026358],[-122.43017870392872,37.76432151973639],[-122.43077610382076,37.764285319742],[-122.43077869617967,37.764312280257954],[-122.4301812960717,37.76434848026358]]]}},{"type":"Feature","id":"osm-land-road-678783862","properties":{"source":"© OpenStreetMap contributors; OSM way/678783862 (ODbL), snapshot 2026-07-15T15:22:01Z","osm_type":"way","osm_id":678783862,"osm_url":"https://www.openstreetmap.org/way/678783862","source_timestamp":"2026-07-15T15:22:01Z","scenario_only":false,"layer":"restricted","name":"Mapped transport corridor","restriction_type":"mapped_road_corridor","osm_highway":"footway","modeled_width_m":3.0,"context_scope":"candidate-site road check"},"geometry":{"type":"Polygon","coordinates":[[[-122.42940467982494,37.764381963709184],[-122.42937072017462,37.76438403628836],[-122.4293468202308,37.76413723628544],[-122.42938077976876,37.76413516371213],[-122.42940467982494,37.764381963709184]]]}},{"type":"Feature","id":"osm-land-road-678783863","properties":{"source":"© OpenStreetMap contributors; OSM way/678783863 (ODbL), snapshot 2026-07-15T15:22:01Z","osm_type":"way","osm_id":678783863,"osm_url":"https://www.openstreetmap.org/way/678783863","source_timestamp":"2026-07-15T15:22:01Z","scenario_only":false,"layer":"restricted","name":"Mapped transport corridor","restriction_type":"mapped_road_corridor","osm_highway":"footway","modeled_width_m":3.0,"context_scope":"candidate-site road check"},"geometry":{"type":"Polygon","coordinates":[[[-122.42944472021853,37.76413223614874],[-122.42947867978106,37.76413016384881],[-122.42950247983701,37.76437596384587],[-122.42946852016257,37.76437803615167],[-122.42944472021853,37.76413223614874]]]}},{"type":"Feature","id":"osm-land-road-678783864","properties":{"source":"© OpenStreetMap contributors; OSM way/678783864 (ODbL), snapshot 2026-07-15T15:22:01Z","osm_type":"way","osm_id":678783864,"osm_url":"https://www.openstreetmap.org/way/678783864","source_timestamp":"2026-07-15T15:22:01Z","scenario_only":false,"layer":"restricted","name":"Mapped transport corridor","restriction_type":"mapped_road_corridor","osm_highway":"footway","modeled_width_m":3.0,"context_scope":"candidate-site road check"},"geometry":{"type":"Polygon","coordinates":[[[-122.43003752010019,37.76407833481006],[-122.43007147989935,37.7640762651875],[-122.4300969799594,37.764339965184355],[-122.43006302004018,37.7643420348132],[-122.43003752010019,37.76407833481006]]]}},{"type":"Feature","id":"osm-land-road-678783865","properties":{"source":"© OpenStreetMap contributors; OSM way/678783865 (ODbL), snapshot 2026-07-15T15:22:01Z","osm_type":"way","osm_id":678783865,"osm_url":"https://www.openstreetmap.org/way/678783865","source_timestamp":"2026-07-15T15:22:01Z","scenario_only":false,"layer":"restricted","name":"Mapped transport corridor","restriction_type":"mapped_road_corridor","osm_highway":"footway","modeled_width_m":3.0,"context_scope":"candidate-site road check"},"geometry":{"type":"Polygon","coordinates":[[[-122.43019698005796,37.764333966216434],[-122.43016301994159,37.76433603378113],[-122.43013742000194,37.76407103377797],[-122.43017137999765,37.764068966219575],[-122.43019698005796,37.764333966216434]]]}},{"type":"Feature","id":"osm-land-road-678783866","properties":{"source":"© OpenStreetMap contributors; OSM way/678783866 (ODbL), snapshot 2026-07-15T15:22:01Z","osm_type":"way","osm_id":678783866,"osm_url":"https://www.openstreetmap.org/way/678783866","source_timestamp":"2026-07-15T15:22:01Z","scenario_only":false,"layer":"restricted","name":"Mapped transport corridor","restriction_type":"mapped_road_corridor","osm_highway":"footway","modeled_width_m":3.0,"context_scope":"candidate-site road check"},"geometry":{"type":"Polygon","coordinates":[[[-122.43061432432175,37.762845974787204],[-122.43064827567783,37.76284382521035],[-122.43076637594524,37.764019425195706],[-122.43073242405428,37.76402157480184],[-122.43061432432175,37.762845974787204]]]}},{"type":"Feature","id":"osm-land-road-678783870","properties":{"source":"© OpenStreetMap contributors; OSM way/678783870 (ODbL), snapshot 2026-07-15T15:22:01Z","osm_type":"way","osm_id":678783870,"osm_url":"https://www.openstreetmap.org/way/678783870","source_timestamp":"2026-07-15T15:22:01Z","scenario_only":false,"layer":"restricted","name":"Mapped transport corridor","restriction_type":"mapped_road_corridor","osm_highway":"footway","modeled_width_m":3.0,"context_scope":"candidate-site road check"},"geometry":{"type":"Polygon","coordinates":[[[-122.43061502127672,37.762682118689575],[-122.43061757872373,37.762709081310355],[-122.42864507836717,37.76282698132863],[-122.42864252163328,37.762800018671356],[-122.43061502127672,37.762682118689575]]]}},{"type":"Feature","id":"osm-land-road-678783872","properties":{"source":"© OpenStreetMap contributors; OSM way/678783872 (ODbL), snapshot 2026-07-15T15:22:01Z","osm_type":"way","osm_id":678783872,"osm_url":"https://www.openstreetmap.org/way/678783872","source_timestamp":"2026-07-15T15:22:01Z","scenario_only":false,"layer":"restricted","name":"Mapped transport corridor","restriction_type":"mapped_road_corridor","osm_highway":"footway","modeled_width_m":3.0,"context_scope":"candidate-site road check"},"geometry":{"type":"Polygon","coordinates":[[[-122.42999558935375,37.762896780671085],[-122.42865958869525,37.76297728070872],[-122.42865701130516,37.76295031929126],[-122.42999301086682,37.76286981931559],[-122.43063001053157,37.76283141933482],[-122.43063258946889,37.76285838066514],[-122.42999558935375,37.762896780671085]]]}},{"type":"Feature","id":"osm-land-road-678783882","properties":{"source":"© OpenStreetMap contributors; OSM way/678783882 (ODbL), snapshot 2026-07-15T15:22:01Z","osm_type":"way","osm_id":678783882,"osm_url":"https://www.openstreetmap.org/way/678783882","source_timestamp":"2026-07-15T15:22:01Z","scenario_only":false,"layer":"restricted","name":"Mapped transport corridor","restriction_type":"mapped_road_corridor","osm_highway":"footway","modeled_width_m":3.0,"context_scope":"candidate-site road check"},"geometry":{"type":"Polygon","coordinates":[[[-122.43011728861997,37.7643522807217],[-122.43008130707841,37.76435447959364],[-122.43007869292205,37.764327520406326],[-122.43011471138045,37.76432531927824],[-122.43017872983653,37.76432151818232],[-122.4301812701639,37.76434848181764],[-122.43011728861997,37.7643522807217]]]}},{"type":"Feature","id":"osm-land-road-678783895","properties":{"source":"© OpenStreetMap contributors; OSM way/678783895 (ODbL), snapshot 2026-07-15T15:22:01Z","osm_type":"way","osm_id":678783895,"osm_url":"https://www.openstreetmap.org/way/678783895","source_timestamp":"2026-07-15T15:22:01Z","scenario_only":false,"layer":"restricted","name":"Mapped transport corridor","restriction_type":"mapped_road_corridor","osm_highway":"footway","modeled_width_m":3.0,"context_scope":"candidate-site road check"},"geometry":{"type":"Polygon","coordinates":[[[-122.42980352613496,37.76453121840197],[-122.42988031874934,37.76452661884421],[-122.42988288125107,37.76455358115573],[-122.42980608123719,37.76455818115647],[-122.42972836647917,37.76456278203516],[-122.42972583352127,37.76453581796481],[-122.42980352613496,37.76453121840197]]]}},{"type":"Feature","id":"osm-land-road-681758085","properties":{"source":"© OpenStreetMap contributors; OSM way/681758085 (ODbL), snapshot 2026-07-15T15:22:01Z","osm_type":"way","osm_id":681758085,"osm_url":"https://www.openstreetmap.org/way/681758085","source_timestamp":"2026-07-15T15:22:01Z","scenario_only":false,"layer":"restricted","name":"16th Street","restriction_type":"mapped_road_corridor","osm_highway":"secondary","modeled_width_m":16.0,"context_scope":"candidate-site road check"},"geometry":{"type":"Polygon","coordinates":[[[-122.41956413493111,37.76498842473066],[-122.41968127697601,37.7649801780883],[-122.4196973230386,37.76512382191041],[-122.41957866508206,37.76513217526815],[-122.41949020613461,37.765137218537205],[-122.41947719387706,37.76499338146167],[-122.41956413493111,37.76498842473066]]]}},{"type":"Feature","id":"osm-land-road-706534975","properties":{"source":"© OpenStreetMap contributors; OSM way/706534975 (ODbL), snapshot 2026-07-15T15:22:01Z","osm_type":"way","osm_id":706534975,"osm_url":"https://www.openstreetmap.org/way/706534975","source_timestamp":"2026-07-15T15:22:01Z","scenario_only":false,"layer":"restricted","name":"14th Street","restriction_type":"mapped_road_corridor","osm_highway":"residential","modeled_width_m":10.0,"context_scope":"candidate-site road check"},"geometry":{"type":"Polygon","coordinates":[[[-122.42457950616622,37.76804934681613],[-122.42457129383843,37.76795945318343],[-122.42483879367711,37.76794405319133],[-122.42484700632752,37.768033946808245],[-122.42457950616622,37.76804934681613]]]}},{"type":"Feature","id":"osm-land-road-706534979","properties":{"source":"© OpenStreetMap contributors; OSM way/706534979 (ODbL), snapshot 2026-07-15T15:22:01Z","osm_type":"way","osm_id":706534979,"osm_url":"https://www.openstreetmap.org/way/706534979","source_timestamp":"2026-07-15T15:22:01Z","scenario_only":false,"layer":"restricted","name":"Guerrero Street","restriction_type":"mapped_road_corridor","osm_highway":"secondary","modeled_width_m":16.0,"context_scope":"candidate-site road check"},"geometry":{"type":"Polygon","coordinates":[[[-122.42436529510847,37.767940605245045],[-122.42434827080683,37.76777506698402],[-122.42452932917979,37.76776333294628],[-122.42454630487757,37.76792839468533],[-122.42455477847791,37.7680045565642],[-122.42437382150752,37.76801724336618],[-122.42436529510847,37.767940605245045]]]}},{"type":"Feature","id":"osm-land-road-706534980","properties":{"source":"© OpenStreetMap contributors; OSM way/706534980 (ODbL), snapshot 2026-07-15T15:22:01Z","osm_type":"way","osm_id":706534980,"osm_url":"https://www.openstreetmap.org/way/706534980","source_timestamp":"2026-07-15T15:22:01Z","scenario_only":false,"layer":"restricted","name":"Guerrero Street","restriction_type":"mapped_road_corridor","osm_highway":"secondary","modeled_width_m":16.0,"context_scope":"candidate-site road check"},"geometry":{"type":"Polygon","coordinates":[[[-122.42450055076284,37.76842073864812],[-122.42431944922424,37.76843206128219],[-122.4243017494408,37.768253661270506],[-122.42448285054631,37.76824233865977],[-122.42450055076284,37.76842073864812]]]}},{"type":"Feature","id":"osm-land-road-706543956","properties":{"source":"© OpenStreetMap contributors; OSM way/706543956 (ODbL), snapshot 2026-07-15T15:22:01Z","osm_type":"way","osm_id":706543956,"osm_url":"https://www.openstreetmap.org/way/706543956","source_timestamp":"2026-07-15T15:22:01Z","scenario_only":false,"layer":"restricted","name":"14th Street","restriction_type":"mapped_road_corridor","osm_highway":"residential","modeled_width_m":10.0,"context_scope":"candidate-site road check"},"geometry":{"type":"Polygon","coordinates":[[[-122.42235522974197,37.76818233958273],[-122.42222659709137,37.76818993560735],[-122.42209309051782,37.7681981421575],[-122.42202509816627,37.76820195293795],[-122.42201710183818,37.7681120470616],[-122.42208470948694,37.76810825784206],[-122.42221800291347,37.76810006439217],[-122.42234677941781,37.76809245987383],[-122.42269577005246,37.76807176042745],[-122.42270422995232,37.768161639572085],[-122.42235522974197,37.76818233958273]]]}},{"type":"Feature","id":"osm-land-road-706543957","properties":{"source":"© OpenStreetMap contributors; OSM way/706543957 (ODbL), snapshot 2026-07-15T15:22:01Z","osm_type":"way","osm_id":706543957,"osm_url":"https://www.openstreetmap.org/way/706543957","source_timestamp":"2026-07-15T15:22:01Z","scenario_only":false,"layer":"restricted","name":"14th Street","restriction_type":"mapped_road_corridor","osm_highway":"residential","modeled_width_m":10.0,"context_scope":"candidate-site road check"},"geometry":{"type":"Polygon","coordinates":[[[-122.42138833167009,37.76823973946326],[-122.42121432609622,37.76825003979303],[-122.42080133583457,37.76827453921316],[-122.42037424097319,37.76829993890533],[-122.4202182112393,37.76830914066671],[-122.42014056669481,37.7683137314749],[-122.42000971662797,37.768322021974534],[-122.42000068337715,37.76823217802498],[-122.42013183331011,37.76822386852464],[-122.42020978333592,37.76821925965386],[-122.42036577654949,37.76821006005248],[-122.42079285877419,37.7681846611073],[-122.4212058693347,37.768160160477855],[-122.42137987336932,37.76814986023753],[-122.42201686795073,37.76811206055572],[-122.42202533205405,37.76820193944383],[-122.42138833167009,37.76823973946326]]]}},{"type":"Feature","id":"osm-land-road-706545263","properties":{"source":"© OpenStreetMap contributors; OSM way/706545263 (ODbL), snapshot 2026-07-15T15:22:01Z","osm_type":"way","osm_id":706545263,"osm_url":"https://www.openstreetmap.org/way/706545263","source_timestamp":"2026-07-15T15:22:01Z","scenario_only":false,"layer":"restricted","name":"14th Street","restriction_type":"mapped_road_corridor","osm_highway":"residential","modeled_width_m":10.0,"context_scope":"candidate-site road check"},"geometry":{"type":"Polygon","coordinates":[[[-122.422704225544,37.76816163983341],[-122.4226957744608,37.76807176016612],[-122.423065374238,37.76804986017739],[-122.42307382576676,37.76813973982216],[-122.422704225544,37.76816163983341]]]}},{"type":"Feature","id":"osm-land-road-740781521","properties":{"source":"© OpenStreetMap contributors; OSM way/740781521 (ODbL), snapshot 2026-07-15T15:22:01Z","osm_type":"way","osm_id":740781521,"osm_url":"https://www.openstreetmap.org/way/740781521","source_timestamp":"2026-07-15T15:22:01Z","scenario_only":false,"layer":"restricted","name":"Mapped transport corridor","restriction_type":"mapped_road_corridor","osm_highway":"footway","modeled_width_m":3.0,"context_scope":"candidate-site road check"},"geometry":{"type":"Polygon","coordinates":[[[-122.43331962151757,37.76924528913311],[-122.43338077034943,37.769251614874456],[-122.43347842161985,37.769245818671415],[-122.43350502416332,37.769244218518374],[-122.43370467304263,37.7692324156284],[-122.43371727384529,37.769231715583786],[-122.43382826445456,37.76922516224659],[-122.43386974194345,37.76924005416572],[-122.4346281903224,37.76919362056451],[-122.43475226043769,37.7691860429912],[-122.43479495797153,37.76918849284899],[-122.43483618451515,37.76921216551243],[-122.43484701654397,37.76921293423679],[-122.43484398345545,37.769239865763126],[-122.43482381548264,37.769238434487235],[-122.43478284202628,37.769214907150655],[-122.43475233956228,37.76921315700876],[-122.43463080808779,37.76922057953281],[-122.43386365805539,37.76926754583416],[-122.43382213554429,37.76925263775329],[-122.43371972615513,37.76925868441617],[-122.43370712695784,37.76925938437156],[-122.43350757583713,37.76927118148158],[-122.4334809868202,37.7692727808209],[-122.43337982965035,37.7692787851255],[-122.43331337848132,37.76927191086678],[-122.4332409763031,37.76925793674014],[-122.43324902369545,37.76923166325967],[-122.43331962151757,37.76924528913311]]]}},{"type":"Feature","id":"osm-land-road-772926388","properties":{"source":"© OpenStreetMap contributors; OSM way/772926388 (ODbL), snapshot 2026-07-15T15:22:01Z","osm_type":"way","osm_id":772926388,"osm_url":"https://www.openstreetmap.org/way/772926388","source_timestamp":"2026-07-15T15:22:01Z","scenario_only":false,"layer":"restricted","name":"Mission Street","restriction_type":"mapped_road_corridor","osm_highway":"secondary","modeled_width_m":16.0,"context_scope":"candidate-site road check"},"geometry":{"type":"Polygon","coordinates":[[[-122.41971645194987,37.7644002008518],[-122.41953534803737,37.76441139907849],[-122.41947764875124,37.763823299040595],[-122.41965875123604,37.76381210088971],[-122.41971645194987,37.7644002008518]]]}},{"type":"Feature","id":"osm-land-road-776651706","properties":{"source":"© OpenStreetMap contributors; OSM way/776651706 (ODbL), snapshot 2026-07-15T15:22:01Z","osm_type":"way","osm_id":776651706,"osm_url":"https://www.openstreetmap.org/way/776651706","source_timestamp":"2026-07-15T15:22:01Z","scenario_only":false,"layer":"restricted","name":"Guerrero Street","restriction_type":"mapped_road_corridor","osm_highway":"secondary","modeled_width_m":16.0,"context_scope":"candidate-site road check"},"geometry":{"type":"Polygon","coordinates":[[[-122.42439550847389,37.76824433187765],[-122.4245766915142,37.76823386805261],[-122.42459359173834,37.76841826804161],[-122.4244124082498,37.76842873188863],[-122.42439550847389,37.76824433187765]]]}},{"type":"Feature","id":"osm-land-road-776651707","properties":{"source":"© OpenStreetMap contributors; OSM way/776651707 (ODbL), snapshot 2026-07-15T15:22:01Z","osm_type":"way","osm_id":776651707,"osm_url":"https://www.openstreetmap.org/way/776651707","source_timestamp":"2026-07-15T15:22:01Z","scenario_only":false,"layer":"restricted","name":"Guerrero Street","restriction_type":"mapped_road_corridor","osm_highway":"secondary","modeled_width_m":16.0,"context_scope":"candidate-site road check"},"geometry":{"type":"Polygon","coordinates":[[[-122.42452323822232,37.76863650740461],[-122.42457365260655,37.76915134788567],[-122.42457904624173,37.76920518369966],[-122.4243979537452,37.769216616230636],[-122.42439254738056,37.76916265204462],[-122.42434216176444,37.768648092525716],[-122.42431948353926,37.76843239712304],[-122.42450051644703,37.76842040280732],[-122.42452323822232,37.76863650740461]]]}},{"type":"Feature","id":"osm-land-road-776651708","properties":{"source":"© OpenStreetMap contributors; OSM way/776651708 (ODbL), snapshot 2026-07-15T15:22:01Z","osm_type":"way","osm_id":776651708,"osm_url":"https://www.openstreetmap.org/way/776651708","source_timestamp":"2026-07-15T15:22:01Z","scenario_only":false,"layer":"restricted","name":"Guerrero Street","restriction_type":"mapped_road_corridor","osm_highway":"secondary","modeled_width_m":16.0,"context_scope":"candidate-site road check"},"geometry":{"type":"Polygon","coordinates":[[[-122.4244648436975,37.76809124887487],[-122.42448272666569,37.768241204522184],[-122.42430187331864,37.768254795408275],[-122.42428395628721,37.76810455105557],[-122.42427473990323,37.76802380665534],[-122.42445566008183,37.768010793275074],[-122.4244648436975,37.76809124887487]]]}},{"type":"Feature","id":"osm-land-road-776651711","properties":{"source":"© OpenStreetMap contributors; OSM way/776651711 (ODbL), snapshot 2026-07-15T15:22:01Z","osm_type":"way","osm_id":776651711,"osm_url":"https://www.openstreetmap.org/way/776651711","source_timestamp":"2026-07-15T15:22:01Z","scenario_only":false,"layer":"restricted","name":"14th Street","restriction_type":"mapped_road_corridor","osm_highway":"residential","modeled_width_m":10.0,"context_scope":"candidate-site road check"},"geometry":{"type":"Polygon","coordinates":[[[-122.42446868798642,37.76805583035865],[-122.42436969544873,37.76806222341795],[-122.42431112964924,37.7680658274669],[-122.4238886713947,37.76809232484626],[-122.42387972861036,37.76800247515328],[-122.42430227035578,37.76797597253265],[-122.42436070455635,37.767972376581575],[-122.42445991201855,37.76796596964086],[-122.42457122733707,37.76795945704302],[-122.42457957266762,37.768049342956544],[-122.42446868798642,37.76805583035865]]]}},{"type":"Feature","id":"osm-land-road-776856241","properties":{"source":"© OpenStreetMap contributors; OSM way/776856241 (ODbL), snapshot 2026-07-15T15:22:01Z","osm_type":"way","osm_id":776856241,"osm_url":"https://www.openstreetmap.org/way/776856241","source_timestamp":"2026-07-15T15:22:01Z","scenario_only":false,"layer":"restricted","name":"Steiner Street","restriction_type":"mapped_road_corridor","osm_highway":"residential","modeled_width_m":10.0,"context_scope":"candidate-site road check"},"geometry":{"type":"Polygon","coordinates":[[[-122.43184800668038,37.770903348419715],[-122.43177063506417,37.77051368626309],[-122.43167614956393,37.77004735608572],[-122.4317882504256,37.77003304388752],[-122.43188276492545,37.770499513710135],[-122.43195999330874,37.770888451553574],[-122.43197669703328,37.770963120927306],[-122.43186490295521,37.77097887904609],[-122.43184800668038,37.770903348419715]]]}},{"type":"Feature","id":"osm-land-road-776881504","properties":{"source":"© OpenStreetMap contributors; OSM way/776881504 (ODbL), snapshot 2026-07-15T15:22:01Z","osm_type":"way","osm_id":776881504,"osm_url":"https://www.openstreetmap.org/way/776881504","source_timestamp":"2026-07-15T15:22:01Z","scenario_only":false,"layer":"restricted","name":"Guerrero Street","restriction_type":"mapped_road_corridor","osm_highway":"secondary","modeled_width_m":16.0,"context_scope":"candidate-site road check"},"geometry":{"type":"Polygon","coordinates":[[[-122.42462343961398,37.769648512108475],[-122.42463273207483,37.769738937669864],[-122.42445166791178,37.769750662260456],[-122.42444236037282,37.76966008782183],[-122.42439795345648,37.76921661334786],[-122.42457904653048,37.769205186582425],[-122.42462343961398,37.769648512108475]]]}},{"type":"Feature","id":"osm-land-road-776881505","properties":{"source":"© OpenStreetMap contributors; OSM way/776881505 (ODbL), snapshot 2026-07-15T15:22:01Z","osm_type":"way","osm_id":776881505,"osm_url":"https://www.openstreetmap.org/way/776881505","source_timestamp":"2026-07-15T15:22:01Z","scenario_only":false,"layer":"restricted","name":"Guerrero Street","restriction_type":"mapped_road_corridor","osm_highway":"secondary","modeled_width_m":16.0,"context_scope":"candidate-site road check"},"geometry":{"type":"Polygon","coordinates":[[[-122.4244766627429,37.7691282344215],[-122.42441240933884,37.76842874375787],[-122.4245935906493,37.76841825617236],[-122.42465773724378,37.7691165655088],[-122.42467037091197,37.76922867566558],[-122.42448942907322,37.769241524264835],[-122.4244766627429,37.7691282344215]]]}},{"type":"Feature","id":"osm-land-road-776881507","properties":{"source":"© OpenStreetMap contributors; OSM way/776881507 (ODbL), snapshot 2026-07-15T15:22:01Z","osm_type":"way","osm_id":776881507,"osm_url":"https://www.openstreetmap.org/way/776881507","source_timestamp":"2026-07-15T15:22:01Z","scenario_only":false,"layer":"restricted","name":"Duboce Avenue","restriction_type":"mapped_road_corridor","osm_highway":"secondary","modeled_width_m":16.0,"context_scope":"candidate-site road check"},"geometry":{"type":"Polygon","coordinates":[[[-122.42507154027003,37.76964100215848],[-122.42537540159472,37.769622898485636],[-122.42538899841753,37.76976670151321],[-122.42508522893085,37.76978479969277],[-122.42503535969425,37.769787797842845],[-122.42502164031812,37.76964400215599],[-122.42507154027003,37.76964100215848]]]}},{"type":"Feature","id":"osm-land-road-805238663","properties":{"source":"© OpenStreetMap contributors; OSM way/805238663 (ODbL), snapshot 2026-07-15T15:22:01Z","osm_type":"way","osm_id":805238663,"osm_url":"https://www.openstreetmap.org/way/805238663","source_timestamp":"2026-07-15T15:22:01Z","scenario_only":false,"layer":"restricted","name":"Mapped transport corridor","restriction_type":"mapped_road_corridor","osm_highway":"service","modeled_width_m":7.0,"context_scope":"candidate-site road check"},"geometry":{"type":"Polygon","coordinates":[[[-122.43070085660048,37.764055265032034],[-122.43019836338398,37.76408050878623],[-122.43017694979243,37.76390544895655],[-122.43025605020448,37.76389935103013],[-122.43027003658372,37.764013691202415],[-122.43069514340176,37.76399233496775],[-122.43074619686661,37.76398905721585],[-122.43075260313593,37.76405194278391],[-122.43070085660048,37.764055265032034]]]}},{"type":"Feature","id":"osm-land-road-808817878","properties":{"source":"© OpenStreetMap contributors; OSM way/808817878 (ODbL), snapshot 2026-07-15T15:22:01Z","osm_type":"way","osm_id":808817878,"osm_url":"https://www.openstreetmap.org/way/808817878","source_timestamp":"2026-07-15T15:22:01Z","scenario_only":false,"layer":"restricted","name":"Mapped transport corridor","restriction_type":"mapped_road_corridor","osm_highway":"secondary_link","modeled_width_m":8.0,"context_scope":"candidate-site road check"},"geometry":{"type":"Polygon","coordinates":[[[-122.42594384375597,37.7606828761045],[-122.42593795624664,37.76061092389522],[-122.42608725617457,37.76060322389832],[-122.42609314382808,37.76067517610141],[-122.42594384375597,37.7606828761045]]]}},{"type":"Feature","id":"osm-land-road-814612578","properties":{"source":"© OpenStreetMap contributors; OSM way/814612578 (ODbL), snapshot 2026-07-15T15:22:01Z","osm_type":"way","osm_id":814612578,"osm_url":"https://www.openstreetmap.org/way/814612578","source_timestamp":"2026-07-15T15:22:01Z","scenario_only":false,"layer":"restricted","name":"20th Street","restriction_type":"mapped_road_corridor","osm_highway":"residential","modeled_width_m":10.0,"context_scope":"candidate-site road check"},"geometry":{"type":"Polygon","coordinates":[[[-122.42128034640041,37.75845865590531],[-122.42128865360424,37.75854854409422],[-122.42123715357323,37.758551544095766],[-122.42122884643146,37.75846165590379],[-122.42128034640041,37.75845865590531]]]}},{"type":"Feature","id":"osm-land-road-860681543","properties":{"source":"© OpenStreetMap contributors; OSM way/860681543 (ODbL), snapshot 2026-07-15T15:22:01Z","osm_type":"way","osm_id":860681543,"osm_url":"https://www.openstreetmap.org/way/860681543","source_timestamp":"2026-07-15T15:22:01Z","scenario_only":false,"layer":"restricted","name":"Mapped transport corridor","restriction_type":"mapped_road_corridor","osm_highway":"footway","modeled_width_m":3.0,"context_scope":"candidate-site road check"},"geometry":{"type":"Polygon","coordinates":[[[-122.42368602614076,37.75916008433858],[-122.42368032603743,37.75910378319149],[-122.42371427396212,37.75910161680606],[-122.42371997391693,37.75915791623275],[-122.4237274738756,37.75923191565803],[-122.42369352612394,37.75923408433952],[-122.42368602614076,37.75916008433858]]]}},{"type":"Feature","id":"osm-land-road-860681668","properties":{"source":"© OpenStreetMap contributors; OSM way/860681668 (ODbL), snapshot 2026-07-15T15:22:01Z","osm_type":"way","osm_id":860681668,"osm_url":"https://www.openstreetmap.org/way/860681668","source_timestamp":"2026-07-15T15:22:01Z","scenario_only":false,"layer":"restricted","name":"Mapped transport corridor","restriction_type":"mapped_road_corridor","osm_highway":"footway","modeled_width_m":3.0,"context_scope":"candidate-site road check"},"geometry":{"type":"Polygon","coordinates":[[[-122.42287654946055,37.75998767092209],[-122.42284190178792,37.759989779910825],[-122.42283929821255,37.759962820089136],[-122.42287365053994,37.75996072907786],[-122.42294170308045,37.75995564010475],[-122.42294489692006,37.75998255989521],[-122.42287654946055,37.75998767092209]]]}},{"type":"Feature","id":"osm-land-road-860681848","properties":{"source":"© OpenStreetMap contributors; OSM way/860681848 (ODbL), snapshot 2026-07-15T15:22:01Z","osm_type":"way","osm_id":860681848,"osm_url":"https://www.openstreetmap.org/way/860681848","source_timestamp":"2026-07-15T15:22:01Z","scenario_only":false,"layer":"restricted","name":"Mapped transport corridor","restriction_type":"mapped_road_corridor","osm_highway":"footway","modeled_width_m":3.0,"context_scope":"candidate-site road check"},"geometry":{"type":"Polygon","coordinates":[[[-122.42294485234665,37.7599825631815],[-122.42294174765388,37.759955636818454],[-122.42353064754786,37.759912836825244],[-122.4235337524527,37.759939763174714],[-122.42294485234665,37.7599825631815]]]}},{"type":"Feature","id":"osm-land-road-860681928","properties":{"source":"© OpenStreetMap contributors; OSM way/860681928 (ODbL), snapshot 2026-07-15T15:22:01Z","osm_type":"way","osm_id":860681928,"osm_url":"https://www.openstreetmap.org/way/860681928","source_timestamp":"2026-07-15T15:22:01Z","scenario_only":false,"layer":"restricted","name":"Mapped transport corridor","restriction_type":"mapped_road_corridor","osm_highway":"footway","modeled_width_m":3.0,"context_scope":"candidate-site road check"},"geometry":{"type":"Polygon","coordinates":[[[-122.42379187983012,37.75990407449831],[-122.42375792016945,37.759906125499235],[-122.42369352032243,37.759234025491324],[-122.42372747967713,37.75923197450622],[-122.42379187983012,37.75990407449831]]]}},{"type":"Feature","id":"osm-land-road-860683389","properties":{"source":"© OpenStreetMap contributors; OSM way/860683389 (ODbL), snapshot 2026-07-15T15:22:01Z","osm_type":"way","osm_id":860683389,"osm_url":"https://www.openstreetmap.org/way/860683389","source_timestamp":"2026-07-15T15:22:01Z","scenario_only":false,"layer":"restricted","name":"Mapped transport corridor","restriction_type":"mapped_road_corridor","osm_highway":"footway","modeled_width_m":3.0,"context_scope":"candidate-site road check"},"geometry":{"type":"Polygon","coordinates":[[[-122.42574790312865,37.75976262608499],[-122.42575069687183,37.75978957391497],[-122.42377629651551,37.75991857393517],[-122.423773503485,37.75989162606479],[-122.42574790312865,37.75976262608499]]]}},{"type":"Feature","id":"osm-land-road-860683574","properties":{"source":"© OpenStreetMap contributors; OSM way/860683574 (ODbL), snapshot 2026-07-15T15:22:01Z","osm_type":"way","osm_id":860683574,"osm_url":"https://www.openstreetmap.org/way/860683574","source_timestamp":"2026-07-15T15:22:01Z","scenario_only":false,"layer":"restricted","name":"Mapped transport corridor","restriction_type":"mapped_road_corridor","osm_highway":"footway","modeled_width_m":3.0,"context_scope":"candidate-site road check"},"geometry":{"type":"Polygon","coordinates":[[[-122.42576078722786,37.7598965339751],[-122.42576381277267,37.75992346602487],[-122.42498561263245,37.75997856603358],[-122.42498258736806,37.75995163396638],[-122.42576078722786,37.7598965339751]]]}},{"type":"Feature","id":"osm-land-road-860684364","properties":{"source":"© OpenStreetMap contributors; OSM way/860684364 (ODbL), snapshot 2026-07-15T15:22:01Z","osm_type":"way","osm_id":860684364,"osm_url":"https://www.openstreetmap.org/way/860684364","source_timestamp":"2026-07-15T15:22:01Z","scenario_only":false,"layer":"restricted","name":"Mapped transport corridor","restriction_type":"mapped_road_corridor","osm_highway":"footway","modeled_width_m":3.0,"context_scope":"candidate-site road check"},"geometry":{"type":"Polygon","coordinates":[[[-122.42354747322476,37.75846367544567],[-122.42345435976235,37.75846967631312],[-122.42340494176628,37.75847277744236],[-122.42340225823418,37.7584458225576],[-122.42345164023813,37.758442723686834],[-122.42354472223914,37.75843672484666],[-122.4236228312961,37.75843172426476],[-122.42362556870442,37.75845867573517],[-122.42354747322476,37.75846367544567]]]}},{"type":"Feature","id":"osm-land-road-860684488","properties":{"source":"© OpenStreetMap contributors; OSM way/860684488 (ODbL), snapshot 2026-07-15T15:22:01Z","osm_type":"way","osm_id":860684488,"osm_url":"https://www.openstreetmap.org/way/860684488","source_timestamp":"2026-07-15T15:22:01Z","scenario_only":false,"layer":"restricted","name":"Mapped transport corridor","restriction_type":"mapped_road_corridor","osm_highway":"footway","modeled_width_m":3.0,"context_scope":"candidate-site road check"},"geometry":{"type":"Polygon","coordinates":[[[-122.42337536316009,37.75837760202336],[-122.4233687569479,37.75832545289076],[-122.42340264305153,37.75832274710679],[-122.42340923683933,37.75837479797419],[-122.42342053018216,37.75845784887824],[-122.4233866698172,37.75846075111931],[-122.42337536316009,37.75837760202336]]]}},{"type":"Feature","id":"osm-land-road-860684513","properties":{"source":"© OpenStreetMap contributors; OSM way/860684513 (ODbL), snapshot 2026-07-15T15:22:01Z","osm_type":"way","osm_id":860684513,"osm_url":"https://www.openstreetmap.org/way/860684513","source_timestamp":"2026-07-15T15:22:01Z","scenario_only":false,"layer":"restricted","name":"Mapped transport corridor","restriction_type":"mapped_road_corridor","osm_highway":"footway","modeled_width_m":3.0,"context_scope":"candidate-site road check"},"geometry":{"type":"Polygon","coordinates":[[[-122.42343787587684,37.7583070278822],[-122.42353168666018,37.75830082716931],[-122.42362088622019,37.758294927198264],[-122.4236237137803,37.75832187280168],[-122.42353451376418,37.75832777280262],[-122.42344072412364,37.758333972117754],[-122.42338713543033,37.75833757135827],[-122.42338426457019,37.758310628641695],[-122.42343787587684,37.7583070278822]]]}},{"type":"Feature","id":"osm-land-road-860684576","properties":{"source":"© OpenStreetMap contributors; OSM way/860684576 (ODbL), snapshot 2026-07-15T15:22:01Z","osm_type":"way","osm_id":860684576,"osm_url":"https://www.openstreetmap.org/way/860684576","source_timestamp":"2026-07-15T15:22:01Z","scenario_only":false,"layer":"restricted","name":"Mapped transport corridor","restriction_type":"mapped_road_corridor","osm_highway":"footway","modeled_width_m":3.0,"context_scope":"candidate-site road check"},"geometry":{"type":"Polygon","coordinates":[[[-122.42363982769591,37.75836205960625],[-122.42364122702946,37.75844501896763],[-122.42360717297053,37.758445381029894],[-122.42360577230407,37.75836234039128],[-122.42360527193873,37.758308499750065],[-122.4236393280613,37.758308300247464],[-122.42363982769591,37.75836205960625]]]}},{"type":"Feature","id":"osm-land-road-860685071","properties":{"source":"© OpenStreetMap contributors; OSM way/860685071 (ODbL), snapshot 2026-07-15T15:22:01Z","osm_type":"way","osm_id":860685071,"osm_url":"https://www.openstreetmap.org/way/860685071","source_timestamp":"2026-07-15T15:22:01Z","scenario_only":false,"layer":"restricted","name":"Mapped transport corridor","restriction_type":"mapped_road_corridor","osm_highway":"footway","modeled_width_m":3.0,"context_scope":"candidate-site road check"},"geometry":{"type":"Polygon","coordinates":[[[-122.42356797485309,37.759923623776366],[-122.42353402514648,37.75992577622118],[-122.42338662547976,37.75846037620294],[-122.42342057451978,37.7584582237946],[-122.42356797485309,37.759923623776366]]]}},{"type":"Feature","id":"osm-land-road-860685259","properties":{"source":"© OpenStreetMap contributors; OSM way/860685259 (ODbL), snapshot 2026-07-15T15:22:01Z","osm_type":"way","osm_id":860685259,"osm_url":"https://www.openstreetmap.org/way/860685259","source_timestamp":"2026-07-15T15:22:01Z","scenario_only":false,"layer":"restricted","name":"Mapped transport corridor","restriction_type":"mapped_road_corridor","osm_highway":"footway","modeled_width_m":3.0,"context_scope":"candidate-site road check"},"geometry":{"type":"Polygon","coordinates":[[[-122.42360723739426,37.75844638870531],[-122.42364116260526,37.75844401129223],[-122.4237142627545,37.75910151128307],[-122.42368033724499,37.759103888714485],[-122.42360723739426,37.75844638870531]]]}},{"type":"Feature","id":"osm-land-road-895163715","properties":{"source":"© OpenStreetMap contributors; OSM way/895163715 (ODbL), snapshot 2026-07-15T15:22:01Z","osm_type":"way","osm_id":895163715,"osm_url":"https://www.openstreetmap.org/way/895163715","source_timestamp":"2026-07-15T15:22:01Z","scenario_only":false,"layer":"restricted","name":"20th Street","restriction_type":"mapped_road_corridor","osm_highway":"residential","modeled_width_m":10.0,"context_scope":"candidate-site road check"},"geometry":{"type":"Polygon","coordinates":[[[-122.42055989655098,37.75850226479087],[-122.4211703677525,37.75846516653767],[-122.42122872005615,37.758461663378036],[-122.42123727994871,37.75855153662151],[-122.42117900608292,37.75855503505226],[-122.4205685034539,37.75859213520869],[-122.4205117749862,37.758595536915436],[-122.42050322501862,37.7585056630841],[-122.42055989655098,37.75850226479087]]]}},{"type":"Feature","id":"osm-land-road-901460089","properties":{"source":"© OpenStreetMap contributors; OSM way/901460089 (ODbL), snapshot 2026-07-15T15:22:01Z","osm_type":"way","osm_id":901460089,"osm_url":"https://www.openstreetmap.org/way/901460089","source_timestamp":"2026-07-15T15:22:01Z","scenario_only":false,"layer":"restricted","name":"Mapped transport corridor","restriction_type":"mapped_road_corridor","osm_highway":"footway","modeled_width_m":3.0,"context_scope":"candidate-site road check"},"geometry":{"type":"Polygon","coordinates":[[[-122.43183282928321,37.76995682432681],[-122.43179917071588,37.76996097567076],[-122.43169277083652,37.76941737565674],[-122.43172642916262,37.76941322434085],[-122.43183282928321,37.76995682432681]]]}},{"type":"Feature","id":"osm-land-road-901460090","properties":{"source":"© OpenStreetMap contributors; OSM way/901460090 (ODbL), snapshot 2026-07-15T15:22:01Z","osm_type":"way","osm_id":901460090,"osm_url":"https://www.openstreetmap.org/way/901460090","source_timestamp":"2026-07-15T15:22:01Z","scenario_only":false,"layer":"restricted","name":"Mapped transport corridor","restriction_type":"mapped_road_corridor","osm_highway":"footway","modeled_width_m":3.0,"context_scope":"candidate-site road check"},"geometry":{"type":"Polygon","coordinates":[[[-122.4317984492518,37.76997449022833],[-122.431793750749,37.76994770977161],[-122.4318136507455,37.769945509771965],[-122.43181834925531,37.769972290227955],[-122.4317984492518,37.76997449022833]]]}},{"type":"Feature","id":"osm-land-road-901460091","properties":{"source":"© OpenStreetMap contributors; OSM way/901460091 (ODbL), snapshot 2026-07-15T15:22:01Z","osm_type":"way","osm_id":901460091,"osm_url":"https://www.openstreetmap.org/way/901460091","source_timestamp":"2026-07-15T15:22:01Z","scenario_only":false,"layer":"restricted","name":"Mapped transport corridor","restriction_type":"mapped_road_corridor","osm_highway":"footway","modeled_width_m":3.0,"context_scope":"candidate-site road check"},"geometry":{"type":"Polygon","coordinates":[[[-122.43171945963645,37.769983577739225],[-122.43165947649346,37.76999057577248],[-122.4316545235074,37.769963824227446],[-122.43171454036441,37.769956822260724],[-122.4317936572215,37.769947720321305],[-122.43179854277932,37.76997447967863],[-122.43171945963645,37.769983577739225]]]}},{"type":"Feature","id":"osm-land-road-901460092","properties":{"source":"© OpenStreetMap contributors; OSM way/901460092 (ODbL), snapshot 2026-07-15T15:22:01Z","osm_type":"way","osm_id":901460092,"osm_url":"https://www.openstreetmap.org/way/901460092","source_timestamp":"2026-07-15T15:22:01Z","scenario_only":false,"layer":"restricted","name":"Mapped transport corridor","restriction_type":"mapped_road_corridor","osm_highway":"footway","modeled_width_m":3.0,"context_scope":"candidate-site road check"},"geometry":{"type":"Polygon","coordinates":[[[-122.43162128135026,37.77005402939507],[-122.43161027869162,37.769998916058235],[-122.43164392130745,37.76999468393939],[-122.43165491998843,37.77004977726974],[-122.43166791866314,37.7701144706008],[-122.43163428133593,37.7701187293968],[-122.43162128135026,37.77005402939507]]]}},{"type":"Feature","id":"osm-land-road-902063015","properties":{"source":"© OpenStreetMap contributors; OSM way/902063015 (ODbL), snapshot 2026-07-15T15:22:01Z","osm_type":"way","osm_id":902063015,"osm_url":"https://www.openstreetmap.org/way/902063015","source_timestamp":"2026-07-15T15:22:01Z","scenario_only":false,"layer":"restricted","name":"Mapped transport corridor","restriction_type":"mapped_road_corridor","osm_highway":"footway","modeled_width_m":3.0,"context_scope":"candidate-site road check"},"geometry":{"type":"Polygon","coordinates":[[[-122.43168084322427,37.76938957600535],[-122.43171315677391,37.76938102399242],[-122.43172575677976,37.76941102399076],[-122.43169344321844,37.769419576007],[-122.43168084322427,37.76938957600535]]]}},{"type":"Feature","id":"osm-land-road-902063016","properties":{"source":"© OpenStreetMap contributors; OSM way/902063016 (ODbL), snapshot 2026-07-15T15:22:01Z","osm_type":"way","osm_id":902063016,"osm_url":"https://www.openstreetmap.org/way/902063016","source_timestamp":"2026-07-15T15:22:01Z","scenario_only":false,"layer":"restricted","name":"Mapped transport corridor","restriction_type":"mapped_road_corridor","osm_highway":"footway","modeled_width_m":3.0,"context_scope":"candidate-site road check"},"geometry":{"type":"Polygon","coordinates":[[[-122.43166861847769,37.769430010546415],[-122.43166738152252,37.76940298945356],[-122.43170898151497,37.7694017894537],[-122.43171021848526,37.769428810546266],[-122.43166861847769,37.769430010546415]]]}},{"type":"Feature","id":"osm-land-road-902063017","properties":{"source":"© OpenStreetMap contributors; OSM way/902063017 (ODbL), snapshot 2026-07-15T15:22:01Z","osm_type":"way","osm_id":902063017,"osm_url":"https://www.openstreetmap.org/way/902063017","source_timestamp":"2026-07-15T15:22:01Z","scenario_only":false,"layer":"restricted","name":"Mapped transport corridor","restriction_type":"mapped_road_corridor","osm_highway":"footway","modeled_width_m":3.0,"context_scope":"candidate-site road check"},"geometry":{"type":"Polygon","coordinates":[[[-122.43160911954725,37.76922834127816],[-122.4316430804523,37.76922625871937],[-122.4316459804591,37.769256058719016],[-122.43161201954047,37.76925814127853],[-122.43160911954725,37.76922834127816]]]}},{"type":"Feature","id":"osm-land-road-902063018","properties":{"source":"© OpenStreetMap contributors; OSM way/902063018 (ODbL), snapshot 2026-07-15T15:22:01Z","osm_type":"way","osm_id":902063018,"osm_url":"https://www.openstreetmap.org/way/902063018","source_timestamp":"2026-07-15T15:22:01Z","scenario_only":false,"layer":"restricted","name":"Mapped transport corridor","restriction_type":"mapped_road_corridor","osm_highway":"footway","modeled_width_m":3.0,"context_scope":"candidate-site road check"},"geometry":{"type":"Polygon","coordinates":[[[-122.43127572857759,37.76925343029571],[-122.43130967142191,37.76925116970182],[-122.43131097142471,37.76926346970167],[-122.4312770285748,37.76926573029589],[-122.43127572857759,37.76925343029571]]]}},{"type":"Feature","id":"osm-land-road-902063019","properties":{"source":"© OpenStreetMap contributors; OSM way/902063019 (ODbL), snapshot 2026-07-15T15:22:01Z","osm_type":"way","osm_id":902063019,"osm_url":"https://www.openstreetmap.org/way/902063019","source_timestamp":"2026-07-15T15:22:01Z","scenario_only":false,"layer":"restricted","name":"Mapped transport corridor","restriction_type":"mapped_road_corridor","osm_highway":"footway","modeled_width_m":3.0,"context_scope":"candidate-site road check"},"geometry":{"type":"Polygon","coordinates":[[[-122.43130134300162,37.76923116399355],[-122.43132065700122,37.76925343600566],[-122.43130235699975,37.769263436007115],[-122.4312830430031,37.76924116399206],[-122.43130134300162,37.76923116399355]]]}},{"type":"Feature","id":"osm-land-road-902063020","properties":{"source":"© OpenStreetMap contributors; OSM way/902063020 (ODbL), snapshot 2026-07-15T15:22:01Z","osm_type":"way","osm_id":902063020,"osm_url":"https://www.openstreetmap.org/way/902063020","source_timestamp":"2026-07-15T15:22:01Z","scenario_only":false,"layer":"restricted","name":"Mapped transport corridor","restriction_type":"mapped_road_corridor","osm_highway":"footway","modeled_width_m":3.0,"context_scope":"candidate-site road check"},"geometry":{"type":"Polygon","coordinates":[[[-122.43109330485794,37.767702348651895],[-122.43108726173142,37.76769970274217],[-122.43018723687895,37.7677573289911],[-122.43017200207392,37.76775711739662],[-122.43017259792597,37.767730082603364],[-122.4301861631212,37.76773027100885],[-122.43109473826719,37.76767209725766],[-122.43112569513848,37.76768565134585],[-122.43129406937463,37.769251950494244],[-122.43126013062488,37.76925424950331],[-122.43109330485794,37.767702348651895]]]}},{"type":"Feature","id":"osm-land-road-902063021","properties":{"source":"© OpenStreetMap contributors; OSM way/902063021 (ODbL), snapshot 2026-07-15T15:22:01Z","osm_type":"way","osm_id":902063021,"osm_url":"https://www.openstreetmap.org/way/902063021","source_timestamp":"2026-07-15T15:22:01Z","scenario_only":false,"layer":"restricted","name":"Mapped transport corridor","restriction_type":"mapped_road_corridor","osm_highway":"footway","modeled_width_m":3.0,"context_scope":"candidate-site road check"},"geometry":{"type":"Polygon","coordinates":[[[-122.43143104788707,37.7694135004325],[-122.43146495211234,37.76941089956507],[-122.43146635211497,37.76942239956489],[-122.43143244788449,37.769425000432676],[-122.43143104788707,37.7694135004325]]]}},{"type":"Feature","id":"osm-land-road-902063022","properties":{"source":"© OpenStreetMap contributors; OSM way/902063022 (ODbL), snapshot 2026-07-15T15:22:01Z","osm_type":"way","osm_id":902063022,"osm_url":"https://www.openstreetmap.org/way/902063022","source_timestamp":"2026-07-15T15:22:01Z","scenario_only":false,"layer":"restricted","name":"Mapped transport corridor","restriction_type":"mapped_road_corridor","osm_highway":"footway","modeled_width_m":3.0,"context_scope":"candidate-site road check"},"geometry":{"type":"Polygon","coordinates":[[[-122.43130785289145,37.76768358031201],[-122.43130559793089,37.76767101568163],[-122.43134032646851,37.767667088046586],[-122.43149877639506,37.769233417821624],[-122.43146482360449,37.76923558217592],[-122.4313078239576,37.76768358215643],[-122.43130785289145,37.76768358031201]]]}},{"type":"Feature","id":"osm-land-road-902063023","properties":{"source":"© OpenStreetMap contributors; OSM way/902063023 (ODbL), snapshot 2026-07-15T15:22:01Z","osm_type":"way","osm_id":902063023,"osm_url":"https://www.openstreetmap.org/way/902063023","source_timestamp":"2026-07-15T15:22:01Z","scenario_only":false,"layer":"restricted","name":"Mapped transport corridor","restriction_type":"mapped_road_corridor","osm_highway":"footway","modeled_width_m":3.0,"context_scope":"candidate-site road check"},"geometry":{"type":"Polygon","coordinates":[[[-122.43164736206299,37.769992214317575],[-122.43164385292646,37.76999417943433],[-122.43164400284405,37.76999514318879],[-122.43161019715525,37.76999845680879],[-122.43160754707667,37.76998142056291],[-122.43163403793928,37.76996658568202],[-122.43165414518168,37.76996387182142],[-122.43165985481933,37.76999052817848],[-122.43164736206299,37.769992214317575]]]}},{"type":"Feature","id":"osm-land-road-902063024","properties":{"source":"© OpenStreetMap contributors; OSM way/902063024 (ODbL), snapshot 2026-07-15T15:22:01Z","osm_type":"way","osm_id":902063024,"osm_url":"https://www.openstreetmap.org/way/902063024","source_timestamp":"2026-07-15T15:22:01Z","scenario_only":false,"layer":"restricted","name":"Mapped transport corridor","restriction_type":"mapped_road_corridor","osm_highway":"footway","modeled_width_m":3.0,"context_scope":"candidate-site road check"},"geometry":{"type":"Polygon","coordinates":[[[-122.43151337566053,37.76942370016036],[-122.43154702433857,37.76941949983722],[-122.43165752446222,37.76997729982263],[-122.43162387553686,37.76998150017494],[-122.43151337566053,37.76942370016036]]]}},{"type":"Feature","id":"osm-land-road-902063025","properties":{"source":"© OpenStreetMap contributors; OSM way/902063025 (ODbL), snapshot 2026-07-15T15:22:01Z","osm_type":"way","osm_id":902063025,"osm_url":"https://www.openstreetmap.org/way/902063025","source_timestamp":"2026-07-15T15:22:01Z","scenario_only":false,"layer":"restricted","name":"Mapped transport corridor","restriction_type":"mapped_road_corridor","osm_highway":"footway","modeled_width_m":3.0,"context_scope":"candidate-site road check"},"geometry":{"type":"Polygon","coordinates":[[[-122.43060270218223,37.77012506076523],[-122.43024894364633,37.77016915559637],[-122.43017065772635,37.77017892643731],[-122.4301480325461,37.77014098357936],[-122.43012358110374,37.77001213142957],[-122.43008960001168,37.769852220237446],[-122.43002464626018,37.769538376995875],[-122.43002319538896,37.76951775383075],[-122.43005720461072,37.76951624616679],[-122.43005855373914,37.76953542300167],[-122.43012319998732,37.76984777976014],[-122.43015721889532,37.77000786856801],[-122.43018096745216,37.770133016418306],[-122.43019054226964,37.77014907356178],[-122.43024365466658,37.7701424446142],[-122.43059749781868,37.77009833923467],[-122.43162313746843,37.7699744344436],[-122.43162826253244,37.77000116555633],[-122.43060270218223,37.77012506076523]]]}},{"type":"Feature","id":"osm-land-building-902063030","properties":{"source":"© OpenStreetMap contributors; OSM way/902063030 (ODbL), snapshot 2026-07-15T15:22:01Z","osm_type":"way","osm_id":902063030,"osm_url":"https://www.openstreetmap.org/way/902063030","source_timestamp":"2026-07-15T15:22:01Z","scenario_only":false,"layer":"building","name":"Mapped building footprint","osm_building":"house","context_scope":"candidate-site building check"},"geometry":{"type":"Polygon","coordinates":[[[-122.4315785,37.7701944],[-122.4315897,37.7702517],[-122.4315214,37.77026],[-122.4315103,37.7702026],[-122.4315785,37.7701944]]]}},{"type":"Feature","id":"osm-land-building-902063031","properties":{"source":"© OpenStreetMap contributors; OSM way/902063031 (ODbL), snapshot 2026-07-15T15:22:01Z","osm_type":"way","osm_id":902063031,"osm_url":"https://www.openstreetmap.org/way/902063031","source_timestamp":"2026-07-15T15:22:01Z","scenario_only":false,"layer":"building","name":"Mapped building footprint","osm_building":"house","context_scope":"candidate-site building check"},"geometry":{"type":"Polygon","coordinates":[[[-122.4316468,37.7701861],[-122.4316579,37.7702434],[-122.4315897,37.7702517],[-122.4315785,37.7701944],[-122.4316468,37.7701861]]]}},{"type":"Feature","id":"osm-land-building-902063032","properties":{"source":"© OpenStreetMap contributors; OSM way/902063032 (ODbL), snapshot 2026-07-15T15:22:01Z","osm_type":"way","osm_id":902063032,"osm_url":"https://www.openstreetmap.org/way/902063032","source_timestamp":"2026-07-15T15:22:01Z","scenario_only":false,"layer":"building","name":"Mapped building footprint","osm_building":"house","context_scope":"candidate-site building check"},"geometry":{"type":"Polygon","coordinates":[[[-122.4315103,37.7702026],[-122.4315214,37.77026],[-122.4314536,37.7702682],[-122.4314426,37.7702108],[-122.4315103,37.7702026]]]}},{"type":"Feature","id":"osm-land-building-902063033","properties":{"source":"© OpenStreetMap contributors; OSM way/902063033 (ODbL), snapshot 2026-07-15T15:22:01Z","osm_type":"way","osm_id":902063033,"osm_url":"https://www.openstreetmap.org/way/902063033","source_timestamp":"2026-07-15T15:22:01Z","scenario_only":false,"layer":"building","name":"Mapped building footprint","osm_building":"house","context_scope":"candidate-site building check"},"geometry":{"type":"Polygon","coordinates":[[[-122.4314426,37.7702108],[-122.4314536,37.7702682],[-122.4313854,37.7702764],[-122.4313744,37.770219],[-122.4314426,37.7702108]]]}},{"type":"Feature","id":"osm-land-road-902063034","properties":{"source":"© OpenStreetMap contributors; OSM way/902063034 (ODbL), snapshot 2026-07-15T15:22:01Z","osm_type":"way","osm_id":902063034,"osm_url":"https://www.openstreetmap.org/way/902063034","source_timestamp":"2026-07-15T15:22:01Z","scenario_only":false,"layer":"restricted","name":"Mapped transport corridor","restriction_type":"mapped_road_corridor","osm_highway":"footway","modeled_width_m":3.0,"context_scope":"candidate-site road check"},"geometry":{"type":"Polygon","coordinates":[[[-122.43165151363017,37.770116438652565],[-122.43166638541628,37.77011063751547],[-122.43167416755034,37.770123208650865],[-122.43168043728552,37.770133216109286],[-122.43175852443291,37.7704805864749],[-122.43174652506856,37.77050065438345],[-122.43025520959233,37.770685555059806],[-122.43018213933036,37.77030053879313],[-122.43165151363017,37.770116438652565]],[[-122.4317229403265,37.770476211902334],[-122.4316483089597,37.770144213882254],[-122.4302208606755,37.770323061203705],[-122.4302837904017,37.77065464493838],[-122.4317229403265,37.770476211902334]]]}},{"type":"Feature","id":"osm-land-road-902063035","properties":{"source":"© OpenStreetMap contributors; OSM way/902063035 (ODbL), snapshot 2026-07-15T15:22:01Z","osm_type":"way","osm_id":902063035,"osm_url":"https://www.openstreetmap.org/way/902063035","source_timestamp":"2026-07-15T15:22:01Z","scenario_only":false,"layer":"restricted","name":"Mapped transport corridor","restriction_type":"mapped_road_corridor","osm_highway":"footway","modeled_width_m":3.0,"context_scope":"candidate-site road check"},"geometry":{"type":"Polygon","coordinates":[[[-122.43248457564415,37.76993140066743],[-122.43251822435491,37.769927199330134],[-122.43269182454915,37.77080329930723],[-122.43265817544994,37.770807500690346],[-122.43248457564415,37.76993140066743]]]}},{"type":"Feature","id":"osm-land-road-902063036","properties":{"source":"© OpenStreetMap contributors; OSM way/902063036 (ODbL), snapshot 2026-07-15T15:22:01Z","osm_type":"way","osm_id":902063036,"osm_url":"https://www.openstreetmap.org/way/902063036","source_timestamp":"2026-07-15T15:22:01Z","scenario_only":false,"layer":"restricted","name":"Mapped transport corridor","restriction_type":"mapped_road_corridor","osm_highway":"footway","modeled_width_m":3.0,"context_scope":"candidate-site road check"},"geometry":{"type":"Polygon","coordinates":[[[-122.43251419696038,37.76990627480029],[-122.43252731597245,37.7698885511058],[-122.43255668403029,37.76990224889239],[-122.4325396030429,37.76992532519833],[-122.43251084978421,37.76994054751346],[-122.43249195021865,37.76991805248577],[-122.43251419696038,37.76990627480029]]]}},{"type":"Feature","id":"osm-land-road-902063037","properties":{"source":"© OpenStreetMap contributors; OSM way/902063037 (ODbL), snapshot 2026-07-15T15:22:01Z","osm_type":"way","osm_id":902063037,"osm_url":"https://www.openstreetmap.org/way/902063037","source_timestamp":"2026-07-15T15:22:01Z","scenario_only":false,"layer":"restricted","name":"Mapped transport corridor","restriction_type":"mapped_road_corridor","osm_highway":"footway","modeled_width_m":3.0,"context_scope":"candidate-site road check"},"geometry":{"type":"Polygon","coordinates":[[[-122.43263742301276,37.76992829241699],[-122.43281061823394,37.770789067695794],[-122.43277698176514,37.770793332301785],[-122.43260377698634,37.7699325075806],[-122.43260047213576,37.769915682867364],[-122.43263412786334,37.76991151713024],[-122.43263742301276,37.76992829241699]]]}},{"type":"Feature","id":"osm-land-road-902063038","properties":{"source":"© OpenStreetMap contributors; OSM way/902063038 (ODbL), snapshot 2026-07-15T15:22:01Z","osm_type":"way","osm_id":902063038,"osm_url":"https://www.openstreetmap.org/way/902063038","source_timestamp":"2026-07-15T15:22:01Z","scenario_only":false,"layer":"restricted","name":"Mapped transport corridor","restriction_type":"mapped_road_corridor","osm_highway":"footway","modeled_width_m":3.0,"context_scope":"candidate-site road check"},"geometry":{"type":"Polygon","coordinates":[[[-122.432596018972,37.769940413606626],[-122.43254968983462,37.7699283455311],[-122.43256031016351,37.769902654468616],[-122.43260458102648,37.76991418639317],[-122.43262381740323,37.76991712396782],[-122.4326173825956,37.76994367603206],[-122.432596018972,37.769940413606626]]]}},{"type":"Feature","id":"osm-land-road-902063041","properties":{"source":"© OpenStreetMap contributors; OSM way/902063041 (ODbL), snapshot 2026-07-15T15:22:01Z","osm_type":"way","osm_id":902063041,"osm_url":"https://www.openstreetmap.org/way/902063041","source_timestamp":"2026-07-15T15:22:01Z","scenario_only":false,"layer":"restricted","name":"Mapped transport corridor","restriction_type":"mapped_road_corridor","osm_highway":"footway","modeled_width_m":3.0,"context_scope":"candidate-site road check"},"geometry":{"type":"Polygon","coordinates":[[[-122.43327199549097,37.76985499844545],[-122.43326819316454,37.769836587160306],[-122.43330180683454,37.76983221283727],[-122.43330560450806,37.76985060155216],[-122.43348190233995,37.770695290246906],[-122.4334482976591,37.77069970975066],[-122.43327199549097,37.76985499844545]]]}},{"type":"Feature","id":"osm-land-road-902063042","properties":{"source":"© OpenStreetMap contributors; OSM way/902063042 (ODbL), snapshot 2026-07-15T15:22:01Z","osm_type":"way","osm_id":902063042,"osm_url":"https://www.openstreetmap.org/way/902063042","source_timestamp":"2026-07-15T15:22:01Z","scenario_only":false,"layer":"restricted","name":"Mapped transport corridor","restriction_type":"mapped_road_corridor","osm_highway":"footway","modeled_width_m":3.0,"context_scope":"candidate-site road check"},"geometry":{"type":"Polygon","coordinates":[[[-122.4333093830763,37.76983267405089],[-122.43336501743325,37.76980961572002],[-122.43338078256927,37.76983358427945],[-122.43332301692595,37.7698575259487],[-122.43329448369508,37.76986554441168],[-122.43328311630685,37.769840055588034],[-122.4333093830763,37.76983267405089]]]}},{"type":"Feature","id":"osm-land-road-908221635","properties":{"source":"© OpenStreetMap contributors; OSM way/908221635 (ODbL), snapshot 2026-07-15T15:22:01Z","osm_type":"way","osm_id":908221635,"osm_url":"https://www.openstreetmap.org/way/908221635","source_timestamp":"2026-07-15T15:22:01Z","scenario_only":false,"layer":"restricted","name":"Mapped transport corridor","restriction_type":"mapped_road_corridor","osm_highway":"footway","modeled_width_m":3.0,"context_scope":"candidate-site road check"},"geometry":{"type":"Polygon","coordinates":[[[-122.43174447181843,37.77058067155968],[-122.43173167662339,37.77056767326251],[-122.43172976325133,37.77055332294822],[-122.43176363674809,37.770550477049355],[-122.43176452337434,37.77055712673518],[-122.43177692817918,37.770569728438076],[-122.43183626474217,37.77090391316596],[-122.43180253525699,37.77090768683163],[-122.43174447181843,37.77058067155968]]]}},{"type":"Feature","id":"osm-land-road-908221636","properties":{"source":"© OpenStreetMap contributors; OSM way/908221636 (ODbL), snapshot 2026-07-15T15:22:01Z","osm_type":"way","osm_id":908221636,"osm_url":"https://www.openstreetmap.org/way/908221636","source_timestamp":"2026-07-15T15:22:01Z","scenario_only":false,"layer":"restricted","name":"Mapped transport corridor","restriction_type":"mapped_road_corridor","osm_highway":"footway","modeled_width_m":3.0,"context_scope":"candidate-site road check"},"geometry":{"type":"Polygon","coordinates":[[[-122.43172354804787,37.770519557051074],[-122.4317181492638,37.77049036359017],[-122.43175185073535,37.77048643640741],[-122.43175725074184,37.77051563640671],[-122.43176355316025,37.77054994948627],[-122.43172984683893,37.77055385051132],[-122.43172354804787,37.770519557051074]]]}},{"type":"Feature","id":"osm-land-road-908221637","properties":{"source":"© OpenStreetMap contributors; OSM way/908221637 (ODbL), snapshot 2026-07-15T15:22:01Z","osm_type":"way","osm_id":908221637,"osm_url":"https://www.openstreetmap.org/way/908221637","source_timestamp":"2026-07-15T15:22:01Z","scenario_only":false,"layer":"restricted","name":"Mapped transport corridor","restriction_type":"mapped_road_corridor","osm_highway":"footway","modeled_width_m":3.0,"context_scope":"candidate-site road check"},"geometry":{"type":"Polygon","coordinates":[[[-122.43030403201071,37.77075643404808],[-122.43037389861256,37.77108837206709],[-122.43034030138645,37.77109282793052],[-122.43026476799527,37.77073396594868],[-122.43174545286946,37.77054904483548],[-122.4317507471315,37.77057575516446],[-122.43030403201071,37.77075643404808]]]}},{"type":"Feature","id":"osm-land-road-908221678","properties":{"source":"© OpenStreetMap contributors; OSM way/908221678 (ODbL), snapshot 2026-07-15T15:22:01Z","osm_type":"way","osm_id":908221678,"osm_url":"https://www.openstreetmap.org/way/908221678","source_timestamp":"2026-07-15T15:22:01Z","scenario_only":false,"layer":"restricted","name":"Mapped transport corridor","restriction_type":"mapped_road_corridor","osm_highway":"footway","modeled_width_m":3.0,"context_scope":"candidate-site road check"},"geometry":{"type":"Polygon","coordinates":[[[-122.43228379097378,37.76761330663859],[-122.43241229494156,37.76917772031023],[-122.43237830505808,37.76917947968732],[-122.43225060902364,37.76762489335904],[-122.43224319897494,37.76761874998406],[-122.43226780102196,37.76760005001461],[-122.43228379097378,37.76761330663859]]]}},{"type":"Feature","id":"osm-land-road-909705509","properties":{"source":"© OpenStreetMap contributors; OSM way/909705509 (ODbL), snapshot 2026-07-15T15:22:01Z","osm_type":"way","osm_id":909705509,"osm_url":"https://www.openstreetmap.org/way/909705509","source_timestamp":"2026-07-15T15:22:01Z","scenario_only":false,"layer":"restricted","name":"Mapped transport corridor","restriction_type":"mapped_road_corridor","osm_highway":"footway","modeled_width_m":3.0,"context_scope":"candidate-site road check"},"geometry":{"type":"Polygon","coordinates":[[[-122.43275670266979,37.76759738004306],[-122.43241538687998,37.76761957146938],[-122.43241361656604,37.76762096671699],[-122.43257217492639,37.769167803527424],[-122.43253822507313,37.769169996470126],[-122.43237838343643,37.767610633280405],[-122.43240021312268,37.76759342853013],[-122.43275409733066,37.7675704199569],[-122.43331598487086,37.76753851498555],[-122.43331841512955,37.767565485014416],[-122.43275670266979,37.76759738004306]]]}},{"type":"Feature","id":"osm-land-road-909705510","properties":{"source":"© OpenStreetMap contributors; OSM way/909705510 (ODbL), snapshot 2026-07-15T15:22:01Z","osm_type":"way","osm_id":909705510,"osm_url":"https://www.openstreetmap.org/way/909705510","source_timestamp":"2026-07-15T15:22:01Z","scenario_only":false,"layer":"restricted","name":"Mapped transport corridor","restriction_type":"mapped_road_corridor","osm_highway":"footway","modeled_width_m":3.0,"context_scope":"candidate-site road check"},"geometry":{"type":"Polygon","coordinates":[[[-122.43240847237998,37.76916422167381],[-122.4324111276205,37.76919117832613],[-122.43239662761786,37.76919207832626],[-122.43239397238257,37.769165121673666],[-122.43240847237998,37.76916422167381]]]}},{"type":"Feature","id":"osm-land-road-910581026","properties":{"source":"© OpenStreetMap contributors; OSM way/910581026 (ODbL), snapshot 2026-07-15T15:22:01Z","osm_type":"way","osm_id":910581026,"osm_url":"https://www.openstreetmap.org/way/910581026","source_timestamp":"2026-07-15T15:22:01Z","scenario_only":false,"layer":"restricted","name":"Mapped transport corridor","restriction_type":"mapped_road_corridor","osm_highway":"footway","modeled_width_m":3.0,"context_scope":"candidate-site road check"},"geometry":{"type":"Polygon","coordinates":[[[-122.42011539609078,37.76820964155966],[-122.42000672486849,37.76729410265796],[-122.41996058820203,37.76676678219832],[-122.41995925917094,37.766733408554096],[-122.419997393579,37.766724719703774],[-122.42103200706015,37.76666422545135],[-122.42109178125652,37.76729507170776],[-122.42117145305505,37.76811278572253],[-122.4211429181721,37.768156695576636],[-122.42011539609078,37.76820964155966]],[[-122.42014620390329,37.76818095843826],[-122.42112148183166,37.76813070442241],[-122.42113674694627,37.76810721427492],[-122.42105781874304,37.767297128289805],[-122.42100059293374,37.76669317454647],[-122.42000340642207,37.766751480296136],[-122.41999414083384,37.76675359144334],[-122.41999461179768,37.76676541779923],[-122.42004067513102,37.76729189733958],[-122.42014620390329,37.76818095843826]]]}},{"type":"Feature","id":"osm-land-road-910581614","properties":{"source":"© OpenStreetMap contributors; OSM way/910581614 (ODbL), snapshot 2026-07-15T15:22:01Z","osm_type":"way","osm_id":910581614,"osm_url":"https://www.openstreetmap.org/way/910581614","source_timestamp":"2026-07-15T15:22:01Z","scenario_only":false,"layer":"restricted","name":"Mapped transport corridor","restriction_type":"mapped_road_corridor","osm_highway":"footway","modeled_width_m":3.0,"context_scope":"candidate-site road check"},"geometry":{"type":"Polygon","coordinates":[[[-122.42195200227805,37.7666181220122],[-122.42195977737003,37.766617633664275],[-122.42210521766486,37.768076851060236],[-122.4220825416731,37.76809886498283],[-122.42128906076623,37.768144351115694],[-122.42125131995917,37.76776694224553],[-122.42123762040029,37.76762244654949],[-122.4211401643936,37.76665569277216],[-122.4215366528641,37.76663072290738],[-122.42194142917319,37.76660522439917],[-122.42195060557619,37.766604625938086],[-122.42195200227805,37.7666181220122]],[[-122.42192716619964,37.766633246819836],[-122.42153934715289,37.766657677091544],[-122.42117683561254,37.766680507225],[-122.42127157959925,37.76762035344806],[-122.42128528004037,37.76776485775201],[-122.42132033922765,37.76811544888215],[-122.42206545832988,37.76807273501655],[-122.42207018233724,37.76806814893716],[-122.42192716619964,37.766633246819836]]]}},{"type":"Feature","id":"osm-land-road-930763281","properties":{"source":"© OpenStreetMap contributors; OSM way/930763281 (ODbL), snapshot 2026-07-15T15:22:01Z","osm_type":"way","osm_id":930763281,"osm_url":"https://www.openstreetmap.org/way/930763281","source_timestamp":"2026-07-15T15:22:01Z","scenario_only":false,"layer":"restricted","name":"Mapped transport corridor","restriction_type":"mapped_road_corridor","osm_highway":"footway","modeled_width_m":3.0,"context_scope":"candidate-site road check"},"geometry":{"type":"Polygon","coordinates":[[[-122.42058818715303,37.76490603363187],[-122.42064156360247,37.764901943100114],[-122.42064483639813,37.764928856899836],[-122.42059121284747,37.76493296636809],[-122.42055568913936,37.76493527440559],[-122.42055291086116,37.76490832559437],[-122.42058818715303,37.76490603363187]]]}},{"type":"Feature","id":"osm-land-road-945294694","properties":{"source":"© OpenStreetMap contributors; OSM way/945294694 (ODbL), snapshot 2026-07-15T15:22:01Z","osm_type":"way","osm_id":945294694,"osm_url":"https://www.openstreetmap.org/way/945294694","source_timestamp":"2026-07-15T15:22:01Z","scenario_only":false,"layer":"restricted","name":"Mission Street","restriction_type":"mapped_road_corridor","osm_highway":"secondary","modeled_width_m":16.0,"context_scope":"candidate-site road check"},"geometry":{"type":"Polygon","coordinates":[[[-122.41976920418064,37.76496381348855],[-122.41977965249065,37.76504463927509],[-122.41959894749233,37.76505936065547],[-122.41958819580519,37.7649761864418],[-122.41957059275758,37.764775508909096],[-122.4197518072311,37.76476549102113],[-122.41976920418064,37.76496381348855]]]}},{"type":"Feature","id":"osm-land-road-960975200","properties":{"source":"© OpenStreetMap contributors; OSM way/960975200 (ODbL), snapshot 2026-07-15T15:22:01Z","osm_type":"way","osm_id":960975200,"osm_url":"https://www.openstreetmap.org/way/960975200","source_timestamp":"2026-07-15T15:22:01Z","scenario_only":false,"layer":"restricted","name":"Mapped transport corridor","restriction_type":"mapped_road_corridor","osm_highway":"footway","modeled_width_m":3.0,"context_scope":"candidate-site road check"},"geometry":{"type":"Polygon","coordinates":[[[-122.41850076202466,37.76357310666705],[-122.41864410155829,37.764982475007486],[-122.41864701537293,37.76503813867161],[-122.41861298462683,37.7650392613259],[-122.41861009844139,37.76498412499006],[-122.41846823797184,37.76358929333063],[-122.41845636995684,37.76358375492269],[-122.41847363004044,37.76356044507663],[-122.41850076202466,37.76357310666705]]]}},{"type":"Feature","id":"osm-land-road-962675058","properties":{"source":"© OpenStreetMap contributors; OSM way/962675058 (ODbL), snapshot 2026-07-15T15:22:01Z","osm_type":"way","osm_id":962675058,"osm_url":"https://www.openstreetmap.org/way/962675058","source_timestamp":"2026-07-15T15:22:01Z","scenario_only":false,"layer":"restricted","name":"Mapped transport corridor","restriction_type":"mapped_road_corridor","osm_highway":"footway","modeled_width_m":3.0,"context_scope":"candidate-site road check"},"geometry":{"type":"Polygon","coordinates":[[[-122.42471241525867,37.7697345973342],[-122.42470411422751,37.76964448598221],[-122.4247380857721,37.769642514015324],[-122.4247463852698,37.76973260833894],[-122.42475568476367,37.76983240266222],[-122.42472171523592,37.769834397335316],[-122.42471241525867,37.7697345973342]]]}},{"type":"Feature","id":"osm-land-road-962675059","properties":{"source":"© OpenStreetMap contributors; OSM way/962675059 (ODbL), snapshot 2026-07-15T15:22:01Z","osm_type":"way","osm_id":962675059,"osm_url":"https://www.openstreetmap.org/way/962675059","source_timestamp":"2026-07-15T15:22:01Z","scenario_only":false,"layer":"restricted","name":"Mapped transport corridor","restriction_type":"mapped_road_corridor","osm_highway":"footway","modeled_width_m":3.0,"context_scope":"candidate-site road check"},"geometry":{"type":"Polygon","coordinates":[[[-122.42465981067112,37.76914604453325],[-122.42670919621644,37.76903379400425],[-122.42671577371794,37.7690972920623],[-122.4266818262816,37.76909950793526],[-122.4266780037775,37.76906260599359],[-122.42469618933502,37.76917115546395],[-122.42473808888987,37.76964254846487],[-122.42470411110975,37.769644451532656],[-122.42465981067112,37.76914604453325]]]}},{"type":"Feature","id":"osm-land-road-962675060","properties":{"source":"© OpenStreetMap contributors; OSM way/962675060 (ODbL), snapshot 2026-07-15T15:22:01Z","osm_type":"way","osm_id":962675060,"osm_url":"https://www.openstreetmap.org/way/962675060","source_timestamp":"2026-07-15T15:22:01Z","scenario_only":false,"layer":"restricted","name":"Mapped transport corridor","restriction_type":"mapped_road_corridor","osm_highway":"footway","modeled_width_m":3.0,"context_scope":"candidate-site road check"},"geometry":{"type":"Polygon","coordinates":[[[-122.42557384847109,37.76957622318143],[-122.42573474420136,37.769566023451844],[-122.42610545564584,37.769542722728836],[-122.42610814435461,37.76956967727112],[-122.42573745004613,37.76959297691281],[-122.42557655577004,37.769603176549694],[-122.42472244714094,37.76965697709363],[-122.42471975285953,37.76963002290632],[-122.42557384847109,37.76957622318143]]]}},{"type":"Feature","id":"osm-land-road-962675061","properties":{"source":"© OpenStreetMap contributors; OSM way/962675061 (ODbL), snapshot 2026-07-15T15:22:01Z","osm_type":"way","osm_id":962675061,"osm_url":"https://www.openstreetmap.org/way/962675061","source_timestamp":"2026-07-15T15:22:01Z","scenario_only":false,"layer":"restricted","name":"Mapped transport corridor","restriction_type":"mapped_road_corridor","osm_highway":"footway","modeled_width_m":3.0,"context_scope":"candidate-site road check"},"geometry":{"type":"Polygon","coordinates":[[[-122.4246270349509,37.769662483864],[-122.42453412804574,37.76966778426246],[-122.42447523521996,37.76967118384825],[-122.42447276478045,37.76964421615173],[-122.42453166476979,37.76964081615225],[-122.4246245720837,37.76963551572999],[-122.42471986503224,37.769630016136794],[-122.42472233496817,37.76965698386315],[-122.4246270349509,37.769662483864]]]}},{"type":"Feature","id":"osm-land-road-962734150","properties":{"source":"© OpenStreetMap contributors; OSM way/962734150 (ODbL), snapshot 2026-07-15T15:22:01Z","osm_type":"way","osm_id":962734150,"osm_url":"https://www.openstreetmap.org/way/962734150","source_timestamp":"2026-07-15T15:22:01Z","scenario_only":false,"layer":"restricted","name":"Mapped transport corridor","restriction_type":"mapped_road_corridor","osm_highway":"footway","modeled_width_m":3.0,"context_scope":"candidate-site road check"},"geometry":{"type":"Polygon","coordinates":[[[-122.42247105535974,37.769352854094876],[-122.42248270089371,37.769539281487674],[-122.42249463081146,37.76967130557684],[-122.42251424383655,37.76976506102678],[-122.4244726799841,37.76964422121553],[-122.42447532001634,37.769671178784435],[-122.42248575615791,37.7697939389714],[-122.42246076918786,37.76967449442071],[-122.42244869910594,37.76954091850989],[-122.42243694464032,37.769352745902665],[-122.42244019713839,37.769307922555676],[-122.42247420286202,37.76930947744187],[-122.42247105535974,37.769352854094876]]]}},{"type":"Feature","id":"osm-land-road-962734151","properties":{"source":"© OpenStreetMap contributors; OSM way/962734151 (ODbL), snapshot 2026-07-15T15:22:01Z","osm_type":"way","osm_id":962734151,"osm_url":"https://www.openstreetmap.org/way/962734151","source_timestamp":"2026-07-15T15:22:01Z","scenario_only":false,"layer":"restricted","name":"Mapped transport corridor","restriction_type":"mapped_road_corridor","osm_highway":"footway","modeled_width_m":3.0,"context_scope":"candidate-site road check"},"geometry":{"type":"Polygon","coordinates":[[[-122.42244066075898,37.769282533468235],[-122.42243800413586,37.76924976835672],[-122.4224719958638,37.76924803164082],[-122.42247473924088,37.76928186652931],[-122.4224742291351,37.76930890246491],[-122.42244017086504,37.76930849753264],[-122.42244066075898,37.769282533468235]]]}},{"type":"Feature","id":"osm-land-road-962734152","properties":{"source":"© OpenStreetMap contributors; OSM way/962734152 (ODbL), snapshot 2026-07-15T15:22:01Z","osm_type":"way","osm_id":962734152,"osm_url":"https://www.openstreetmap.org/way/962734152","source_timestamp":"2026-07-15T15:22:01Z","scenario_only":false,"layer":"restricted","name":"Mapped transport corridor","restriction_type":"mapped_road_corridor","osm_highway":"footway","modeled_width_m":3.0,"context_scope":"candidate-site road check"},"geometry":{"type":"Polygon","coordinates":[[[-122.42243932995288,37.769263340310296],[-122.42239230617437,37.768782510458884],[-122.42438908725161,37.7686543486642],[-122.42444758202015,37.76914970213503],[-122.42243932995288,37.769263340310296]],[[-122.42247067004104,37.76923445968752],[-122.42441041798611,37.7691246978621],[-122.42435831274238,37.76868345133371],[-122.42242889383176,37.768807289538294],[-122.42247067004104,37.76923445968752]]]}},{"type":"Feature","id":"osm-land-road-962734153","properties":{"source":"© OpenStreetMap contributors; OSM way/962734153 (ODbL), snapshot 2026-07-15T15:22:01Z","osm_type":"way","osm_id":962734153,"osm_url":"https://www.openstreetmap.org/way/962734153","source_timestamp":"2026-07-15T15:22:01Z","scenario_only":false,"layer":"restricted","name":"Mapped transport corridor","restriction_type":"mapped_road_corridor","osm_highway":"footway","modeled_width_m":3.0,"context_scope":"candidate-site road check"},"geometry":{"type":"Polygon","coordinates":[[[-122.42441429735734,37.769160920572574],[-122.42441202286301,37.76913827446853],[-122.42444597713653,37.76913612552905],[-122.42444830264229,37.76915927942497],[-122.4244500160849,37.769191733903256],[-122.42441598391484,37.7691928660943],[-122.42441429735734,37.769160920572574]]]}},{"type":"Feature","id":"osm-land-road-962734154","properties":{"source":"© OpenStreetMap contributors; OSM way/962734154 (ODbL), snapshot 2026-07-15T15:22:01Z","osm_type":"way","osm_id":962734154,"osm_url":"https://www.openstreetmap.org/way/962734154","source_timestamp":"2026-07-15T15:22:01Z","scenario_only":false,"layer":"restricted","name":"Mapped transport corridor","restriction_type":"mapped_road_corridor","osm_highway":"footway","modeled_width_m":3.0,"context_scope":"candidate-site road check"},"geometry":{"type":"Polygon","coordinates":[[[-122.42239017799707,37.76876566700862],[-122.42238414121594,37.76873221726099],[-122.4224178587832,37.76872838273659],[-122.42242402200222,37.76876253298893],[-122.42242756205457,37.768793685386875],[-122.42239363794494,37.768796114610666],[-122.42239017799707,37.76876566700862]]]}},{"type":"Feature","id":"osm-land-road-962734155","properties":{"source":"© OpenStreetMap contributors; OSM way/962734155 (ODbL), snapshot 2026-07-15T15:22:01Z","osm_type":"way","osm_id":962734155,"osm_url":"https://www.openstreetmap.org/way/962734155","source_timestamp":"2026-07-15T15:22:01Z","scenario_only":false,"layer":"restricted","name":"Mapped transport corridor","restriction_type":"mapped_road_corridor","osm_highway":"footway","modeled_width_m":3.0,"context_scope":"candidate-site road check"},"geometry":{"type":"Polygon","coordinates":[[[-122.42238545285855,37.76874478489977],[-122.4223288888189,37.76821436644986],[-122.42235064495783,37.76819097451516],[-122.42432099774237,37.76807546273167],[-122.42434433224447,37.768093884704946],[-122.42439219826576,37.76862507180809],[-122.42238545285855,37.76874478489977]],[[-122.42241654713536,37.76871581509808],[-122.42435580174039,37.768600128189114],[-122.4243112677529,37.76810591529273],[-122.42430800225515,37.768103337267895],[-122.4223687550453,37.76821702548413],[-122.42236391118298,37.76822223354755],[-122.42241654713536,37.76871581509808]]]}},{"type":"Feature","id":"osm-land-road-962734156","properties":{"source":"© OpenStreetMap contributors; OSM way/962734156 (ODbL), snapshot 2026-07-15T15:22:01Z","osm_type":"way","osm_id":962734156,"osm_url":"https://www.openstreetmap.org/way/962734156","source_timestamp":"2026-07-15T15:22:01Z","scenario_only":false,"layer":"restricted","name":"Mapped transport corridor","restriction_type":"mapped_road_corridor","osm_highway":"footway","modeled_width_m":3.0,"context_scope":"candidate-site road check"},"geometry":{"type":"Polygon","coordinates":[[[-122.42435606529357,37.76864640021028],[-122.42435697291441,37.768612314299176],[-122.42439102708576,37.76861288569834],[-122.42439013470646,37.76864639978728],[-122.42439072708727,37.7686686138761],[-122.42435667291267,37.768669186121436],[-122.42435606529357,37.76864640021028]]]}},{"type":"Feature","id":"osm-land-road-962734159","properties":{"source":"© OpenStreetMap contributors; OSM way/962734159 (ODbL), snapshot 2026-07-15T15:22:01Z","osm_type":"way","osm_id":962734159,"osm_url":"https://www.openstreetmap.org/way/962734159","source_timestamp":"2026-07-15T15:22:01Z","scenario_only":false,"layer":"restricted","name":"Mapped transport corridor","restriction_type":"mapped_road_corridor","osm_highway":"footway","modeled_width_m":3.0,"context_scope":"candidate-site road check"},"geometry":{"type":"Polygon","coordinates":[[[-122.4266635902401,37.76895258290875],[-122.42653868180031,37.767977666748365],[-122.42653849436812,37.767977487554894],[-122.42564133290188,37.768029183985846],[-122.42563886709857,37.76800221601412],[-122.42655350562904,37.76794951244457],[-122.4265715181973,37.76796673324933],[-122.42670100976619,37.76897741708829],[-122.42467360565425,37.769101179666855],[-122.42467099434616,37.7690742203331],[-122.4266635902401,37.76895258290875]]]}},{"type":"Feature","id":"osm-land-road-962734160","properties":{"source":"© OpenStreetMap contributors; OSM way/962734160 (ODbL), snapshot 2026-07-15T15:22:01Z","osm_type":"way","osm_id":962734160,"osm_url":"https://www.openstreetmap.org/way/962734160","source_timestamp":"2026-07-15T15:22:01Z","scenario_only":false,"layer":"restricted","name":"Mapped transport corridor","restriction_type":"mapped_road_corridor","osm_highway":"footway","modeled_width_m":3.0,"context_scope":"candidate-site road check"},"geometry":{"type":"Polygon","coordinates":[[[-122.4245895747474,37.76808603591436],[-122.42457542368611,37.76809471449604],[-122.42467558767723,37.76907237205698],[-122.42468307840241,37.7690772324503],[-122.42466152159453,37.76909816754868],[-122.42464281231975,37.76908602794071],[-122.42453997631688,37.76808228550131],[-122.4245770252548,37.76805956408528],[-122.42550624318629,37.76801370659627],[-122.42550835681408,37.76804069340368],[-122.4245895747474,37.76808603591436]]]}},{"type":"Feature","id":"osm-land-road-962734161","properties":{"source":"© OpenStreetMap contributors; OSM way/962734161 (ODbL), snapshot 2026-07-15T15:22:01Z","osm_type":"way","osm_id":962734161,"osm_url":"https://www.openstreetmap.org/way/962734161","source_timestamp":"2026-07-15T15:22:01Z","scenario_only":false,"layer":"restricted","name":"Mapped transport corridor","restriction_type":"mapped_road_corridor","osm_highway":"footway","modeled_width_m":3.0,"context_scope":"candidate-site road check"},"geometry":{"type":"Polygon","coordinates":[[[-122.42556640804075,37.76803809081526],[-122.42551651544001,37.76804069042966],[-122.42551428456035,37.7680137095703],[-122.42556418455133,37.76801110957069],[-122.42562449935768,37.768008008804266],[-122.42562670064268,37.76803499119569],[-122.42556640804075,37.76803809081526]]]}},{"type":"Feature","id":"osm-land-road-962739876","properties":{"source":"© OpenStreetMap contributors; OSM way/962739876 (ODbL), snapshot 2026-07-15T15:22:01Z","osm_type":"way","osm_id":962739876,"osm_url":"https://www.openstreetmap.org/way/962739876","source_timestamp":"2026-07-15T15:22:01Z","scenario_only":false,"layer":"restricted","name":"Mapped transport corridor","restriction_type":"mapped_road_corridor","osm_highway":"footway","modeled_width_m":3.0,"context_scope":"candidate-site road check"},"geometry":{"type":"Polygon","coordinates":[[[-122.42447311182758,37.76810729166685],[-122.42437550033877,37.76811139214948],[-122.42434280038779,37.768113379988364],[-122.42434019961263,37.768086420011606],[-122.42437329966161,37.76808440785047],[-122.42447088817278,37.76808030833313],[-122.42454987667206,37.76807542141822],[-122.42455252332839,37.76810237858175],[-122.42447311182758,37.76810729166685]]]}},{"type":"Feature","id":"osm-land-road-962791575","properties":{"source":"© OpenStreetMap contributors; OSM way/962791575 (ODbL), snapshot 2026-07-15T15:22:01Z","osm_type":"way","osm_id":962791575,"osm_url":"https://www.openstreetmap.org/way/962791575","source_timestamp":"2026-07-15T15:22:01Z","scenario_only":false,"layer":"restricted","name":"Mapped transport corridor","restriction_type":"mapped_road_corridor","osm_highway":"footway","modeled_width_m":3.0,"context_scope":"candidate-site road check"},"geometry":{"type":"Polygon","coordinates":[[[-122.42210551666159,37.76841650913692],[-122.42208966970168,37.76824599175037],[-122.42144847085808,37.768284081758424],[-122.42144592914237,37.76825711824152],[-122.4221211302922,37.76821700824745],[-122.42213948333799,37.76841449086064],[-122.42222068214836,37.76926337639281],[-122.42218671785118,37.76926542360473],[-122.42210551666159,37.76841650913692]]]}},{"type":"Feature","id":"osm-land-road-962791576","properties":{"source":"© OpenStreetMap contributors; OSM way/962791576 (ODbL), snapshot 2026-07-15T15:22:01Z","osm_type":"way","osm_id":962791576,"osm_url":"https://www.openstreetmap.org/way/962791576","source_timestamp":"2026-07-15T15:22:01Z","scenario_only":false,"layer":"restricted","name":"Mapped transport corridor","restriction_type":"mapped_road_corridor","osm_highway":"footway","modeled_width_m":3.0,"context_scope":"candidate-site road check"},"geometry":{"type":"Polygon","coordinates":[[[-122.4222307550552,37.76823577659568],[-122.4221213683028,37.76824277574785],[-122.4221186316977,37.7682158242521],[-122.42222804494531,37.768208823404265],[-122.42233325819372,37.768202222572924],[-122.42233594180674,37.76822917742701],[-122.4222307550552,37.76823577659568]]]}},{"type":"Feature","id":"osm-land-road-962977020","properties":{"source":"© OpenStreetMap contributors; OSM way/962977020 (ODbL), snapshot 2026-07-15T15:22:01Z","osm_type":"way","osm_id":962977020,"osm_url":"https://www.openstreetmap.org/way/962977020","source_timestamp":"2026-07-15T15:22:01Z","scenario_only":false,"layer":"restricted","name":"Mapped transport corridor","restriction_type":"mapped_road_corridor","osm_highway":"footway","modeled_width_m":3.0,"context_scope":"candidate-site road check"},"geometry":{"type":"Polygon","coordinates":[[[-122.4223388800566,37.768094585777746],[-122.42231075854504,37.768069941654396],[-122.42225693201533,37.76750553652877],[-122.42256601830582,37.76748701888536],[-122.42271052496454,37.767478418487165],[-122.42369731696024,37.76741951896337],[-122.42382841091323,37.76741161932756],[-122.42427771665312,37.76738480437473],[-122.42433035210622,37.76794531904852],[-122.4243105027106,37.767974714344014],[-122.4223388800566,37.768094585777746]],[[-122.42235291994074,37.76806661422177],[-122.42428929729309,37.767948885655024],[-122.42429564789518,37.76793948094892],[-122.42424628334072,37.76741379562309],[-122.42383098290503,37.76743858104492],[-122.42369987700985,37.76744648139653],[-122.42271307326918,37.76750538161796],[-122.42256857746453,37.76751398136803],[-122.42229346799081,37.76753046346845],[-122.42234384145247,37.76805865834324],[-122.42235291994074,37.76806661422177]]]}},{"type":"Feature","id":"osm-land-road-962977021","properties":{"source":"© OpenStreetMap contributors; OSM way/962977021 (ODbL), snapshot 2026-07-15T15:22:01Z","osm_type":"way","osm_id":962977021,"osm_url":"https://www.openstreetmap.org/way/962977021","source_timestamp":"2026-07-15T15:22:01Z","scenario_only":false,"layer":"restricted","name":"Mapped transport corridor","restriction_type":"mapped_road_corridor","osm_highway":"footway","modeled_width_m":3.0,"context_scope":"candidate-site road check"},"geometry":{"type":"Polygon","coordinates":[[[-122.42233402424215,37.76813848582507],[-122.42232942357876,37.76809287916605],[-122.42236337642078,37.768090720831495],[-122.42236797609527,37.768136317501394],[-122.4223733757695,37.768189514171816],[-122.42233942423007,37.76819168582574],[-122.42233402424215,37.76813848582507]]]}},{"type":"Feature","id":"osm-land-road-962977022","properties":{"source":"© OpenStreetMap contributors; OSM way/962977022 (ODbL), snapshot 2026-07-15T15:22:01Z","osm_type":"way","osm_id":962977022,"osm_url":"https://www.openstreetmap.org/way/962977022","source_timestamp":"2026-07-15T15:22:01Z","scenario_only":false,"layer":"restricted","name":"Mapped transport corridor","restriction_type":"mapped_road_corridor","osm_highway":"footway","modeled_width_m":3.0,"context_scope":"candidate-site road check"},"geometry":{"type":"Polygon","coordinates":[[[-122.42428971206806,37.76802189420273],[-122.42428444320817,37.76797715851279],[-122.42431835679133,37.767974641484784],[-122.42432368793152,37.768019905794816],[-122.42432800598134,37.76808337087139],[-122.4242939940184,37.76808482912616],[-122.42428971206806,37.76802189420273]]]}},{"type":"Feature","id":"osm-land-road-963687661","properties":{"source":"© OpenStreetMap contributors; OSM way/963687661 (ODbL), snapshot 2026-07-15T15:22:01Z","osm_type":"way","osm_id":963687661,"osm_url":"https://www.openstreetmap.org/way/963687661","source_timestamp":"2026-07-15T15:22:01Z","scenario_only":false,"layer":"restricted","name":"Mapped transport corridor","restriction_type":"mapped_road_corridor","osm_highway":"footway","modeled_width_m":3.0,"context_scope":"candidate-site road check"},"geometry":{"type":"Polygon","coordinates":[[[-122.42469159640717,37.769115438693994],[-122.42469499645232,37.76915773913522],[-122.42466100354731,37.76915946086231],[-122.4246576035742,37.76911716107612],[-122.42465530359898,37.76908856130328],[-122.4246892964006,37.76908683869427],[-122.42469159640717,37.769115438693994]]]}},{"type":"Feature","id":"osm-land-road-963687662","properties":{"source":"© OpenStreetMap contributors; OSM way/963687662 (ODbL), snapshot 2026-07-15T15:22:01Z","osm_type":"way","osm_id":963687662,"osm_url":"https://www.openstreetmap.org/way/963687662","source_timestamp":"2026-07-15T15:22:01Z","scenario_only":false,"layer":"restricted","name":"Mapped transport corridor","restriction_type":"mapped_road_corridor","osm_highway":"footway","modeled_width_m":3.0,"context_scope":"candidate-site road check"},"geometry":{"type":"Polygon","coordinates":[[[-122.42139220039418,37.768287385848325],[-122.42135377049632,37.768289487483315],[-122.4213514295041,37.76826251251664],[-122.42138979960622,37.76826041415163],[-122.42143846971499,37.76825761587014],[-122.42144093028541,37.76828458412982],[-122.42139220039418,37.768287385848325]]]}},{"type":"Feature","id":"osm-land-road-963687663","properties":{"source":"© OpenStreetMap contributors; OSM way/963687663 (ODbL), snapshot 2026-07-15T15:22:01Z","osm_type":"way","osm_id":963687663,"osm_url":"https://www.openstreetmap.org/way/963687663","source_timestamp":"2026-07-15T15:22:01Z","scenario_only":false,"layer":"restricted","name":"Mapped transport corridor","restriction_type":"mapped_road_corridor","osm_highway":"footway","modeled_width_m":3.0,"context_scope":"candidate-site road check"},"geometry":{"type":"Polygon","coordinates":[[[-122.42121716799488,37.76829728195641],[-122.42087452644184,37.76831814919432],[-122.42101633332294,37.76985335474501],[-122.42147738412554,37.769824520953875],[-122.42223897320301,37.769778450053494],[-122.42219432212661,37.769330967511046],[-122.42222827787292,37.769328832486515],[-122.42227562680317,37.76980334994368],[-122.4214800158749,37.76985147904608],[-122.42098486667089,37.7698824452528],[-122.42083807356424,37.76829325080287],[-122.42121463200559,37.76827031804355],[-122.42134306678003,37.76826291603923],[-122.42134553322039,37.76828988396072],[-122.42121716799488,37.76829728195641]]]}},{"type":"Feature","id":"osm-land-road-963687664","properties":{"source":"© OpenStreetMap contributors; OSM way/963687664 (ODbL), snapshot 2026-07-15T15:22:01Z","osm_type":"way","osm_id":963687664,"osm_url":"https://www.openstreetmap.org/way/963687664","source_timestamp":"2026-07-15T15:22:01Z","scenario_only":false,"layer":"restricted","name":"Mapped transport corridor","restriction_type":"mapped_road_corridor","osm_highway":"footway","modeled_width_m":3.0,"context_scope":"candidate-site road check"},"geometry":{"type":"Polygon","coordinates":[[[-122.42219114649393,37.76930870593192],[-122.4221867248732,37.76926549454223],[-122.42222067512631,37.76926330545531],[-122.42222505350554,37.76930609406564],[-122.42222822353773,37.76932838331874],[-122.42219437646162,37.76933141667885],[-122.42219114649393,37.76930870593192]]]}},{"type":"Feature","id":"osm-land-road-963687665","properties":{"source":"© OpenStreetMap contributors; OSM way/963687665 (ODbL), snapshot 2026-07-15T15:22:01Z","osm_type":"way","osm_id":963687665,"osm_url":"https://www.openstreetmap.org/way/963687665","source_timestamp":"2026-07-15T15:22:01Z","scenario_only":false,"layer":"restricted","name":"Mapped transport corridor","restriction_type":"mapped_road_corridor","osm_highway":"footway","modeled_width_m":3.0,"context_scope":"candidate-site road check"},"geometry":{"type":"Polygon","coordinates":[[[-122.42136947717657,37.76835782772217],[-122.42147052791977,37.7693576753649],[-122.42221010590245,37.76931641382062],[-122.42221249409796,37.769343386179365],[-122.42143927207415,37.76938652463294],[-122.42133552282299,37.76835997227538],[-122.42132732195913,37.76827746339404],[-122.42136127804044,37.7682753366035],[-122.42136947717657,37.76835782772217]]]}},{"type":"Feature","id":"osm-land-road-964980872","properties":{"source":"© OpenStreetMap contributors; OSM way/964980872 (ODbL), snapshot 2026-07-15T15:22:01Z","osm_type":"way","osm_id":964980872,"osm_url":"https://www.openstreetmap.org/way/964980872","source_timestamp":"2026-07-15T15:22:01Z","scenario_only":false,"layer":"restricted","name":"Mapped transport corridor","restriction_type":"mapped_road_corridor","osm_highway":"footway","modeled_width_m":3.0,"context_scope":"candidate-site road check"},"geometry":{"type":"Polygon","coordinates":[[[-122.42455844327182,37.768005662032536],[-122.4245517540555,37.767952647401174],[-122.42458564594392,37.76794995259638],[-122.42459235672766,37.768003137965025],[-122.42459926614781,37.76806592343537],[-122.42456533385166,37.76806827656219],[-122.42455844327182,37.768005662032536]]]}},{"type":"Feature","id":"osm-land-road-964980873","properties":{"source":"© OpenStreetMap contributors; OSM way/964980873 (ODbL), snapshot 2026-07-15T15:22:01Z","osm_type":"way","osm_id":964980873,"osm_url":"https://www.openstreetmap.org/way/964980873","source_timestamp":"2026-07-15T15:22:01Z","scenario_only":false,"layer":"restricted","name":"Mapped transport corridor","restriction_type":"mapped_road_corridor","osm_highway":"footway","modeled_width_m":3.0,"context_scope":"candidate-site road check"},"geometry":{"type":"Polygon","coordinates":[[[-122.4265726147031,37.7678175448729],[-122.42654610187054,37.767830576606634],[-122.42652565950584,37.76784073730862],[-122.42542994858357,37.76790468307635],[-122.42542745141681,37.767877716923614],[-122.42651474049606,37.76781426269113],[-122.42652809813225,37.76780762339268],[-122.42653698530039,37.76780325512441],[-122.4264646249409,37.76709339042227],[-122.42649857505864,37.76709120957527],[-122.4265726147031,37.7678175448729]]]}},{"type":"Feature","id":"osm-land-road-964980874","properties":{"source":"© OpenStreetMap contributors; OSM way/964980874 (ODbL), snapshot 2026-07-15T15:22:01Z","osm_type":"way","osm_id":964980874,"osm_url":"https://www.openstreetmap.org/way/964980874","source_timestamp":"2026-07-15T15:22:01Z","scenario_only":false,"layer":"restricted","name":"Mapped transport corridor","restriction_type":"mapped_road_corridor","osm_highway":"footway","modeled_width_m":3.0,"context_scope":"candidate-site road check"},"geometry":{"type":"Polygon","coordinates":[[[-122.4244571505998,37.76794797749064],[-122.42435958592942,37.76795339774995],[-122.42432378260055,37.76795470517484],[-122.42432221739972,37.76792769482511],[-122.42435761407093,37.76792640225003],[-122.42445444940067,37.76792102250931],[-122.42453908801778,37.76791503392772],[-122.42454211198272,37.76794196607223],[-122.4244571505998,37.76794797749064]]]}},{"type":"Feature","id":"osm-land-road-964980875","properties":{"source":"© OpenStreetMap contributors; OSM way/964980875 (ODbL), snapshot 2026-07-15T15:22:01Z","osm_type":"way","osm_id":964980875,"osm_url":"https://www.openstreetmap.org/way/964980875","source_timestamp":"2026-07-15T15:22:01Z","scenario_only":false,"layer":"restricted","name":"Mapped transport corridor","restriction_type":"mapped_road_corridor","osm_highway":"footway","modeled_width_m":3.0,"context_scope":"candidate-site road check"},"geometry":{"type":"Polygon","coordinates":[[[-122.42456232391012,37.76795714418571],[-122.42453410713432,37.76793531905279],[-122.42439302432027,37.76646513726517],[-122.42517591790553,37.7664182189041],[-122.4251784820949,37.76644518109585],[-122.42442957568586,37.76649006273202],[-122.424567092863,37.76792308094485],[-122.42457507608744,37.76792925581388],[-122.42531980629228,37.76788421960489],[-122.42532239370819,37.767911180395075],[-122.42456232391012,37.76795714418571]]]}},{"type":"Feature","id":"osm-land-road-964980877","properties":{"source":"© OpenStreetMap contributors; OSM way/964980877 (ODbL), snapshot 2026-07-15T15:22:01Z","osm_type":"way","osm_id":964980877,"osm_url":"https://www.openstreetmap.org/way/964980877","source_timestamp":"2026-07-15T15:22:01Z","scenario_only":false,"layer":"restricted","name":"Mapped transport corridor","restriction_type":"mapped_road_corridor","osm_highway":"footway","modeled_width_m":3.0,"context_scope":"candidate-site road check"},"geometry":{"type":"Polygon","coordinates":[[[-122.42533698011859,37.76788525852304],[-122.4253380809843,37.767896667468115],[-122.42530411901528,37.76789873252942],[-122.425303019881,37.7678873414745],[-122.42516022109024,37.76643275040176],[-122.42519417890932,37.76643064959577],[-122.42533698011859,37.76788525852304]]]}},{"type":"Feature","id":"osm-land-road-964980878","properties":{"source":"© OpenStreetMap contributors; OSM way/964980878 (ODbL), snapshot 2026-07-15T15:22:01Z","osm_type":"way","osm_id":964980878,"osm_url":"https://www.openstreetmap.org/way/964980878","source_timestamp":"2026-07-15T15:22:01Z","scenario_only":false,"layer":"restricted","name":"Mapped transport corridor","restriction_type":"mapped_road_corridor","osm_highway":"footway","modeled_width_m":3.0,"context_scope":"candidate-site road check"},"geometry":{"type":"Polygon","coordinates":[[[-122.42541071895867,37.76788183190896],[-122.42526991957702,37.76642593485788],[-122.42530388042256,37.76642386513967],[-122.42544468075404,37.76787976512233],[-122.42544568132872,37.76789017105735],[-122.42541171867082,37.767892228940205],[-122.42541071895867,37.76788183190896]]]}},{"type":"Feature","id":"osm-land-road-964980879","properties":{"source":"© OpenStreetMap contributors; OSM way/964980879 (ODbL), snapshot 2026-07-15T15:22:01Z","osm_type":"way","osm_id":964980879,"osm_url":"https://www.openstreetmap.org/way/964980879","source_timestamp":"2026-07-15T15:22:01Z","scenario_only":false,"layer":"restricted","name":"Mapped transport corridor","restriction_type":"mapped_road_corridor","osm_highway":"footway","modeled_width_m":3.0,"context_scope":"candidate-site road check"},"geometry":{"type":"Polygon","coordinates":[[[-122.42534802918502,37.7678981897536],[-122.42533347276637,37.76789898736555],[-122.42533112723405,37.7678720126344],[-122.42534577081535,37.767871210246376],[-122.42541681440093,37.76786760803629],[-122.4254189855994,37.76789459196366],[-122.42534802918502,37.7678981897536]]]}},{"type":"Feature","id":"osm-land-road-969998989","properties":{"source":"© OpenStreetMap contributors; OSM way/969998989 (ODbL), snapshot 2026-07-15T15:22:01Z","osm_type":"way","osm_id":969998989,"osm_url":"https://www.openstreetmap.org/way/969998989","source_timestamp":"2026-07-15T15:22:01Z","scenario_only":false,"layer":"restricted","name":"Mission Street","restriction_type":"mapped_road_corridor","osm_highway":"footway","modeled_width_m":3.0,"context_scope":"candidate-site road check"},"geometry":{"type":"Polygon","coordinates":[[[-122.41979251707927,37.76495970965733],[-122.41976707653708,37.764713651373164],[-122.41975205388441,37.764674492301204],[-122.4196475863664,37.76353838015251],[-122.41965344119471,37.76350407090306],[-122.41966656391965,37.76349069337102],[-122.41969343608336,37.763507306627446],[-122.41968595880766,37.76351492909472],[-122.41968181363383,37.76353921984502],[-122.4197857461145,37.76466950769636],[-122.4198007234618,37.76470854862444],[-122.41982648292027,37.76495769034021],[-122.41983049115228,37.76500468673404],[-122.41979650884736,37.7650065132635],[-122.41979251707927,37.76495970965733]]]}},{"type":"Feature","id":"osm-land-road-969998996","properties":{"source":"© OpenStreetMap contributors; OSM way/969998996 (ODbL), snapshot 2026-07-15T15:22:01Z","osm_type":"way","osm_id":969998996,"osm_url":"https://www.openstreetmap.org/way/969998996","source_timestamp":"2026-07-15T15:22:01Z","scenario_only":false,"layer":"restricted","name":"Mission Street","restriction_type":"mapped_road_corridor","osm_highway":"footway","modeled_width_m":3.0,"context_scope":"candidate-site road check"},"geometry":{"type":"Polygon","coordinates":[[[-122.41943943813244,37.76352013292308],[-122.4194544540964,37.763547371172706],[-122.419592500273,37.764950586761735],[-122.41958872537818,37.764978898521704],[-122.41958431425613,37.76500877389437],[-122.41955048574464,37.76500562610321],[-122.41955487462255,37.764975901475864],[-122.41955829972713,37.76495021323574],[-122.41942094590217,37.76355402882493],[-122.41941016186476,37.76353446707506],[-122.41940019569734,37.763524934217386],[-122.41942640429966,37.7635076657811],[-122.41943943813244,37.76352013292308]]]}},{"type":"Feature","id":"osm-land-road-970291486","properties":{"source":"© OpenStreetMap contributors; OSM way/970291486 (ODbL), snapshot 2026-07-15T15:22:01Z","osm_type":"way","osm_id":970291486,"osm_url":"https://www.openstreetmap.org/way/970291486","source_timestamp":"2026-07-15T15:22:01Z","scenario_only":false,"layer":"restricted","name":"Mission Street","restriction_type":"mapped_road_corridor","osm_highway":"footway","modeled_width_m":3.0,"context_scope":"candidate-site road check"},"geometry":{"type":"Polygon","coordinates":[[[-122.41960040488503,37.76516376359815],[-122.41960391815705,37.76518644926407],[-122.41962303167415,37.76532694839002],[-122.41963086512749,37.76538469489792],[-122.41974001105486,37.76659939003936],[-122.41974510162517,37.76661965625367],[-122.41971169837367,37.76662494374393],[-122.41970618894433,37.76660300995819],[-122.41959693487199,37.765387105099634],[-122.41958916804658,37.765329849559706],[-122.41957008184228,37.76518955073348],[-122.41956659511428,37.765167036399404],[-122.41956039309787,37.76512632310192],[-122.41959420690141,37.765123076895655],[-122.41960040488503,37.76516376359815]]]}},{"type":"Feature","id":"osm-land-road-970291487","properties":{"source":"© OpenStreetMap contributors; OSM way/970291487 (ODbL), snapshot 2026-07-15T15:22:01Z","osm_type":"way","osm_id":970291487,"osm_url":"https://www.openstreetmap.org/way/970291487","source_timestamp":"2026-07-15T15:22:01Z","scenario_only":false,"layer":"restricted","name":"Mission Street","restriction_type":"mapped_road_corridor","osm_highway":"footway","modeled_width_m":3.0,"context_scope":"candidate-site road check"},"geometry":{"type":"Polygon","coordinates":[[[-122.41993710616958,37.76659387297342],[-122.41982261710974,37.76535530645685],[-122.41981581673465,37.765284202365066],[-122.41980580830106,37.76517501917871],[-122.419809057132,37.765149130104746],[-122.41980837186352,37.765113104126655],[-122.41984242813643,37.76511269587086],[-122.41984314286829,37.76515026989278],[-122.41983999169908,37.765175380818825],[-122.41984978326491,37.7652821976325],[-122.41985658288984,37.76535329354069],[-122.41997089382959,37.76658992702416],[-122.4199757240737,37.766607164351974],[-122.41994247592501,37.766613035645676],[-122.41993710616958,37.76659387297342]]]}},{"type":"Feature","id":"osm-land-road-970291488","properties":{"source":"© OpenStreetMap contributors; OSM way/970291488 (ODbL), snapshot 2026-07-15T15:22:01Z","osm_type":"way","osm_id":970291488,"osm_url":"https://www.openstreetmap.org/way/970291488","source_timestamp":"2026-07-15T15:22:01Z","scenario_only":false,"layer":"restricted","name":"Mapped transport corridor","restriction_type":"mapped_road_corridor","osm_highway":"footway","modeled_width_m":3.0,"context_scope":"candidate-site road check"},"geometry":{"type":"Polygon","coordinates":[[[-122.41958839315268,37.76505940610961],[-122.41959428521704,37.76512371932934],[-122.41956031478253,37.765125680668206],[-122.41955440684693,37.76506119388795],[-122.41955040031644,37.765008007033906],[-122.41958439968323,37.765006392963635],[-122.41958839315268,37.76505940610961]]]}},{"type":"Feature","id":"osm-land-road-970291489","properties":{"source":"© OpenStreetMap contributors; OSM way/970291489 (ODbL), snapshot 2026-07-15T15:22:01Z","osm_type":"way","osm_id":970291489,"osm_url":"https://www.openstreetmap.org/way/970291489","source_timestamp":"2026-07-15T15:22:01Z","scenario_only":false,"layer":"restricted","name":"Mapped transport corridor","restriction_type":"mapped_road_corridor","osm_highway":"footway","modeled_width_m":3.0,"context_scope":"candidate-site road check"},"geometry":{"type":"Polygon","coordinates":[[[-122.41980063512548,37.76504428183683],[-122.41979653373356,37.76500676902728],[-122.41983046626594,37.765004430970265],[-122.419834564874,37.76504191816072],[-122.41984236345873,37.76511170535299],[-122.41980843654078,37.76511409464456],[-122.41980063512548,37.76504428183683]]]}},{"type":"Feature","id":"osm-land-road-970291491","properties":{"source":"© OpenStreetMap contributors; OSM way/970291491 (ODbL), snapshot 2026-07-15T15:22:01Z","osm_type":"way","osm_id":970291491,"osm_url":"https://www.openstreetmap.org/way/970291491","source_timestamp":"2026-07-15T15:22:01Z","scenario_only":false,"layer":"restricted","name":"16th Street","restriction_type":"mapped_road_corridor","osm_highway":"secondary","modeled_width_m":16.0,"context_scope":"candidate-site road check"},"geometry":{"type":"Polygon","coordinates":[[[-122.41987454763984,37.76496685935603],[-122.41989005237426,37.7651105406427],[-122.41982535231202,37.76511494064639],[-122.41980984770207,37.76497125935236],[-122.41987454763984,37.76496685935603]]]}},{"type":"Feature","id":"osm-land-road-970291492","properties":{"source":"© OpenStreetMap contributors; OSM way/970291492 (ODbL), snapshot 2026-07-15T15:22:01Z","osm_type":"way","osm_id":970291492,"osm_url":"https://www.openstreetmap.org/way/970291492","source_timestamp":"2026-07-15T15:22:01Z","scenario_only":false,"layer":"restricted","name":"Mission Street","restriction_type":"mapped_road_corridor","osm_highway":"secondary","modeled_width_m":16.0,"context_scope":"candidate-site road check"},"geometry":{"type":"Polygon","coordinates":[[[-122.41979083058746,37.76515397820233],[-122.41960976939926,37.765165621728],[-122.41959876953003,37.76505782172073],[-122.4197798304567,37.7650461782096],[-122.41979083058746,37.76515397820233]]]}},{"type":"Feature","id":"osm-land-road-970291493","properties":{"source":"© OpenStreetMap contributors; OSM way/970291493 (ODbL), snapshot 2026-07-15T15:22:01Z","osm_type":"way","osm_id":970291493,"osm_url":"https://www.openstreetmap.org/way/970291493","source_timestamp":"2026-07-15T15:22:01Z","scenario_only":false,"layer":"restricted","name":"16th Street","restriction_type":"mapped_road_corridor","osm_highway":"footway","modeled_width_m":3.0,"context_scope":"candidate-site road check"},"geometry":{"type":"Polygon","coordinates":[[[-122.41982311966973,37.765136389171616],[-122.41990632687055,37.765124574556545],[-122.42045886259444,37.76509002229652],[-122.420461537406,37.76511697770344],[-122.41991067313022,37.765151425443385],[-122.4198290803313,37.765163010828275],[-122.41980196221954,37.76516681336789],[-122.41979603778148,37.76514018663198],[-122.41982311966973,37.765136389171616]]]}},{"type":"Feature","id":"osm-land-road-970291494","properties":{"source":"© OpenStreetMap contributors; OSM way/970291494 (ODbL), snapshot 2026-07-15T15:22:01Z","osm_type":"way","osm_id":970291494,"osm_url":"https://www.openstreetmap.org/way/970291494","source_timestamp":"2026-07-15T15:22:01Z","scenario_only":false,"layer":"restricted","name":"Mapped transport corridor","restriction_type":"mapped_road_corridor","osm_highway":"footway","modeled_width_m":3.0,"context_scope":"candidate-site road check"},"geometry":{"type":"Polygon","coordinates":[[[-122.41969892492752,37.76514632468665],[-122.41979763509822,37.76514002403486],[-122.41980036490223,37.76516697596508],[-122.41970166997844,37.765173275640926],[-122.41963947506173,37.76517727531393],[-122.41963672493874,37.76515032468602],[-122.41969892492752,37.76514632468665]]]}},{"type":"Feature","id":"osm-land-road-970291496","properties":{"source":"© OpenStreetMap contributors; OSM way/970291496 (ODbL), snapshot 2026-07-15T15:22:01Z","osm_type":"way","osm_id":970291496,"osm_url":"https://www.openstreetmap.org/way/970291496","source_timestamp":"2026-07-15T15:22:01Z","scenario_only":false,"layer":"restricted","name":"16th Street","restriction_type":"mapped_road_corridor","osm_highway":"footway","modeled_width_m":3.0,"context_scope":"candidate-site road check"},"geometry":{"type":"Polygon","coordinates":[[[-122.42053209241851,37.76493697469857],[-122.4204340876548,37.76494268079812],[-122.42016827278024,37.76495920659001],[-122.42012688710265,37.76496000686473],[-122.42008444467744,37.76494083287642],[-122.4200573154028,37.76494151299737],[-122.42001549209128,37.76495925321605],[-122.4198116345471,37.76497212736575],[-122.41976300951848,37.76497882068932],[-122.41975719048256,37.76495217931059],[-122.41980736545361,37.76494527263417],[-122.42000570791045,37.76493274678375],[-122.4200482845988,37.764914687002424],[-122.42009295532095,37.764913567123386],[-122.42013551289571,37.76493279313507],[-122.42016652722006,37.764932193409955],[-122.42043151234564,37.76491571920183],[-122.42052930758197,37.76491002530139],[-122.42055276103513,37.764908335857676],[-122.42055583896544,37.76493526414229],[-122.42053209241851,37.76493697469857]]]}},{"type":"Feature","id":"osm-land-road-970291497","properties":{"source":"© OpenStreetMap contributors; OSM way/970291497 (ODbL), snapshot 2026-07-15T15:22:01Z","osm_type":"way","osm_id":970291497,"osm_url":"https://www.openstreetmap.org/way/970291497","source_timestamp":"2026-07-15T15:22:01Z","scenario_only":false,"layer":"restricted","name":"Mapped transport corridor","restriction_type":"mapped_road_corridor","osm_highway":"footway","modeled_width_m":3.0,"context_scope":"candidate-site road check"},"geometry":{"type":"Polygon","coordinates":[[[-122.41967988973923,37.76498348642541],[-122.4196011963919,37.764987886053355],[-122.41959880360855,37.764960913946624],[-122.41967750359429,37.76495651394727],[-122.4197589169242,37.76495201320607],[-122.41976128307623,37.764978986793885],[-122.41967988973923,37.76498348642541]]]}},{"type":"Feature","id":"osm-land-road-970291498","properties":{"source":"© OpenStreetMap contributors; OSM way/970291498 (ODbL), snapshot 2026-07-15T15:22:01Z","osm_type":"way","osm_id":970291498,"osm_url":"https://www.openstreetmap.org/way/970291498","source_timestamp":"2026-07-15T15:22:01Z","scenario_only":false,"layer":"restricted","name":"16th Street","restriction_type":"mapped_road_corridor","osm_highway":"footway","modeled_width_m":3.0,"context_scope":"candidate-site road check"},"geometry":{"type":"Polygon","coordinates":[[[-122.41882305630031,37.76519292269363],[-122.4192694633239,37.76516502225279],[-122.4192721366766,37.76519197774717],[-122.41882574014785,37.76521987752951],[-122.41871274367975,37.76522697730743],[-122.4187100563207,37.76520002269254],[-122.41882305630031,37.76519292269363]]]}},{"type":"Feature","id":"osm-land-road-970291499","properties":{"source":"© OpenStreetMap contributors; OSM way/970291499 (ODbL), snapshot 2026-07-15T15:22:01Z","osm_type":"way","osm_id":970291499,"osm_url":"https://www.openstreetmap.org/way/970291499","source_timestamp":"2026-07-15T15:22:01Z","scenario_only":false,"layer":"restricted","name":"Mapped transport corridor","restriction_type":"mapped_road_corridor","osm_highway":"footway","modeled_width_m":3.0,"context_scope":"candidate-site road check"},"geometry":{"type":"Polygon","coordinates":[[[-122.41869429222126,37.76522808048251],[-122.41861730618893,37.765232779629805],[-122.41853712172363,37.76523767868058],[-122.41852753663646,37.76523827774851],[-122.41852486336403,37.76521132225146],[-122.41853447827685,37.76521072131939],[-122.41861469317664,37.76520582040892],[-122.4186917077792,37.765201119517435],[-122.41871012114136,37.765200018718595],[-122.41871267885908,37.76522698128138],[-122.41869429222126,37.76522808048251]]]}},{"type":"Feature","id":"osm-land-road-970291500","properties":{"source":"© OpenStreetMap contributors; OSM way/970291500 (ODbL), snapshot 2026-07-15T15:22:01Z","osm_type":"way","osm_id":970291500,"osm_url":"https://www.openstreetmap.org/way/970291500","source_timestamp":"2026-07-15T15:22:01Z","scenario_only":false,"layer":"restricted","name":"16th Street","restriction_type":"mapped_road_corridor","osm_highway":"footway","modeled_width_m":3.0,"context_scope":"candidate-site road check"},"geometry":{"type":"Polygon","coordinates":[[[-122.4195740619304,37.76499079967602],[-122.41953586915596,37.76499485196047],[-122.41894677922897,37.76503008125985],[-122.41894422077148,37.765003118740104],[-122.41953233084466,37.76496794803946],[-122.41956954101245,37.76496400001091],[-122.4195977380654,37.7649610003244],[-122.4196022619354,37.76498779967553],[-122.4195740619304,37.76499079967602]]]}},{"type":"Feature","id":"osm-land-road-970291501","properties":{"source":"© OpenStreetMap contributors; OSM way/970291501 (ODbL), snapshot 2026-07-15T15:22:01Z","osm_type":"way","osm_id":970291501,"osm_url":"https://www.openstreetmap.org/way/970291501","source_timestamp":"2026-07-15T15:22:01Z","scenario_only":false,"layer":"restricted","name":"Mapped transport corridor","restriction_type":"mapped_road_corridor","osm_highway":"footway","modeled_width_m":3.0,"context_scope":"candidate-site road check"},"geometry":{"type":"Polygon","coordinates":[[[-122.41863921767269,37.76502453169167],[-122.41871144958999,37.765019236682384],[-122.41879768986732,37.765013040972896],[-122.41880521471352,37.765012446906084],[-122.41880858528705,37.765039353093876],[-122.41880091013323,37.765039959027064],[-122.41871455041053,37.76504616331757],[-122.41864218232782,37.76505146830828],[-122.41863139867706,37.76505217378074],[-122.41862860132342,37.7650252262192],[-122.41863921767269,37.76502453169167]]]}},{"type":"Feature","id":"osm-land-road-970291502","properties":{"source":"© OpenStreetMap contributors; OSM way/970291502 (ODbL), snapshot 2026-07-15T15:22:01Z","osm_type":"way","osm_id":970291502,"osm_url":"https://www.openstreetmap.org/way/970291502","source_timestamp":"2026-07-15T15:22:01Z","scenario_only":false,"layer":"restricted","name":"Mapped transport corridor","restriction_type":"mapped_road_corridor","osm_highway":"footway","modeled_width_m":3.0,"context_scope":"candidate-site road check"},"geometry":{"type":"Polygon","coordinates":[[[-122.41762112382693,37.76508148188823],[-122.41770664044031,37.76508177847761],[-122.41845807372775,37.76503992118322],[-122.41850620790794,37.76503663251241],[-122.41857296351859,37.76503187133962],[-122.41862745463959,37.765025332404896],[-122.41863254536129,37.76505206759501],[-122.41857703648215,37.7650587286603],[-122.41850919209257,37.76506356748753],[-122.41846072627267,37.76506687881674],[-122.41770775955987,37.76510882152235],[-122.4176202761729,37.765108518111745],[-122.41758942710501,37.76510740552239],[-122.41759097289469,37.76508039447754],[-122.41762112382693,37.76508148188823]]]}},{"type":"Feature","id":"osm-land-road-970291503","properties":{"source":"© OpenStreetMap contributors; OSM way/970291503 (ODbL), snapshot 2026-07-15T15:22:01Z","osm_type":"way","osm_id":970291503,"osm_url":"https://www.openstreetmap.org/way/970291503","source_timestamp":"2026-07-15T15:22:01Z","scenario_only":false,"layer":"restricted","name":"Mapped transport corridor","restriction_type":"mapped_road_corridor","osm_highway":"footway","modeled_width_m":3.0,"context_scope":"candidate-site road check"},"geometry":{"type":"Polygon","coordinates":[[[-122.4176741613055,37.76529167609259],[-122.41765801906371,37.76529521287581],[-122.41763620701172,37.765300192796346],[-122.41762679298988,37.76527420720342],[-122.41764878093794,37.765269187124005],[-122.41766823869553,37.76526492390731],[-122.41852486173133,37.76521132235356],[-122.41852753826916,37.7652382776464],[-122.4176741613055,37.76529167609259]]]}},{"type":"Feature","id":"osm-land-road-970308486","properties":{"source":"© OpenStreetMap contributors; OSM way/970308486 (ODbL), snapshot 2026-07-15T15:22:01Z","osm_type":"way","osm_id":970308486,"osm_url":"https://www.openstreetmap.org/way/970308486","source_timestamp":"2026-07-15T15:22:01Z","scenario_only":false,"layer":"restricted","name":"Mapped transport corridor","restriction_type":"mapped_road_corridor","osm_highway":"footway","modeled_width_m":3.0,"context_scope":"candidate-site road check"},"geometry":{"type":"Polygon","coordinates":[[[-122.41868557573572,37.76357151100066],[-122.41881368838173,37.7649899474619],[-122.41882347281324,37.76502278825143],[-122.4187903271854,37.76502901174623],[-122.41877991161738,37.76499405253566],[-122.41865182426332,37.76357588899692],[-122.41864840961017,37.76356537545217],[-122.41868139038837,37.76355862454549],[-122.41868557573572,37.76357151100066]]]}},{"type":"Feature","id":"osm-land-road-970308506","properties":{"source":"© OpenStreetMap contributors; OSM way/970308506 (ODbL), snapshot 2026-07-15T15:22:01Z","osm_type":"way","osm_id":970308506,"osm_url":"https://www.openstreetmap.org/way/970308506","source_timestamp":"2026-07-15T15:22:01Z","scenario_only":false,"layer":"restricted","name":"Capp Street","restriction_type":"mapped_road_corridor","osm_highway":"footway","modeled_width_m":3.0,"context_scope":"candidate-site road check"},"geometry":{"type":"Polygon","coordinates":[[[-122.41858677810797,37.76566524336099],[-122.41855282189158,37.76566735663655],[-122.41850922199208,37.76522585663118],[-122.41854317800751,37.76522374336637],[-122.41858677810797,37.76566524336099]]]}},{"type":"Feature","id":"osm-land-road-970308509","properties":{"source":"© OpenStreetMap contributors; OSM way/970308509 (ODbL), snapshot 2026-07-15T15:22:01Z","osm_type":"way","osm_id":970308509,"osm_url":"https://www.openstreetmap.org/way/970308509","source_timestamp":"2026-07-15T15:22:01Z","scenario_only":false,"layer":"restricted","name":"Mapped transport corridor","restriction_type":"mapped_road_corridor","osm_highway":"footway","modeled_width_m":3.0,"context_scope":"candidate-site road check"},"geometry":{"type":"Polygon","coordinates":[[[-122.4188251872928,37.76503874120752],[-122.41883098150286,37.76510697284214],[-122.41883947293488,37.765186292637495],[-122.41884137668687,37.76520533011373],[-122.41880742331273,37.76520746988381],[-122.41880552706468,37.76518850736008],[-122.41879701849673,37.765109027155376],[-122.41879121270682,37.76504065879003],[-122.41878991736631,37.76502690821907],[-122.41882388263328,37.765024891778495],[-122.4188251872928,37.76503874120752]]]}},{"type":"Feature","id":"osm-land-road-970308511","properties":{"source":"© OpenStreetMap contributors; OSM way/970308511 (ODbL), snapshot 2026-07-15T15:22:01Z","osm_type":"way","osm_id":970308511,"osm_url":"https://www.openstreetmap.org/way/970308511","source_timestamp":"2026-07-15T15:22:01Z","scenario_only":false,"layer":"restricted","name":"Mapped transport corridor","restriction_type":"mapped_road_corridor","osm_highway":"footway","modeled_width_m":3.0,"context_scope":"candidate-site road check"},"geometry":{"type":"Polygon","coordinates":[[[-122.41852607190263,37.765062583514776],[-122.41853296965282,37.765127762114666],[-122.41854187164091,37.76521098052206],[-122.41854317414999,37.76522370500513],[-122.41850922584959,37.76522589499242],[-122.4185079283586,37.76521321947547],[-122.41849903099572,37.76513004395013],[-122.41849212809687,37.76506481648276],[-122.41849072652131,37.76505120114709],[-122.41852467347822,37.765048998850446],[-122.41852607190263,37.765062583514776]]]}},{"type":"Feature","id":"osm-land-road-1028514437","properties":{"source":"© OpenStreetMap contributors; OSM way/1028514437 (ODbL), snapshot 2026-07-15T15:22:01Z","osm_type":"way","osm_id":1028514437,"osm_url":"https://www.openstreetmap.org/way/1028514437","source_timestamp":"2026-07-15T15:22:01Z","scenario_only":false,"layer":"restricted","name":"Mapped transport corridor","restriction_type":"mapped_road_corridor","osm_highway":"service","modeled_width_m":7.0,"context_scope":"candidate-site road check"},"geometry":{"type":"Polygon","coordinates":[[[-122.43004352529658,37.76298294952431],[-122.4299642747011,37.76298765046234],[-122.4299546747553,37.76288565045959],[-122.43003392524238,37.76288094952706],[-122.43004352529658,37.76298294952431]]]}},{"type":"Feature","id":"osm-land-road-1061937227","properties":{"source":"© OpenStreetMap contributors; OSM way/1061937227 (ODbL), snapshot 2026-07-15T15:22:01Z","osm_type":"way","osm_id":1061937227,"osm_url":"https://www.openstreetmap.org/way/1061937227","source_timestamp":"2026-07-15T15:22:01Z","scenario_only":false,"layer":"restricted","name":"Mapped transport corridor","restriction_type":"mapped_road_corridor","osm_highway":"steps","modeled_width_m":3.0,"context_scope":"candidate-site road check"},"geometry":{"type":"Polygon","coordinates":[[[-122.42746430607848,37.761130869518],[-122.42749829392116,37.76112913047955],[-122.42750049392735,37.76115623047929],[-122.4274665060723,37.761157969518266],[-122.42746430607848,37.761130869518]]]}},{"type":"Feature","id":"osm-land-road-1061937228","properties":{"source":"© OpenStreetMap contributors; OSM way/1061937228 (ODbL), snapshot 2026-07-15T15:22:01Z","osm_type":"way","osm_id":1061937228,"osm_url":"https://www.openstreetmap.org/way/1061937228","source_timestamp":"2026-07-15T15:22:01Z","scenario_only":false,"layer":"restricted","name":"Mapped transport corridor","restriction_type":"mapped_road_corridor","osm_highway":"footway","modeled_width_m":3.0,"context_scope":"candidate-site road check"},"geometry":{"type":"Polygon","coordinates":[[[-122.42744269964537,37.76083608535345],[-122.4274767003543,37.76083451464409],[-122.4274983004216,37.76112921464157],[-122.42746429957806,37.76113078535599],[-122.42744269964537,37.76083608535345]]]}},{"type":"Feature","id":"osm-land-road-1061937235","properties":{"source":"© OpenStreetMap contributors; OSM way/1061937235 (ODbL), snapshot 2026-07-15T15:22:01Z","osm_type":"way","osm_id":1061937235,"osm_url":"https://www.openstreetmap.org/way/1061937235","source_timestamp":"2026-07-15T15:22:01Z","scenario_only":false,"layer":"restricted","name":"Mapped transport corridor","restriction_type":"mapped_road_corridor","osm_highway":"footway","modeled_width_m":3.0,"context_scope":"candidate-site road check"},"geometry":{"type":"Polygon","coordinates":[[[-122.42767984643326,37.75979379511921],[-122.42769042977537,37.75979139889081],[-122.42769977022623,37.759817401109],[-122.42768915356837,37.7598198048806],[-122.42766643689913,37.75982490862569],[-122.42765716310245,37.75979889137411],[-122.42767984643326,37.75979379511921]]]}},{"type":"Feature","id":"osm-land-road-1061937236","properties":{"source":"© OpenStreetMap contributors; OSM way/1061937236 (ODbL), snapshot 2026-07-15T15:22:01Z","osm_type":"way","osm_id":1061937236,"osm_url":"https://www.openstreetmap.org/way/1061937236","source_timestamp":"2026-07-15T15:22:01Z","scenario_only":false,"layer":"restricted","name":"Mapped transport corridor","restriction_type":"mapped_road_corridor","osm_highway":"footway","modeled_width_m":3.0,"context_scope":"candidate-site road check"},"geometry":{"type":"Polygon","coordinates":[[[-122.42778077575204,37.75996607932079],[-122.42775194995319,37.759915854013855],[-122.42770348624815,37.75986960633437],[-122.42765683524878,37.75983088294944],[-122.42764746096566,37.75981919266436],[-122.42762841232306,37.7597957316181],[-122.42761909645354,37.759769692063415],[-122.4276142770788,37.75974219968533],[-122.42761740374743,37.75971104088619],[-122.42762497616235,37.75968075125372],[-122.42763485162192,37.75965575401082],[-122.42766734837993,37.75966384598694],[-122.42765802383914,37.759687448743975],[-122.42765119625342,37.7597147591114],[-122.42764852292106,37.759741400312166],[-122.42765250354526,37.7597641079342],[-122.42765978767457,37.759784468379806],[-122.42767613903152,37.75980460733386],[-122.42768376474821,37.75981411704899],[-122.4277289137488,37.75985159366424],[-122.42778105004399,37.759901345984304],[-122.42781122424547,37.7599539206772],[-122.42785110734448,37.76001126501643],[-122.42782129265294,37.760024334981644],[-122.42778077575204,37.75996607932079]]]}},{"type":"Feature","id":"osm-land-road-1061937241","properties":{"source":"© OpenStreetMap contributors; OSM way/1061937241 (ODbL), snapshot 2026-07-15T15:22:01Z","osm_type":"way","osm_id":1061937241,"osm_url":"https://www.openstreetmap.org/way/1061937241","source_timestamp":"2026-07-15T15:22:01Z","scenario_only":false,"layer":"restricted","name":"Mapped transport corridor","restriction_type":"mapped_road_corridor","osm_highway":"steps","modeled_width_m":3.0,"context_scope":"candidate-site road check"},"geometry":{"type":"Polygon","coordinates":[[[-122.42770287348483,37.75978810684443],[-122.42772025843514,37.75978010424847],[-122.42773734156754,37.75980349575091],[-122.42771692651748,37.75981289315511],[-122.4277004643899,37.7598172311484],[-122.4276897356119,37.75979156885135],[-122.42770287348483,37.75978810684443]]]}},{"type":"Feature","id":"osm-land-road-1061937242","properties":{"source":"© OpenStreetMap contributors; OSM way/1061937242 (ODbL), snapshot 2026-07-15T15:22:01Z","osm_type":"way","osm_id":1061937242,"osm_url":"https://www.openstreetmap.org/way/1061937242","source_timestamp":"2026-07-15T15:22:01Z","scenario_only":false,"layer":"restricted","name":"Mapped transport corridor","restriction_type":"mapped_road_corridor","osm_highway":"footway","modeled_width_m":3.0,"context_scope":"candidate-site road check"},"geometry":{"type":"Polygon","coordinates":[[[-122.42772482138649,37.75977710259387],[-122.42773403862861,37.759769636628654],[-122.4277583613745,37.75978856337012],[-122.42774757861658,37.759797297405015],[-122.42773929814301,37.759802444726944],[-122.42771830185998,37.75978115527213],[-122.42772482138649,37.75977710259387]]]}},{"type":"Feature","id":"osm-land-road-1061937244","properties":{"source":"© OpenStreetMap contributors; OSM way/1061937244 (ODbL), snapshot 2026-07-15T15:22:01Z","osm_type":"way","osm_id":1061937244,"osm_url":"https://www.openstreetmap.org/way/1061937244","source_timestamp":"2026-07-15T15:22:01Z","scenario_only":false,"layer":"restricted","name":"Mapped transport corridor","restriction_type":"mapped_road_corridor","osm_highway":"footway","modeled_width_m":3.0,"context_scope":"candidate-site road check"},"geometry":{"type":"Polygon","coordinates":[[[-122.42610856302683,37.75976728224001],[-122.42610603697364,37.759740317759935],[-122.42621103695463,37.759734117760885],[-122.42621356304579,37.759761082239066],[-122.42610856302683,37.75976728224001]]]}},{"type":"Feature","id":"osm-land-road-1061937245","properties":{"source":"© OpenStreetMap contributors; OSM way/1061937245 (ODbL), snapshot 2026-07-15T15:22:01Z","osm_type":"way","osm_id":1061937245,"osm_url":"https://www.openstreetmap.org/way/1061937245","source_timestamp":"2026-07-15T15:22:01Z","scenario_only":false,"layer":"restricted","name":"Mapped transport corridor","restriction_type":"mapped_road_corridor","osm_highway":"footway","modeled_width_m":3.0,"context_scope":"candidate-site road check"},"geometry":{"type":"Polygon","coordinates":[[[-122.42612286663098,37.75991678202673],[-122.42612033336948,37.75988981797322],[-122.42622503335053,37.75988361797419],[-122.4262275666499,37.759910582025775],[-122.42612286663098,37.75991678202673]]]}},{"type":"Feature","id":"osm-land-road-1061937246","properties":{"source":"© OpenStreetMap contributors; OSM way/1061937246 (ODbL), snapshot 2026-07-15T15:22:01Z","osm_type":"way","osm_id":1061937246,"osm_url":"https://www.openstreetmap.org/way/1061937246","source_timestamp":"2026-07-15T15:22:01Z","scenario_only":false,"layer":"restricted","name":"Mapped transport corridor","restriction_type":"mapped_road_corridor","osm_highway":"steps","modeled_width_m":3.0,"context_scope":"candidate-site road check"},"geometry":{"type":"Polygon","coordinates":[[[-122.42630693803589,37.75976191769696],[-122.42630946196452,37.75978888230299],[-122.4262755619584,37.7597908823033],[-122.42627303804204,37.75976391769665],[-122.42630693803589,37.75976191769696]]]}},{"type":"Feature","id":"osm-land-road-1061937247","properties":{"source":"© OpenStreetMap contributors; OSM way/1061937247 (ODbL), snapshot 2026-07-15T15:22:01Z","osm_type":"way","osm_id":1061937247,"osm_url":"https://www.openstreetmap.org/way/1061937247","source_timestamp":"2026-07-15T15:22:01Z","scenario_only":false,"layer":"restricted","name":"Mapped transport corridor","restriction_type":"mapped_road_corridor","osm_highway":"footway","modeled_width_m":3.0,"context_scope":"candidate-site road check"},"geometry":{"type":"Polygon","coordinates":[[[-122.42627302897827,37.75976391823332],[-122.42627557102217,37.75979088176664],[-122.42621667101152,37.759794381767186],[-122.42621412898893,37.75976741823279],[-122.42627302897827,37.75976391823332]]]}},{"type":"Feature","id":"osm-land-road-1061937248","properties":{"source":"© OpenStreetMap contributors; OSM way/1061937248 (ODbL), snapshot 2026-07-15T15:22:01Z","osm_type":"way","osm_id":1061937248,"osm_url":"https://www.openstreetmap.org/way/1061937248","source_timestamp":"2026-07-15T15:22:01Z","scenario_only":false,"layer":"restricted","name":"Mapped transport corridor","restriction_type":"mapped_road_corridor","osm_highway":"footway","modeled_width_m":3.0,"context_scope":"candidate-site road check"},"geometry":{"type":"Polygon","coordinates":[[[-122.42619841741828,37.75978189611548],[-122.42619406145155,37.75973510447925],[-122.42631095659964,37.75972830971768],[-122.4263422847691,37.75974963697105],[-122.42632011522782,37.75977016302784],[-122.4262994433982,37.759756090282],[-122.42623053855456,37.75976009551795],[-122.42623238254745,37.75977990351829],[-122.42623518262354,37.75981000426224],[-122.426201217376,37.759811995735326],[-122.42619841741828,37.75978189611548]]]}},{"type":"Feature","id":"osm-land-road-1061937249","properties":{"source":"© OpenStreetMap contributors; OSM way/1061937249 (ODbL), snapshot 2026-07-15T15:22:01Z","osm_type":"way","osm_id":1061937249,"osm_url":"https://www.openstreetmap.org/way/1061937249","source_timestamp":"2026-07-15T15:22:01Z","scenario_only":false,"layer":"restricted","name":"Mapped transport corridor","restriction_type":"mapped_road_corridor","osm_highway":"steps","modeled_width_m":3.0,"context_scope":"candidate-site road check"},"geometry":{"type":"Polygon","coordinates":[[[-122.42631489015682,37.759849514685925],[-122.4263173098436,37.759876485314045],[-122.42628370983752,37.75987838531433],[-122.42628129016292,37.759851414685635],[-122.42631489015682,37.759849514685925]]]}},{"type":"Feature","id":"osm-land-road-1061937250","properties":{"source":"© OpenStreetMap contributors; OSM way/1061937250 (ODbL), snapshot 2026-07-15T15:22:01Z","osm_type":"way","osm_id":1061937250,"osm_url":"https://www.openstreetmap.org/way/1061937250","source_timestamp":"2026-07-15T15:22:01Z","scenario_only":false,"layer":"restricted","name":"Mapped transport corridor","restriction_type":"mapped_road_corridor","osm_highway":"footway","modeled_width_m":3.0,"context_scope":"candidate-site road check"},"geometry":{"type":"Polygon","coordinates":[[[-122.42628122897527,37.759851418233595],[-122.42628377102518,37.75987838176636],[-122.42622487101451,37.7598818817669],[-122.42622232898593,37.75985491823307],[-122.42628122897527,37.759851418233595]]]}},{"type":"Feature","id":"osm-land-road-1061951143","properties":{"source":"© OpenStreetMap contributors; OSM way/1061951143 (ODbL), snapshot 2026-07-15T15:22:01Z","osm_type":"way","osm_id":1061951143,"osm_url":"https://www.openstreetmap.org/way/1061951143","source_timestamp":"2026-07-15T15:22:01Z","scenario_only":false,"layer":"restricted","name":"Mapped transport corridor","restriction_type":"mapped_road_corridor","osm_highway":"steps","modeled_width_m":3.0,"context_scope":"candidate-site road check"},"geometry":{"type":"Polygon","coordinates":[[[-122.42615156099949,37.75982848235962],[-122.42614903900093,37.759801517640334],[-122.42619483899267,37.75979881764074],[-122.42619736100778,37.75982578235918],[-122.42615156099949,37.75982848235962]]]}},{"type":"Feature","id":"osm-land-road-1061951144","properties":{"source":"© OpenStreetMap contributors; OSM way/1061951144 (ODbL), snapshot 2026-07-15T15:22:01Z","osm_type":"way","osm_id":1061951144,"osm_url":"https://www.openstreetmap.org/way/1061951144","source_timestamp":"2026-07-15T15:22:01Z","scenario_only":false,"layer":"restricted","name":"Mapped transport corridor","restriction_type":"mapped_road_corridor","osm_highway":"footway","modeled_width_m":3.0,"context_scope":"candidate-site road check"},"geometry":{"type":"Polygon","coordinates":[[[-122.42611455581854,37.759830682670355],[-122.42601273982103,37.75983658359736],[-122.42601026017941,37.75980961640258],[-122.4261120441819,37.759803717329596],[-122.4261490281982,37.759801518279914],[-122.42615157180225,37.759828481720035],[-122.42611455581854,37.759830682670355]]]}},{"type":"Feature","id":"osm-land-road-1061959307","properties":{"source":"© OpenStreetMap contributors; OSM way/1061959307 (ODbL), snapshot 2026-07-15T15:22:01Z","osm_type":"way","osm_id":1061959307,"osm_url":"https://www.openstreetmap.org/way/1061959307","source_timestamp":"2026-07-15T15:22:01Z","scenario_only":false,"layer":"restricted","name":"Mapped transport corridor","restriction_type":"mapped_road_corridor","osm_highway":"footway","modeled_width_m":3.0,"context_scope":"candidate-site road check"},"geometry":{"type":"Polygon","coordinates":[[[-122.42725796995593,37.75979019639733],[-122.42724414329514,37.75982090973232],[-122.42721797856218,37.759850132686616],[-122.42717775832021,37.75987251513918],[-122.4271304107583,37.75988284758081],[-122.4270813857552,37.75988012396944],[-122.42703642029392,37.7598645677361],[-122.42700071091747,37.7598381247138],[-122.42698092743446,37.75980976456823],[-122.42697195870325,37.75977831722024],[-122.42697434507694,37.75974615809333],[-122.42698818633569,37.759715615825954],[-122.42701813478479,37.7596848762913],[-122.42705946492343,37.75966387059018],[-122.42710735758429,37.75965490490245],[-122.42715619146666,37.75965922045477],[-122.42720044673594,37.75967624171151],[-122.42723295134239,37.75970229069594],[-122.42725204221898,37.759730699729936],[-122.42726002760298,37.75976001747281],[-122.42725796995593,37.75979019639733]],[[-122.42722423004531,37.759784803600255],[-122.42722577239654,37.75976218252469],[-122.42721975777903,37.75974010026783],[-122.4272052486546,37.75971850930239],[-122.42718035326101,37.75969855828758],[-122.42714660853159,37.759685579544964],[-122.42710944241604,37.7596822950975],[-122.42707293507883,37.75968912940943],[-122.42704146521841,37.759705123707555],[-122.427018413667,37.75972878417212],[-122.42700805492433,37.75975164190426],[-122.42700624129625,37.75977608277725],[-122.42701307256345,37.75980003542955],[-122.42702788907947,37.75982127528461],[-122.42705537970312,37.75984163226308],[-122.42708961424331,37.75985347603037],[-122.4271269892423,37.75985555241915],[-122.4271630416822,37.759847684860354],[-122.427193621441,37.75983066731212],[-122.42721365670747,37.75980829026571],[-122.42722423004531,37.759784803600255]]]}},{"type":"Feature","id":"osm-land-road-1061959309","properties":{"source":"© OpenStreetMap contributors; OSM way/1061959309 (ODbL), snapshot 2026-07-15T15:22:01Z","osm_type":"way","osm_id":1061959309,"osm_url":"https://www.openstreetmap.org/way/1061959309","source_timestamp":"2026-07-15T15:22:01Z","scenario_only":false,"layer":"restricted","name":"Mapped transport corridor","restriction_type":"mapped_road_corridor","osm_highway":"footway","modeled_width_m":3.0,"context_scope":"candidate-site road check"},"geometry":{"type":"Polygon","coordinates":[[[-122.42631184841859,37.759876091333446],[-122.42632035157989,37.759849908666354],[-122.426350151575,37.75985600866527],[-122.42634164842347,37.759882191334555],[-122.42631184841859,37.759876091333446]]]}},{"type":"Feature","id":"osm-land-road-1061959310","properties":{"source":"© OpenStreetMap contributors; OSM way/1061959310 (ODbL), snapshot 2026-07-15T15:22:01Z","osm_type":"way","osm_id":1061959310,"osm_url":"https://www.openstreetmap.org/way/1061959310","source_timestamp":"2026-07-15T15:22:01Z","scenario_only":false,"layer":"restricted","name":"Mapped transport corridor","restriction_type":"mapped_road_corridor","osm_highway":"footway","modeled_width_m":3.0,"context_scope":"candidate-site road check"},"geometry":{"type":"Polygon","coordinates":[[[-122.42680269414628,37.7598569805779],[-122.42635366618639,37.75988221684857],[-122.42633101202725,37.75990103979073],[-122.42630638797586,37.75988236020799],[-122.42633813381633,37.75985598315091],[-122.42680010585417,37.75983001942206],[-122.42701291426884,37.759816225358136],[-122.42701568573163,37.75984317464184],[-122.42680269414628,37.7598569805779]]]}},{"type":"Feature","id":"osm-land-road-1061959311","properties":{"source":"© OpenStreetMap contributors; OSM way/1061959311 (ODbL), snapshot 2026-07-15T15:22:01Z","osm_type":"way","osm_id":1061959311,"osm_url":"https://www.openstreetmap.org/way/1061959311","source_timestamp":"2026-07-15T15:22:01Z","scenario_only":false,"layer":"restricted","name":"Mapped transport corridor","restriction_type":"mapped_road_corridor","osm_highway":"footway","modeled_width_m":3.0,"context_scope":"candidate-site road check"},"geometry":{"type":"Polygon","coordinates":[[[-122.42679471227798,37.75974429188904],[-122.42633802759232,37.759773032219464],[-122.4263192200287,37.75978570688228],[-122.42629717997437,37.759765093116684],[-122.4263243724101,37.75974676778012],[-122.42679248772237,37.759717308110915],[-122.42700242150015,37.75970869852335],[-122.42700417850011,37.75973570147662],[-122.42679471227798,37.75974429188904]]]}},{"type":"Feature","id":"osm-land-building-1090739373","properties":{"source":"© OpenStreetMap contributors; OSM way/1090739373 (ODbL), snapshot 2026-07-15T15:22:01Z","osm_type":"way","osm_id":1090739373,"osm_url":"https://www.openstreetmap.org/way/1090739373","source_timestamp":"2026-07-15T15:22:01Z","scenario_only":false,"layer":"building","name":"Mapped building footprint","osm_building":"yes","context_scope":"candidate-site building check"},"geometry":{"type":"Polygon","coordinates":[[[-122.4226499,37.769225],[-122.4224788,37.7692331],[-122.4224738,37.7691669],[-122.4226449,37.7691588],[-122.4226499,37.769225]]]}},{"type":"Feature","id":"osm-land-building-1090739374","properties":{"source":"© OpenStreetMap contributors; OSM way/1090739374 (ODbL), snapshot 2026-07-15T15:22:01Z","osm_type":"way","osm_id":1090739374,"osm_url":"https://www.openstreetmap.org/way/1090739374","source_timestamp":"2026-07-15T15:22:01Z","scenario_only":false,"layer":"building","name":"Mapped building footprint","osm_building":"yes","context_scope":"candidate-site building check"},"geometry":{"type":"Polygon","coordinates":[[[-122.4226449,37.7691588],[-122.4224738,37.7691669],[-122.4224689,37.7691005],[-122.42264,37.7690925],[-122.4226449,37.7691588]]]}},{"type":"Feature","id":"osm-land-building-1090739375","properties":{"source":"© OpenStreetMap contributors; OSM way/1090739375 (ODbL), snapshot 2026-07-15T15:22:01Z","osm_type":"way","osm_id":1090739375,"osm_url":"https://www.openstreetmap.org/way/1090739375","source_timestamp":"2026-07-15T15:22:01Z","scenario_only":false,"layer":"building","name":"Mapped building footprint","osm_building":"yes","context_scope":"candidate-site building check"},"geometry":{"type":"Polygon","coordinates":[[[-122.42264,37.7690925],[-122.4224689,37.7691005],[-122.4224639,37.7690341],[-122.4226351,37.7690261],[-122.42264,37.7690925]]]}},{"type":"Feature","id":"osm-land-road-1106034646","properties":{"source":"© OpenStreetMap contributors; OSM way/1106034646 (ODbL), snapshot 2026-07-15T15:22:01Z","osm_type":"way","osm_id":1106034646,"osm_url":"https://www.openstreetmap.org/way/1106034646","source_timestamp":"2026-07-15T15:22:01Z","scenario_only":false,"layer":"restricted","name":"Mapped transport corridor","restriction_type":"mapped_road_corridor","osm_highway":"footway","modeled_width_m":3.0,"context_scope":"candidate-site road check"},"geometry":{"type":"Polygon","coordinates":[[[-122.42723016215169,37.75982808229327],[-122.42722763784876,37.75980111770669],[-122.42764283777369,37.75977661771048],[-122.42764536222673,37.75980358228949],[-122.42723016215169,37.75982808229327]]]}},{"type":"Feature","id":"osm-land-road-1106034647","properties":{"source":"© OpenStreetMap contributors; OSM way/1106034647 (ODbL), snapshot 2026-07-15T15:22:01Z","osm_type":"way","osm_id":1106034647,"osm_url":"https://www.openstreetmap.org/way/1106034647","source_timestamp":"2026-07-15T15:22:01Z","scenario_only":false,"layer":"restricted","name":"Mapped transport corridor","restriction_type":"mapped_road_corridor","osm_highway":"footway","modeled_width_m":3.0,"context_scope":"candidate-site road check"},"geometry":{"type":"Polygon","coordinates":[[[-122.42722043136966,37.75972387809646],[-122.42721776863078,37.7596969219035],[-122.42764016855449,37.759670621907595],[-122.42764283144595,37.759697578092364],[-122.42722043136966,37.75972387809646]]]}},{"type":"Feature","id":"osm-land-road-1120103262","properties":{"source":"© OpenStreetMap contributors; OSM way/1120103262 (ODbL), snapshot 2026-07-15T15:22:01Z","osm_type":"way","osm_id":1120103262,"osm_url":"https://www.openstreetmap.org/way/1120103262","source_timestamp":"2026-07-15T15:22:01Z","scenario_only":false,"layer":"restricted","name":"Duboce Avenue","restriction_type":"mapped_road_corridor","osm_highway":"secondary","modeled_width_m":16.0,"context_scope":"candidate-site road check"},"geometry":{"type":"Polygon","coordinates":[[[-122.42550161861134,37.76961539747201],[-122.42557759875011,37.76961089864465],[-122.4257425538622,37.76960100133652],[-122.42575624615013,37.76974479866231],[-122.42559124599103,37.76975469867049],[-122.42551516893849,37.769759203267476],[-122.42538898127921,37.76976670253301],[-122.42537541873303,37.76962289746584],[-122.42550161861134,37.76961539747201]]]}},{"type":"Feature","id":"osm-land-building-1122318180","properties":{"source":"© OpenStreetMap contributors; OSM way/1122318180 (ODbL), snapshot 2026-07-15T15:22:01Z","osm_type":"way","osm_id":1122318180,"osm_url":"https://www.openstreetmap.org/way/1122318180","source_timestamp":"2026-07-15T15:22:01Z","scenario_only":false,"layer":"building","name":"Mapped building footprint","osm_building":"yes","context_scope":"candidate-site building check"},"geometry":{"type":"Polygon","coordinates":[[[-122.4201072,37.766137],[-122.420105,37.7661126],[-122.4200327,37.7661167],[-122.420035,37.7661413],[-122.4199391,37.7661467],[-122.4199292,37.7660374],[-122.4199369,37.7660369],[-122.4199367,37.7660351],[-122.4199229,37.7660241],[-122.4199335,37.7660052],[-122.4199205,37.7659961],[-122.4199306,37.765977],[-122.4199178,37.7659664],[-122.4199286,37.7659483],[-122.4199153,37.7659375],[-122.4199254,37.7659197],[-122.4199136,37.7659098],[-122.4199225,37.7658906],[-122.4199109,37.7658803],[-122.4199218,37.7658598],[-122.4199627,37.7658575],[-122.419961,37.7658384],[-122.4199066,37.7658415],[-122.4198874,37.7656312],[-122.4200999,37.7656191],[-122.4201149,37.765783],[-122.4201578,37.7657806],[-122.420165,37.7658586],[-122.4201293,37.7658607],[-122.4201378,37.7659537],[-122.4201621,37.7659523],[-122.4201656,37.7659903],[-122.4201438,37.7659915],[-122.4201499,37.7660588],[-122.4201875,37.7660566],[-122.4201943,37.7661321],[-122.4201072,37.766137]]]}},{"type":"Feature","id":"osm-land-building-1122318181","properties":{"source":"© OpenStreetMap contributors; OSM way/1122318181 (ODbL), snapshot 2026-07-15T15:22:01Z","osm_type":"way","osm_id":1122318181,"osm_url":"https://www.openstreetmap.org/way/1122318181","source_timestamp":"2026-07-15T15:22:01Z","scenario_only":false,"layer":"building","name":"Mapped building footprint","osm_building":"yes","context_scope":"candidate-site building check"},"geometry":{"type":"Polygon","coordinates":[[[-122.4203685,37.76559],[-122.4202575,37.7655964],[-122.4202821,37.7658533],[-122.4202748,37.7658713],[-122.420287,37.7659066],[-122.4203003,37.7660368],[-122.420292,37.7660555],[-122.4203044,37.7660873],[-122.4203079,37.7661232],[-122.4203847,37.7661184],[-122.4203841,37.7661055],[-122.4204335,37.7661023],[-122.4204342,37.7661152],[-122.4205244,37.7661095],[-122.4205169,37.7660314],[-122.4204299,37.7660364],[-122.4204276,37.7660112],[-122.4205146,37.7660064],[-122.4205115,37.7659718],[-122.4204991,37.7659539],[-122.4205035,37.7659176],[-122.4204939,37.7658035],[-122.4204847,37.7657878],[-122.4204906,37.7657503],[-122.420476,37.7656016],[-122.4203692,37.7656061],[-122.4203685,37.76559]]]}},{"type":"Feature","id":"osm-land-road-1126352129","properties":{"source":"© OpenStreetMap contributors; OSM way/1126352129 (ODbL), snapshot 2026-07-15T15:22:01Z","osm_type":"way","osm_id":1126352129,"osm_url":"https://www.openstreetmap.org/way/1126352129","source_timestamp":"2026-07-15T15:22:01Z","scenario_only":false,"layer":"restricted","name":"Mapped transport corridor","restriction_type":"mapped_road_corridor","osm_highway":"footway","modeled_width_m":3.0,"context_scope":"candidate-site road check"},"geometry":{"type":"Polygon","coordinates":[[[-122.42156159519978,37.7692891072378],[-122.42220242498506,37.76925091848901],[-122.42220497501535,37.76927788151095],[-122.4215302047941,37.76931809276],[-122.42143021797081,37.768271622463885],[-122.42146418202877,37.768269577533644],[-122.42156159519978,37.7692891072378]]]}},{"type":"Feature","id":"osm-land-road-1126352130","properties":{"source":"© OpenStreetMap contributors; OSM way/1126352130 (ODbL), snapshot 2026-07-15T15:22:01Z","osm_type":"way","osm_id":1126352130,"osm_url":"https://www.openstreetmap.org/way/1126352130","source_timestamp":"2026-07-15T15:22:01Z","scenario_only":false,"layer":"restricted","name":"Mapped transport corridor","restriction_type":"mapped_road_corridor","osm_highway":"service","modeled_width_m":7.0,"context_scope":"candidate-site road check"},"geometry":{"type":"Polygon","coordinates":[[[-122.42108894089112,37.76859718788799],[-122.42100965910672,37.76860161209865],[-122.42099015922385,37.76838141209314],[-122.42106944077396,37.768376987893504],[-122.42108894089112,37.76859718788799]]]}},{"type":"Feature","id":"osm-land-road-1126352131","properties":{"source":"© OpenStreetMap contributors; OSM way/1126352131 (ODbL), snapshot 2026-07-15T15:22:01Z","osm_type":"way","osm_id":1126352131,"osm_url":"https://www.openstreetmap.org/way/1126352131","source_timestamp":"2026-07-15T15:22:01Z","scenario_only":false,"layer":"restricted","name":"Mapped transport corridor","restriction_type":"mapped_road_corridor","osm_highway":"service","modeled_width_m":7.0,"context_scope":"candidate-site road check"},"geometry":{"type":"Polygon","coordinates":[[[-122.421032792673,37.76841065611096],[-122.42095641777279,37.76841496598044],[-122.42095078222944,37.76835203401936],[-122.42102680732935,37.7683477438888],[-122.42121883249655,37.76833555498557],[-122.42122516750592,37.76839844501419],[-122.421032792673,37.76841065611096]]]}},{"type":"Feature","id":"osm-land-road-1126352132","properties":{"source":"© OpenStreetMap contributors; OSM way/1126352132 (ODbL), snapshot 2026-07-15T15:22:01Z","osm_type":"way","osm_id":1126352132,"osm_url":"https://www.openstreetmap.org/way/1126352132","source_timestamp":"2026-07-15T15:22:01Z","scenario_only":false,"layer":"restricted","name":"Mapped transport corridor","restriction_type":"mapped_road_corridor","osm_highway":"service","modeled_width_m":7.0,"context_scope":"candidate-site road check"},"geometry":{"type":"Polygon","coordinates":[[[-122.42137126139839,37.76838933898396],[-122.42135578714928,37.76839033732256],[-122.42133339996307,37.76839184318699],[-122.42122504455878,37.768398452666034],[-122.42121895544359,37.76833554733373],[-122.42132700003948,37.76832895681277],[-122.42134921285334,37.768327462677206],[-122.42136473860423,37.768326461015796],[-122.42139489625342,37.76832446382039],[-122.42140150374918,37.76838733617937],[-122.42137126139839,37.76838933898396]]]}},{"type":"Feature","id":"osm-land-road-1141292627","properties":{"source":"© OpenStreetMap contributors; OSM way/1141292627 (ODbL), snapshot 2026-07-15T15:22:01Z","osm_type":"way","osm_id":1141292627,"osm_url":"https://www.openstreetmap.org/way/1141292627","source_timestamp":"2026-07-15T15:22:01Z","scenario_only":false,"layer":"restricted","name":"Mapped transport corridor","restriction_type":"mapped_road_corridor","osm_highway":"service","modeled_width_m":7.0,"context_scope":"candidate-site road check"},"geometry":{"type":"Polygon","coordinates":[[[-122.42212597335909,37.768446928721936],[-122.4221072136767,37.76844847591211],[-122.42194652073479,37.7684617753274],[-122.42193827926853,37.76839902467234],[-122.42209897920124,37.76838572467733],[-122.42211902664368,37.76838407127783],[-122.42224456156559,37.768376935185266],[-122.42225023843667,37.76843986481451],[-122.42212597335909,37.768446928721936]]]}},{"type":"Feature","id":"osm-land-building-1159735495","properties":{"source":"© OpenStreetMap contributors; OSM way/1159735495 (ODbL), snapshot 2026-07-15T15:22:01Z","osm_type":"way","osm_id":1159735495,"osm_url":"https://www.openstreetmap.org/way/1159735495","source_timestamp":"2026-07-15T15:22:01Z","scenario_only":false,"layer":"building","name":"Mapped building footprint","osm_building":"yes","context_scope":"candidate-site building check"},"geometry":{"type":"Polygon","coordinates":[[[-122.4320183,37.7685905],[-122.4320119,37.7685236],[-122.4318903,37.7685308],[-122.4318967,37.7685978],[-122.4320183,37.7685905]]]}},{"type":"Feature","id":"osm-land-road-1160846767","properties":{"source":"© OpenStreetMap contributors; OSM way/1160846767 (ODbL), snapshot 2026-07-15T15:22:01Z","osm_type":"way","osm_id":1160846767,"osm_url":"https://www.openstreetmap.org/way/1160846767","source_timestamp":"2026-07-15T15:22:01Z","scenario_only":false,"layer":"restricted","name":"Mapped transport corridor","restriction_type":"mapped_road_corridor","osm_highway":"footway","modeled_width_m":3.0,"context_scope":"candidate-site road check"},"geometry":{"type":"Polygon","coordinates":[[[-122.43329674999698,37.76970135304606],[-122.43331010265393,37.76968936290692],[-122.43332740052413,37.769681190685176],[-122.43334700533816,37.76967765092709],[-122.43336709616406,37.76967900841529],[-122.43338559264446,37.769685128574054],[-122.43340102202588,37.76969550585608],[-122.43340499983795,37.76970070760916],[-122.43341167858067,37.76970918447252],[-122.43341657645801,37.76972646308165],[-122.43341371358393,37.76974404933265],[-122.43340347986307,37.76976001394222],[-122.43338693712113,37.769772045028574],[-122.43336521322188,37.7697793313055],[-122.43334371014484,37.76977988266645],[-122.43332231568928,37.7697748725723],[-122.43330431604895,37.76976410005939],[-122.43329192988602,37.769749263882794],[-122.43328677708564,37.769732042668664],[-122.43328870330768,37.76971608257338],[-122.43329674999698,37.76970135304606]],[[-122.43332585000591,37.76971604695215],[-122.43332209669387,37.76972291742426],[-122.43332122291395,37.7697301573288],[-122.43332367011165,37.76973833611502],[-122.43332948394789,37.769745299939224],[-122.43333788430812,37.769750327427126],[-122.43334808985436,37.76975271733347],[-122.43335778677947,37.76975246869437],[-122.43336826288177,37.76974895497067],[-122.43337592014007,37.769743386056184],[-122.43338068641792,37.76973595066504],[-122.43338202354175,37.769727736915804],[-122.43337972141715,37.76971961552528],[-122.43337600015929,37.76971489238902],[-122.433374777971,37.76971329414243],[-122.4333676073527,37.7697084714252],[-122.43335890383447,37.76970559158451],[-122.43334939466223,37.76970494907287],[-122.43334019947805,37.76970660931445],[-122.43333209734915,37.76971043709206],[-122.43332585000591,37.76971604695215]]]}},{"type":"Feature","id":"osm-land-road-1160846770","properties":{"source":"© OpenStreetMap contributors; OSM way/1160846770 (ODbL), snapshot 2026-07-15T15:22:01Z","osm_type":"way","osm_id":1160846770,"osm_url":"https://www.openstreetmap.org/way/1160846770","source_timestamp":"2026-07-15T15:22:01Z","scenario_only":false,"layer":"restricted","name":"Mapped transport corridor","restriction_type":"mapped_road_corridor","osm_highway":"footway","modeled_width_m":3.0,"context_scope":"candidate-site road check"},"geometry":{"type":"Polygon","coordinates":[[[-122.43318709324868,37.7697358440506],[-122.43312687520574,37.76973019545683],[-122.43308128067756,37.7697244961407],[-122.43303733589559,37.76971698594697],[-122.43295245720054,37.76970095219094],[-122.43296034279801,37.769674647808905],[-122.43304486410304,37.76969061405288],[-122.43308751932129,37.769697903859175],[-122.43313152479337,37.769703404543066],[-122.43319070675066,37.76970895594934],[-122.43330561439605,37.76971764140968],[-122.43330238560334,37.76974455859026],[-122.43318709324868,37.7697358440506]]]}},{"type":"Feature","id":"osm-land-road-1175223875","properties":{"source":"© OpenStreetMap contributors; OSM way/1175223875 (ODbL), snapshot 2026-07-15T15:22:01Z","osm_type":"way","osm_id":1175223875,"osm_url":"https://www.openstreetmap.org/way/1175223875","source_timestamp":"2026-07-15T15:22:01Z","scenario_only":false,"layer":"restricted","name":"20th Street","restriction_type":"mapped_road_corridor","osm_highway":"residential","modeled_width_m":10.0,"context_scope":"candidate-site road check"},"geometry":{"type":"Polygon","coordinates":[[[-122.4214099824169,37.75845076564674],[-122.4227051918476,37.75837256506931],[-122.42338798371613,37.75833126555759],[-122.42344077954617,37.758328065810026],[-122.42344942045868,37.7584179341895],[-122.4233966204269,37.75842113419117],[-122.42271381174672,37.75846243471313],[-122.42141861070344,37.75854063476977],[-122.42134431754322,37.75854513435513],[-122.42133568246165,37.758455265644415],[-122.4214099824169,37.75845076564674]]]}},{"type":"Feature","id":"osm-land-building-1178242035","properties":{"source":"© OpenStreetMap contributors; OSM way/1178242035 (ODbL), snapshot 2026-07-15T15:22:01Z","osm_type":"way","osm_id":1178242035,"osm_url":"https://www.openstreetmap.org/way/1178242035","source_timestamp":"2026-07-15T15:22:01Z","scenario_only":false,"layer":"building","name":"V20 Condos","osm_building":"apartments","context_scope":"candidate-site building check","height_m":16.0},"geometry":{"type":"Polygon","coordinates":[[[-122.4211894,37.7589038],[-122.4209199,37.7589193],[-122.4209155,37.7589195],[-122.4209037,37.7587881],[-122.4208181,37.7587927],[-122.4208033,37.7586249],[-122.4209616,37.758616],[-122.4211627,37.7586047],[-122.4211894,37.7589038]]]}},{"type":"Feature","id":"osm-land-road-1178379352","properties":{"source":"© OpenStreetMap contributors; OSM way/1178379352 (ODbL), snapshot 2026-07-15T15:22:01Z","osm_type":"way","osm_id":1178379352,"osm_url":"https://www.openstreetmap.org/way/1178379352","source_timestamp":"2026-07-15T15:22:01Z","scenario_only":false,"layer":"restricted","name":"19th Street","restriction_type":"mapped_road_corridor","osm_highway":"residential","modeled_width_m":10.0,"context_scope":"candidate-site road check"},"geometry":{"type":"Polygon","coordinates":[[[-122.42156138722689,37.76004925337369],[-122.42227928518552,37.76000627145369],[-122.42252132375567,37.75999078178328],[-122.42282864771444,37.75997098023787],[-122.42287541821527,37.75996801878653],[-122.42294837540193,37.759965312956965],[-122.42353181907373,37.759930951605476],[-122.4235944167514,37.759927473956544],[-122.42368531031013,37.759921088458775],[-122.42377522422258,37.759915569189246],[-122.42487554717987,37.75984828000941],[-122.42575055372399,37.75978999289087],[-122.42585880922019,37.75978280957867],[-122.42600924945977,37.75977807050948],[-122.42601375054261,37.75986812949013],[-122.4258657907837,37.75987279042089],[-122.4257600369959,37.75987980772721],[-122.4248846528253,37.759938119990125],[-122.4237839674516,37.76000543132169],[-122.42369468969518,37.76001091154075],[-122.42360338325368,37.760017326042956],[-122.42353998093087,37.76002084839409],[-122.42295522460189,37.76005528704263],[-122.42288258178873,37.76005798121305],[-122.42283775229069,37.76006081976165],[-122.42253049157439,37.76008061722885],[-122.42228811481945,37.760096128545825],[-122.42156961277774,37.760139146625846],[-122.42149555706501,37.760143255264516],[-122.42148764293943,37.760053344735056],[-122.42156138722689,37.76004925337369]]]}},{"type":"Feature","id":"osm-land-road-1178379357","properties":{"source":"© OpenStreetMap contributors; OSM way/1178379357 (ODbL), snapshot 2026-07-15T15:22:01Z","osm_type":"way","osm_id":1178379357,"osm_url":"https://www.openstreetmap.org/way/1178379357","source_timestamp":"2026-07-15T15:22:01Z","scenario_only":false,"layer":"restricted","name":"18th Street","restriction_type":"mapped_road_corridor","osm_highway":"tertiary","modeled_width_m":14.0,"context_scope":"candidate-site road check"},"geometry":{"type":"Polygon","coordinates":[[[-122.42615924089829,37.761358885894424],[-122.42626043452047,37.76135326402598],[-122.42646071650242,37.761342065032004],[-122.42681851726239,37.76132206498689],[-122.42724192461529,37.761298386942364],[-122.42749549020476,37.761282208276995],[-122.42761027014824,37.76127501579939],[-122.42783809338752,37.761259927504085],[-122.42815608613756,37.761238927978766],[-122.42822052504411,37.76123463855077],[-122.42828705735462,37.76122800482977],[-122.42834479673934,37.76122220087041],[-122.42838127588335,37.76121859304273],[-122.4284009241325,37.76134380695591],[-122.4283646032767,37.76134739912824],[-122.42830694266148,37.761353195168866],[-122.42823707496918,37.76136016144807],[-122.42816933995032,37.761364670284415],[-122.42785129707039,37.76138567312762],[-122.42762312986198,37.76140078419969],[-122.42750810980523,37.7614079917221],[-122.42725387539416,37.761424213056735],[-122.42682968388142,37.761447934948784],[-122.42647188250386,37.76146793502321],[-122.42627158333724,37.76147913497514],[-122.4261711591111,37.76148471410468],[-122.42602277022374,37.761494187856236],[-122.42601002978637,37.76136841214284],[-122.42615924089829,37.761358885894424]]]}},{"type":"Feature","id":"osm-land-road-1233744393","properties":{"source":"© OpenStreetMap contributors; OSM way/1233744393 (ODbL), snapshot 2026-07-15T15:22:01Z","osm_type":"way","osm_id":1233744393,"osm_url":"https://www.openstreetmap.org/way/1233744393","source_timestamp":"2026-07-15T15:22:01Z","scenario_only":false,"layer":"restricted","name":"Mapped transport corridor","restriction_type":"mapped_road_corridor","osm_highway":"footway","modeled_width_m":3.0,"context_scope":"candidate-site road check"},"geometry":{"type":"Polygon","coordinates":[[[-122.4204980480574,37.76508792753578],[-122.42053534078504,37.765084852869286],[-122.42053885921558,37.76511174713066],[-122.42050095194308,37.76511487246419],[-122.42046134371498,37.76511698893437],[-122.42045905628541,37.76509001106558],[-122.4204980480574,37.76508792753578]]]}},{"type":"Feature","id":"osm-land-road-1233744394","properties":{"source":"© OpenStreetMap contributors; OSM way/1233744394 (ODbL), snapshot 2026-07-15T15:22:01Z","osm_type":"way","osm_id":1233744394,"osm_url":"https://www.openstreetmap.org/way/1233744394","source_timestamp":"2026-07-15T15:22:01Z","scenario_only":false,"layer":"restricted","name":"Mapped transport corridor","restriction_type":"mapped_road_corridor","osm_highway":"footway","modeled_width_m":3.0,"context_scope":"candidate-site road check"},"geometry":{"type":"Polygon","coordinates":[[[-122.42083737503988,37.765069168548486],[-122.42087526240914,37.765069985526864],[-122.42087433759065,37.76509701447309],[-122.4208380249602,37.765096231451494],[-122.42053821089462,37.76511179066298],[-122.42053598910573,37.765084809336976],[-122.42083737503988,37.765069168548486]]]}},{"type":"Feature","id":"osm-land-road-1300547234","properties":{"source":"© OpenStreetMap contributors; OSM way/1300547234 (ODbL), snapshot 2026-07-15T15:22:01Z","osm_type":"way","osm_id":1300547234,"osm_url":"https://www.openstreetmap.org/way/1300547234","source_timestamp":"2026-07-15T15:22:01Z","scenario_only":false,"layer":"restricted","name":"Duboce Avenue","restriction_type":"mapped_road_corridor","osm_highway":"secondary","modeled_width_m":16.0,"context_scope":"candidate-site road check"},"geometry":{"type":"Polygon","coordinates":[[[-122.42172292333308,37.76984565564837],[-122.42225752150974,37.76981390326667],[-122.42238002061296,37.76980640943792],[-122.42239397939964,37.769950190560905],[-122.42227127850269,37.76995769673214],[-122.42173507667782,37.76998954435053],[-122.42160687531734,37.76999557735504],[-122.42159612469219,37.769851622643905],[-122.42172292333308,37.76984565564837]]]}},{"type":"Feature","id":"osm-land-road-1300547235","properties":{"source":"© OpenStreetMap contributors; OSM way/1300547235 (ODbL), snapshot 2026-07-15T15:22:01Z","osm_type":"way","osm_id":1300547235,"osm_url":"https://www.openstreetmap.org/way/1300547235","source_timestamp":"2026-07-15T15:22:01Z","scenario_only":false,"layer":"restricted","name":"Duboce Avenue","restriction_type":"mapped_road_corridor","osm_highway":"secondary","modeled_width_m":16.0,"context_scope":"candidate-site road check"},"geometry":{"type":"Polygon","coordinates":[[[-122.42158789556194,37.7698523095929],[-122.4216151044633,37.76999489040487],[-122.42150200435688,37.77000849041689],[-122.42147479566839,37.769865909580886],[-122.42158789556194,37.7698523095929]]]}},{"type":"Feature","id":"osm-land-road-1309800989","properties":{"source":"© OpenStreetMap contributors; OSM way/1309800989 (ODbL), snapshot 2026-07-15T15:22:01Z","osm_type":"way","osm_id":1309800989,"osm_url":"https://www.openstreetmap.org/way/1309800989","source_timestamp":"2026-07-15T15:22:01Z","scenario_only":false,"layer":"restricted","name":"Mapped transport corridor","restriction_type":"mapped_road_corridor","osm_highway":"footway","modeled_width_m":3.0,"context_scope":"candidate-site road check"},"geometry":{"type":"Polygon","coordinates":[[[-122.42080275437432,37.76829220753075],[-122.42084594882957,37.76829069370638],[-122.42084745117067,37.76831770629357],[-122.42080504562604,37.768319192469214],[-122.42076933885193,37.768321764148105],[-122.42076626114863,37.76829483585181],[-122.42080275437432,37.76829220753075]]]}},{"type":"Feature","id":"osm-land-road-1309800990","properties":{"source":"© OpenStreetMap contributors; OSM way/1309800990 (ODbL), snapshot 2026-07-15T15:22:01Z","osm_type":"way","osm_id":1309800990,"osm_url":"https://www.openstreetmap.org/way/1309800990","source_timestamp":"2026-07-15T15:22:01Z","scenario_only":false,"layer":"restricted","name":"Mapped transport corridor","restriction_type":"mapped_road_corridor","osm_highway":"footway","modeled_width_m":3.0,"context_scope":"candidate-site road check"},"geometry":{"type":"Polygon","coordinates":[[[-122.42120187834225,37.76812355810945],[-122.42128528398044,37.76811645762857],[-122.42128891602017,37.768143342371374],[-122.4212055188419,37.76815044213103],[-122.42116922165188,37.768153541890996],[-122.42116557834872,37.76812665810893],[-122.42120187834225,37.76812355810945]]]}},{"type":"Feature","id":"osm-land-road-1309800991","properties":{"source":"© OpenStreetMap contributors; OSM way/1309800991 (ODbL), snapshot 2026-07-15T15:22:01Z","osm_type":"way","osm_id":1309800991,"osm_url":"https://www.openstreetmap.org/way/1309800991","source_timestamp":"2026-07-15T15:22:01Z","scenario_only":false,"layer":"restricted","name":"Mapped transport corridor","restriction_type":"mapped_road_corridor","osm_highway":"footway","modeled_width_m":3.0,"context_scope":"candidate-site road check"},"geometry":{"type":"Polygon","coordinates":[[[-122.42207204302147,37.76815512651946],[-122.42206244389773,37.76810233127303],[-122.4220961561014,37.76809846872455],[-122.42210575611321,37.7681512687233],[-122.42211655785147,37.768210978232986],[-122.4220828421477,37.76821482176459],[-122.42207204302147,37.76815512651946]]]}},{"type":"Feature","id":"osm-land-road-1309800992","properties":{"source":"© OpenStreetMap contributors; OSM way/1309800992 (ODbL), snapshot 2026-07-15T15:22:01Z","osm_type":"way","osm_id":1309800992,"osm_url":"https://www.openstreetmap.org/way/1309800992","source_timestamp":"2026-07-15T15:22:01Z","scenario_only":false,"layer":"restricted","name":"Mapped transport corridor","restriction_type":"mapped_road_corridor","osm_highway":"footway","modeled_width_m":3.0,"context_scope":"candidate-site road check"},"geometry":{"type":"Polygon","coordinates":[[[-122.42221501044438,37.7680569805471],[-122.42230739999158,37.76805698054697],[-122.42230740000839,37.768084019452985],[-122.42221498955557,37.76808401945282],[-122.42211227910065,37.768083919442525],[-122.42211232089932,37.76805688055745],[-122.42221501044438,37.7680569805471]]]}},{"type":"Feature","id":"osm-land-road-1310393070","properties":{"source":"© OpenStreetMap contributors; OSM way/1310393070 (ODbL), snapshot 2026-07-15T15:22:01Z","osm_type":"way","osm_id":1310393070,"osm_url":"https://www.openstreetmap.org/way/1310393070","source_timestamp":"2026-07-15T15:22:01Z","scenario_only":false,"layer":"restricted","name":"Mapped transport corridor","restriction_type":"mapped_road_corridor","osm_highway":"footway","modeled_width_m":3.0,"context_scope":"candidate-site road check"},"geometry":{"type":"Polygon","coordinates":[[[-122.42565769266923,37.76802199627649],[-122.42572199187263,37.76877438493928],[-122.425688008127,37.76877621505829],[-122.42562370733042,37.76802380372106],[-122.42562310638779,37.76801659238985],[-122.42565709361183,37.7680148076077],[-122.42565769266923,37.76802199627649]]]}},{"type":"Feature","id":"osm-land-road-1310393071","properties":{"source":"© OpenStreetMap contributors; OSM way/1310393071 (ODbL), snapshot 2026-07-15T15:22:01Z","osm_type":"way","osm_id":1310393071,"osm_url":"https://www.openstreetmap.org/way/1310393071","source_timestamp":"2026-07-15T15:22:01Z","scenario_only":false,"layer":"restricted","name":"Mapped transport corridor","restriction_type":"mapped_road_corridor","osm_highway":"footway","modeled_width_m":3.0,"context_scope":"candidate-site road check"},"geometry":{"type":"Polygon","coordinates":[[[-122.42559648206839,37.76878117664284],[-122.4255625179312,37.7687832233547],[-122.42549031810314,37.76802822334582],[-122.42552428189643,37.768026176651716],[-122.42559648206839,37.76878117664284]]]}},{"type":"Feature","id":"osm-land-road-1310393072","properties":{"source":"© OpenStreetMap contributors; OSM way/1310393072 (ODbL), snapshot 2026-07-15T15:22:01Z","osm_type":"way","osm_id":1310393072,"osm_url":"https://www.openstreetmap.org/way/1310393072","source_timestamp":"2026-07-15T15:22:01Z","scenario_only":false,"layer":"restricted","name":"Mapped transport corridor","restriction_type":"mapped_road_corridor","osm_highway":"footway","modeled_width_m":3.0,"context_scope":"candidate-site road check"},"geometry":{"type":"Polygon","coordinates":[[[-122.42564267568254,37.76800947181955],[-122.42563872431674,37.76803632818038],[-122.42562362431404,37.76803492818011],[-122.42562757568521,37.768008071819814],[-122.42564267568254,37.76800947181955]]]}},{"type":"Feature","id":"osm-land-road-1310393073","properties":{"source":"© OpenStreetMap contributors; OSM way/1310393073 (ODbL), snapshot 2026-07-15T15:22:01Z","osm_type":"way","osm_id":1310393073,"osm_url":"https://www.openstreetmap.org/way/1310393073","source_timestamp":"2026-07-15T15:22:01Z","scenario_only":false,"layer":"restricted","name":"Mapped transport corridor","restriction_type":"mapped_road_corridor","osm_highway":"footway","modeled_width_m":3.0,"context_scope":"candidate-site road check"},"geometry":{"type":"Polygon","coordinates":[[[-122.42550729999924,37.76804071945785],[-122.42550730000075,37.7680136805421],[-122.42551539999924,37.76801368054209],[-122.42551540000069,37.76804071945785],[-122.42550729999924,37.76804071945785]]]}},{"type":"Feature","id":"osm-land-road-1310393074","properties":{"source":"© OpenStreetMap contributors; OSM way/1310393074 (ODbL), snapshot 2026-07-15T15:22:01Z","osm_type":"way","osm_id":1310393074,"osm_url":"https://www.openstreetmap.org/way/1310393074","source_timestamp":"2026-07-15T15:22:01Z","scenario_only":false,"layer":"restricted","name":"Mapped transport corridor","restriction_type":"mapped_road_corridor","osm_highway":"footway","modeled_width_m":3.0,"context_scope":"candidate-site road check"},"geometry":{"type":"Polygon","coordinates":[[[-122.425427043734,37.767867290583055],[-122.42542835626625,37.767894309416874],[-122.42541855626445,37.767894609416935],[-122.42541724373577,37.76786759058302],[-122.425427043734,37.767867290583055]]]}},{"type":"Feature","id":"osm-land-road-1310393075","properties":{"source":"© OpenStreetMap contributors; OSM way/1310393075 (ODbL), snapshot 2026-07-15T15:22:01Z","osm_type":"way","osm_id":1310393075,"osm_url":"https://www.openstreetmap.org/way/1310393075","source_timestamp":"2026-07-15T15:22:01Z","scenario_only":false,"layer":"restricted","name":"Mapped transport corridor","restriction_type":"mapped_road_corridor","osm_highway":"footway","modeled_width_m":3.0,"context_scope":"candidate-site road check"},"geometry":{"type":"Polygon","coordinates":[[[-122.42532139071683,37.767899774307004],[-122.42531860928368,37.767872825692926],[-122.42533090928146,37.767872025693066],[-122.42533369071904,37.767898974306895],[-122.42532139071683,37.767899774307004]]]}},{"type":"Feature","id":"osm-land-road-1310393076","properties":{"source":"© OpenStreetMap contributors; OSM way/1310393076 (ODbL), snapshot 2026-07-15T15:22:01Z","osm_type":"way","osm_id":1310393076,"osm_url":"https://www.openstreetmap.org/way/1310393076","source_timestamp":"2026-07-15T15:22:01Z","scenario_only":false,"layer":"restricted","name":"Mapped transport corridor","restriction_type":"mapped_road_corridor","osm_highway":"footway","modeled_width_m":3.0,"context_scope":"candidate-site road check"},"geometry":{"type":"Polygon","coordinates":[[[-122.42455638369967,37.76807502098457],[-122.4245590163008,37.768101979015384],[-122.42455251629963,37.768102379015446],[-122.42454988370082,37.76807542098451],[-122.42455638369967,37.76807502098457]]]}},{"type":"Feature","id":"osm-land-road-1310393077","properties":{"source":"© OpenStreetMap contributors; OSM way/1310393077 (ODbL), snapshot 2026-07-15T15:22:01Z","osm_type":"way","osm_id":1310393077,"osm_url":"https://www.openstreetmap.org/way/1310393077","source_timestamp":"2026-07-15T15:22:01Z","scenario_only":false,"layer":"restricted","name":"Mapped transport corridor","restriction_type":"mapped_road_corridor","osm_highway":"footway","modeled_width_m":3.0,"context_scope":"candidate-site road check"},"geometry":{"type":"Polygon","coordinates":[[[-122.42432779999876,37.76811341945595],[-122.42432780000124,37.76808638054405],[-122.42434149999872,37.76808638054402],[-122.42434150000125,37.768113419455965],[-122.42432779999876,37.76811341945595]]]}},{"type":"Feature","id":"osm-land-road-1310393078","properties":{"source":"© OpenStreetMap contributors; OSM way/1310393078 (ODbL), snapshot 2026-07-15T15:22:01Z","osm_type":"way","osm_id":1310393078,"osm_url":"https://www.openstreetmap.org/way/1310393078","source_timestamp":"2026-07-15T15:22:01Z","scenario_only":false,"layer":"restricted","name":"Mapped transport corridor","restriction_type":"mapped_road_corridor","osm_highway":"footway","modeled_width_m":3.0,"context_scope":"candidate-site road check"},"geometry":{"type":"Polygon","coordinates":[[[-122.42432958381828,37.76808312297979],[-122.42429941617917,37.76809567701824],[-122.42429591617997,37.76809037701781],[-122.42432608381752,37.76807782298024],[-122.42432958381828,37.76808312297979]]]}},{"type":"Feature","id":"osm-land-road-1310393079","properties":{"source":"© OpenStreetMap contributors; OSM way/1310393079 (ODbL), snapshot 2026-07-15T15:22:01Z","osm_type":"way","osm_id":1310393079,"osm_url":"https://www.openstreetmap.org/way/1310393079","source_timestamp":"2026-07-15T15:22:01Z","scenario_only":false,"layer":"restricted","name":"Mapped transport corridor","restriction_type":"mapped_road_corridor","osm_highway":"footway","modeled_width_m":3.0,"context_scope":"candidate-site road check"},"geometry":{"type":"Polygon","coordinates":[[[-122.42428292966672,37.767962937662396],[-122.42431687033279,37.76796066233514],[-122.42431837033602,37.76797476233498],[-122.42428442966353,37.76797703766259],[-122.42428292966672,37.767962937662396]]]}},{"type":"Feature","id":"osm-land-road-1310393080","properties":{"source":"© OpenStreetMap contributors; OSM way/1310393080 (ODbL), snapshot 2026-07-15T15:22:01Z","osm_type":"way","osm_id":1310393080,"osm_url":"https://www.openstreetmap.org/way/1310393080","source_timestamp":"2026-07-15T15:22:01Z","scenario_only":false,"layer":"restricted","name":"Mapped transport corridor","restriction_type":"mapped_road_corridor","osm_highway":"footway","modeled_width_m":3.0,"context_scope":"candidate-site road check"},"geometry":{"type":"Polygon","coordinates":[[[-122.42431554555495,37.76795576758574],[-122.42431045444593,37.76792903241417],[-122.4243204544442,37.76792783241438],[-122.42432554555673,37.76795456758555],[-122.42431554555495,37.76795576758574]]]}},{"type":"Feature","id":"osm-land-road-1310393081","properties":{"source":"© OpenStreetMap contributors; OSM way/1310393081 (ODbL), snapshot 2026-07-15T15:22:01Z","osm_type":"way","osm_id":1310393081,"osm_url":"https://www.openstreetmap.org/way/1310393081","source_timestamp":"2026-07-15T15:22:01Z","scenario_only":false,"layer":"restricted","name":"Mapped transport corridor","restriction_type":"mapped_road_corridor","osm_highway":"footway","modeled_width_m":3.0,"context_scope":"candidate-site road check"},"geometry":{"type":"Polygon","coordinates":[[[-122.4245520959709,37.76791573280085],[-122.42454910402856,37.76794266719906],[-122.42453910402674,37.76794196719894],[-122.42454209597267,37.76791503280101],[-122.4245520959709,37.76791573280085]]]}},{"type":"Feature","id":"osm-land-road-1310393082","properties":{"source":"© OpenStreetMap contributors; OSM way/1310393082 (ODbL), snapshot 2026-07-15T15:22:01Z","osm_type":"way","osm_id":1310393082,"osm_url":"https://www.openstreetmap.org/way/1310393082","source_timestamp":"2026-07-15T15:22:01Z","scenario_only":false,"layer":"restricted","name":"Mapped transport corridor","restriction_type":"mapped_road_corridor","osm_highway":"footway","modeled_width_m":3.0,"context_scope":"candidate-site road check"},"geometry":{"type":"Polygon","coordinates":[[[-122.42455166926425,37.767943199998776],[-122.42458573073577,37.76794319999877],[-122.42458573073763,37.76795129999878],[-122.42455166926239,37.76795129999876],[-122.42455166926425,37.767943199998776]]]}},{"type":"Feature","id":"osm-land-road-1310393083","properties":{"source":"© OpenStreetMap contributors; OSM way/1310393083 (ODbL), snapshot 2026-07-15T15:22:01Z","osm_type":"way","osm_id":1310393083,"osm_url":"https://www.openstreetmap.org/way/1310393083","source_timestamp":"2026-07-15T15:22:01Z","scenario_only":false,"layer":"restricted","name":"Mapped transport corridor","restriction_type":"mapped_road_corridor","osm_highway":"footway","modeled_width_m":3.0,"context_scope":"candidate-site road check"},"geometry":{"type":"Polygon","coordinates":[[[-122.42460016796953,37.76807093517365],[-122.42456643202964,37.76807466482393],[-122.4245654320309,37.76806896482381],[-122.42459916796824,37.76806523517378],[-122.42460016796953,37.76807093517365]]]}},{"type":"Feature","id":"osm-land-road-1310421849","properties":{"source":"© OpenStreetMap contributors; OSM way/1310421849 (ODbL), snapshot 2026-07-15T15:22:01Z","osm_type":"way","osm_id":1310421849,"osm_url":"https://www.openstreetmap.org/way/1310421849","source_timestamp":"2026-07-15T15:22:01Z","scenario_only":false,"layer":"restricted","name":"Mapped transport corridor","restriction_type":"mapped_road_corridor","osm_highway":"footway","modeled_width_m":3.0,"context_scope":"candidate-site road check"},"geometry":{"type":"Polygon","coordinates":[[[-122.42232107789151,37.76805171511909],[-122.42233352211058,37.76807688488055],[-122.4223136221077,37.768083084881575],[-122.42230117789438,37.768057915118085],[-122.42232107789151,37.76805171511909]]]}},{"type":"Feature","id":"osm-land-road-1310421850","properties":{"source":"© OpenStreetMap contributors; OSM way/1310421850 (ODbL), snapshot 2026-07-15T15:22:01Z","osm_type":"way","osm_id":1310421850,"osm_url":"https://www.openstreetmap.org/way/1310421850","source_timestamp":"2026-07-15T15:22:01Z","scenario_only":false,"layer":"restricted","name":"Mapped transport corridor","restriction_type":"mapped_road_corridor","osm_highway":"footway","modeled_width_m":3.0,"context_scope":"candidate-site road check"},"geometry":{"type":"Polygon","coordinates":[[[-122.42232887992118,37.7680810788091],[-122.42236292007867,37.76808012118845],[-122.4223634200812,37.7680913211884],[-122.4223293799186,37.76809227880914],[-122.42232887992118,37.7680810788091]]]}},{"type":"Feature","id":"osm-land-road-1310421851","properties":{"source":"© OpenStreetMap contributors; OSM way/1310421851 (ODbL), snapshot 2026-07-15T15:22:01Z","osm_type":"way","osm_id":1310421851,"osm_url":"https://www.openstreetmap.org/way/1310421851","source_timestamp":"2026-07-15T15:22:01Z","scenario_only":false,"layer":"restricted","name":"Mapped transport corridor","restriction_type":"mapped_road_corridor","osm_highway":"footway","modeled_width_m":3.0,"context_scope":"candidate-site road check"},"geometry":{"type":"Polygon","coordinates":[[[-122.42237641439095,37.768201406127915],[-122.42234298560791,37.76820659386968],[-122.42233968561084,37.76819319386925],[-122.42237311438805,37.76818800612837],[-122.42237641439095,37.768201406127915]]]}},{"type":"Feature","id":"osm-land-road-1310421852","properties":{"source":"© OpenStreetMap contributors; OSM way/1310421852 (ODbL), snapshot 2026-07-15T15:22:01Z","osm_type":"way","osm_id":1310421852,"osm_url":"https://www.openstreetmap.org/way/1310421852","source_timestamp":"2026-07-15T15:22:01Z","scenario_only":false,"layer":"restricted","name":"Mapped transport corridor","restriction_type":"mapped_road_corridor","osm_highway":"footway","modeled_width_m":3.0,"context_scope":"candidate-site road check"},"geometry":{"type":"Polygon","coordinates":[[[-122.42235095496783,37.768205273055514],[-122.42234184503054,37.768231326944274],[-122.42233004502866,37.7682287269438],[-122.42233915496973,37.76820267305598],[-122.42235095496783,37.768205273055514]]]}},{"type":"Feature","id":"osm-land-road-1310421853","properties":{"source":"© OpenStreetMap contributors; OSM way/1310421853 (ODbL), snapshot 2026-07-15T15:22:01Z","osm_type":"way","osm_id":1310421853,"osm_url":"https://www.openstreetmap.org/way/1310421853","source_timestamp":"2026-07-15T15:22:01Z","scenario_only":false,"layer":"restricted","name":"Mapped transport corridor","restriction_type":"mapped_road_corridor","osm_highway":"footway","modeled_width_m":3.0,"context_scope":"candidate-site road check"},"geometry":{"type":"Polygon","coordinates":[[[-122.42210857609832,37.768244782274955],[-122.42210222390281,37.76821821772495],[-122.42211682390027,37.768216017725315],[-122.42212317610084,37.768242582274574],[-122.42210857609832,37.768244782274955]]]}},{"type":"Feature","id":"osm-land-road-1310421854","properties":{"source":"© OpenStreetMap contributors; OSM way/1310421854 (ODbL), snapshot 2026-07-15T15:22:01Z","osm_type":"way","osm_id":1310421854,"osm_url":"https://www.openstreetmap.org/way/1310421854","source_timestamp":"2026-07-15T15:22:01Z","scenario_only":false,"layer":"restricted","name":"Mapped transport corridor","restriction_type":"mapped_road_corridor","osm_highway":"footway","modeled_width_m":3.0,"context_scope":"candidate-site road check"},"geometry":{"type":"Polygon","coordinates":[[[-122.42212194817671,37.768228304339836],[-122.42208885182191,37.768234695657824],[-122.42208315182583,37.768216095657074],[-122.4221162481728,37.7682097043406],[-122.42212194817671,37.768228304339836]]]}},{"type":"Feature","id":"osm-land-road-1310421855","properties":{"source":"© OpenStreetMap contributors; OSM way/1310421855 (ODbL), snapshot 2026-07-15T15:22:01Z","osm_type":"way","osm_id":1310421855,"osm_url":"https://www.openstreetmap.org/way/1310421855","source_timestamp":"2026-07-15T15:22:01Z","scenario_only":false,"layer":"restricted","name":"Mapped transport corridor","restriction_type":"mapped_road_corridor","osm_highway":"footway","modeled_width_m":3.0,"context_scope":"candidate-site road check"},"geometry":{"type":"Polygon","coordinates":[[[-122.42205763516716,37.768089543555796],[-122.42209036483123,37.76808205644192],[-122.42209566483417,37.76809665644122],[-122.42206293516418,37.76810414355649],[-122.42205763516716,37.768089543555796]]]}},{"type":"Feature","id":"osm-land-road-1310421856","properties":{"source":"© OpenStreetMap contributors; OSM way/1310421856 (ODbL), snapshot 2026-07-15T15:22:01Z","osm_type":"way","osm_id":1310421856,"osm_url":"https://www.openstreetmap.org/way/1310421856","source_timestamp":"2026-07-15T15:22:01Z","scenario_only":false,"layer":"restricted","name":"Mapped transport corridor","restriction_type":"mapped_road_corridor","osm_highway":"footway","modeled_width_m":3.0,"context_scope":"candidate-site road check"},"geometry":{"type":"Polygon","coordinates":[[[-122.42208952094141,37.76808594195306],[-122.42208587905922,37.76805905804689],[-122.42211047905481,37.768056958047225],[-122.42211412094582,37.768083841952716],[-122.42208952094141,37.76808594195306]]]}},{"type":"Feature","id":"osm-land-road-1310421857","properties":{"source":"© OpenStreetMap contributors; OSM way/1310421857 (ODbL), snapshot 2026-07-15T15:22:01Z","osm_type":"way","osm_id":1310421857,"osm_url":"https://www.openstreetmap.org/way/1310421857","source_timestamp":"2026-07-15T15:22:01Z","scenario_only":false,"layer":"restricted","name":"Mapped transport corridor","restriction_type":"mapped_road_corridor","osm_highway":"footway","modeled_width_m":3.0,"context_scope":"candidate-site road check"},"geometry":{"type":"Polygon","coordinates":[[[-122.42144112525887,37.768284572026104],[-122.4214382747416,37.76825762797385],[-122.42144577474028,37.76825712797393],[-122.42144862526023,37.76828407202602],[-122.42144112525887,37.768284572026104]]]}},{"type":"Feature","id":"osm-land-road-1310421858","properties":{"source":"© OpenStreetMap contributors; OSM way/1310421858 (ODbL), snapshot 2026-07-15T15:22:01Z","osm_type":"way","osm_id":1310421858,"osm_url":"https://www.openstreetmap.org/way/1310421858","source_timestamp":"2026-07-15T15:22:01Z","scenario_only":false,"layer":"restricted","name":"Mapped transport corridor","restriction_type":"mapped_road_corridor","osm_highway":"footway","modeled_width_m":3.0,"context_scope":"candidate-site road check"},"geometry":{"type":"Polygon","coordinates":[[[-122.42134533203433,37.76828989460567],[-122.42134326796604,37.76826290539428],[-122.42135156796454,37.76826250539435],[-122.42135363203583,37.76828949460561],[-122.42134533203433,37.76828989460567]]]}},{"type":"Feature","id":"osm-land-road-1310421860","properties":{"source":"© OpenStreetMap contributors; OSM way/1310421860 (ODbL), snapshot 2026-07-15T15:22:01Z","osm_type":"way","osm_id":1310421860,"osm_url":"https://www.openstreetmap.org/way/1310421860","source_timestamp":"2026-07-15T15:22:01Z","scenario_only":false,"layer":"restricted","name":"Mapped transport corridor","restriction_type":"mapped_road_corridor","osm_highway":"footway","modeled_width_m":3.0,"context_scope":"candidate-site road check"},"geometry":{"type":"Polygon","coordinates":[[[-122.42130469999836,37.76811638054861],[-122.42130470000157,37.76814341945135],[-122.42128709999837,37.76814341945133],[-122.42128710000156,37.76811638054864],[-122.42130469999836,37.76811638054861]]]}},{"type":"Feature","id":"osm-land-road-1310421861","properties":{"source":"© OpenStreetMap contributors; OSM way/1310421861 (ODbL), snapshot 2026-07-15T15:22:01Z","osm_type":"way","osm_id":1310421861,"osm_url":"https://www.openstreetmap.org/way/1310421861","source_timestamp":"2026-07-15T15:22:01Z","scenario_only":false,"layer":"restricted","name":"Mapped transport corridor","restriction_type":"mapped_road_corridor","osm_highway":"footway","modeled_width_m":3.0,"context_scope":"candidate-site road check"},"geometry":{"type":"Polygon","coordinates":[[[-122.42113437617746,37.768157108627435],[-122.42113002382332,37.76813029137252],[-122.42116522381706,37.7681266913731],[-122.4211695761837,37.768153508626824],[-122.42113437617746,37.768157108627435]]]}},{"type":"Feature","id":"osm-land-road-1310421862","properties":{"source":"© OpenStreetMap contributors; OSM way/1310421862 (ODbL), snapshot 2026-07-15T15:22:01Z","osm_type":"way","osm_id":1310421862,"osm_url":"https://www.openstreetmap.org/way/1310421862","source_timestamp":"2026-07-15T15:22:01Z","scenario_only":false,"layer":"restricted","name":"Mapped transport corridor","restriction_type":"mapped_road_corridor","osm_highway":"footway","modeled_width_m":3.0,"context_scope":"candidate-site road check"},"geometry":{"type":"Polygon","coordinates":[[[-122.420736865074,37.768323344489545],[-122.42037547743983,37.76835135372463],[-122.42022193851764,37.76836358071402],[-122.42013597585552,37.76836749723719],[-122.4201340241448,37.768340502762776],[-122.42021926148276,37.76833661928592],[-122.42037212256074,37.76832444627531],[-122.4207513432757,37.768295054862584],[-122.42076207857934,37.768305146047375],[-122.42078103851148,37.768322751694676],[-122.42093523636157,37.76986100745578],[-122.42091253006056,37.76989930725164],[-122.4203083493138,37.76994027040554],[-122.42030545068671,37.76991332959444],[-122.42089006994327,37.76987369274729],[-122.42090056363965,37.76985599254167],[-122.42074796148613,37.76833364830296],[-122.420736865074,37.768323344489545]]]}},{"type":"Feature","id":"osm-land-road-1310421863","properties":{"source":"© OpenStreetMap contributors; OSM way/1310421863 (ODbL), snapshot 2026-07-15T15:22:01Z","osm_type":"way","osm_id":1310421863,"osm_url":"https://www.openstreetmap.org/way/1310421863","source_timestamp":"2026-07-15T15:22:01Z","scenario_only":false,"layer":"restricted","name":"Mapped transport corridor","restriction_type":"mapped_road_corridor","osm_highway":"footway","modeled_width_m":3.0,"context_scope":"candidate-site road check"},"geometry":{"type":"Polygon","coordinates":[[[-122.42085958910288,37.76829243506898],[-122.4208530108959,37.76831896493087],[-122.42084341089428,37.76831746493059],[-122.42084998910451,37.768290935069274],[-122.42085958910288,37.76829243506898]]]}},{"type":"Feature","id":"osm-land-road-1310421864","properties":{"source":"© OpenStreetMap contributors; OSM way/1310421864 (ODbL), snapshot 2026-07-15T15:22:01Z","osm_type":"way","osm_id":1310421864,"osm_url":"https://www.openstreetmap.org/way/1310421864","source_timestamp":"2026-07-15T15:22:01Z","scenario_only":false,"layer":"restricted","name":"Mapped transport corridor","restriction_type":"mapped_road_corridor","osm_highway":"footway","modeled_width_m":3.0,"context_scope":"candidate-site road check"},"geometry":{"type":"Polygon","coordinates":[[[-122.42075511125992,37.768326549297846],[-122.42074308874211,37.76830125070186],[-122.42076178873934,37.768295650702754],[-122.42077381126268,37.76832094929689],[-122.42075511125992,37.768326549297846]]]}},{"type":"Feature","id":"osm-land-road-1361756587","properties":{"source":"© OpenStreetMap contributors; OSM way/1361756587 (ODbL), snapshot 2026-07-15T15:22:01Z","osm_type":"way","osm_id":1361756587,"osm_url":"https://www.openstreetmap.org/way/1361756587","source_timestamp":"2026-07-15T15:22:01Z","scenario_only":false,"layer":"restricted","name":"Mapped transport corridor","restriction_type":"mapped_road_corridor","osm_highway":"footway","modeled_width_m":3.0,"context_scope":"candidate-site road check"},"geometry":{"type":"Polygon","coordinates":[[[-122.42116452193166,37.758582140569885],[-122.42119847806788,37.75858005942767],[-122.42134097840142,37.76004555941014],[-122.42130702159818,37.76004764058742],[-122.42116452193166,37.758582140569885]]]}},{"type":"Feature","id":"osm-land-road-1361756588","properties":{"source":"© OpenStreetMap contributors; OSM way/1361756588 (ODbL), snapshot 2026-07-15T15:22:01Z","osm_type":"way","osm_id":1361756588,"osm_url":"https://www.openstreetmap.org/way/1361756588","source_timestamp":"2026-07-15T15:22:01Z","scenario_only":false,"layer":"restricted","name":"Mapped transport corridor","restriction_type":"mapped_road_corridor","osm_highway":"footway","modeled_width_m":3.0,"context_scope":"candidate-site road check"},"geometry":{"type":"Polygon","coordinates":[[[-122.42149577938721,37.75927872113957],[-122.42147163107987,37.759109978418195],[-122.42144785132476,37.759073200392876],[-122.4214041114476,37.75856762642387],[-122.42143808855204,37.7585657735737],[-122.4214813486736,37.75906579960472],[-122.4215047689184,37.75910202157944],[-122.42152961988633,37.75927567378622],[-122.42154102135117,37.75935588392856],[-122.4215071786482,37.75935891606898],[-122.42149577938721,37.75927872113957]]]}},{"type":"Feature","id":"osm-land-road-1361756589","properties":{"source":"© OpenStreetMap contributors; OSM way/1361756589 (ODbL), snapshot 2026-07-15T15:22:01Z","osm_type":"way","osm_id":1361756589,"osm_url":"https://www.openstreetmap.org/way/1361756589","source_timestamp":"2026-07-15T15:22:01Z","scenario_only":false,"layer":"restricted","name":"Mapped transport corridor","restriction_type":"mapped_road_corridor","osm_highway":"footway","modeled_width_m":3.0,"context_scope":"candidate-site road check"},"geometry":{"type":"Polygon","coordinates":[[[-122.42148181868859,37.75938130860794],[-122.42151578131097,37.7593792913896],[-122.42157738145983,37.76003299138205],[-122.42154341853974,37.76003500861549],[-122.42148181868859,37.75938130860794]]]}},{"type":"Feature","id":"osm-land-road-1361756590","properties":{"source":"© OpenStreetMap contributors; OSM way/1361756590 (ODbL), snapshot 2026-07-15T15:22:01Z","osm_type":"way","osm_id":1361756590,"osm_url":"https://www.openstreetmap.org/way/1361756590","source_timestamp":"2026-07-15T15:22:01Z","scenario_only":false,"layer":"restricted","name":"Mapped transport corridor","restriction_type":"mapped_road_corridor","osm_highway":"footway","modeled_width_m":3.0,"context_scope":"candidate-site road check"},"geometry":{"type":"Polygon","coordinates":[[[-122.42149620122917,37.75936218223237],[-122.42151128487097,37.759348497076],[-122.42153691513211,37.75936630292261],[-122.42152179877392,37.75938001776624],[-122.42151158236133,37.759389232571124],[-122.42148601764174,37.759371367427484],[-122.42149620122917,37.75936218223237]]]}},{"type":"Feature","id":"osm-land-road-1361756591","properties":{"source":"© OpenStreetMap contributors; OSM way/1361756591 (ODbL), snapshot 2026-07-15T15:22:01Z","osm_type":"way","osm_id":1361756591,"osm_url":"https://www.openstreetmap.org/way/1361756591","source_timestamp":"2026-07-15T15:22:01Z","scenario_only":false,"layer":"restricted","name":"Mapped transport corridor","restriction_type":"mapped_road_corridor","osm_highway":"footway","modeled_width_m":3.0,"context_scope":"candidate-site road check"},"geometry":{"type":"Polygon","coordinates":[[[-122.42134828411237,37.75858468098392],[-122.4212926784312,37.758587981321014],[-122.42124118737624,37.758591080782516],[-122.4211827817899,37.75859458111795],[-122.42118021821054,37.758567618882026],[-122.42123861541123,37.75856411904969],[-122.42129012156923,37.758561018678925],[-122.42134571588807,37.758557719016046],[-122.42141980124642,37.758553219905096],[-122.42142239875405,37.75858018009488],[-122.42134828411237,37.75858468098392]]]}},{"type":"Feature","id":"osm-land-road-1361756592","properties":{"source":"© OpenStreetMap contributors; OSM way/1361756592 (ODbL), snapshot 2026-07-15T15:22:01Z","osm_type":"way","osm_id":1361756592,"osm_url":"https://www.openstreetmap.org/way/1361756592","source_timestamp":"2026-07-15T15:22:01Z","scenario_only":false,"layer":"restricted","name":"Mapped transport corridor","restriction_type":"mapped_road_corridor","osm_highway":"footway","modeled_width_m":3.0,"context_scope":"candidate-site road check"},"geometry":{"type":"Polygon","coordinates":[[[-122.42115772123397,37.758511133233924],[-122.42115192204528,37.75845154143059],[-122.4211858779543,37.758449458566986],[-122.42119167876558,37.75850906676362],[-122.42119847956688,37.758580074960484],[-122.42116452043268,37.75858212503707],[-122.42115772123397,37.758511133233924]]]}},{"type":"Feature","id":"osm-land-road-1361756593","properties":{"source":"© OpenStreetMap contributors; OSM way/1361756593 (ODbL), snapshot 2026-07-15T15:22:01Z","osm_type":"way","osm_id":1361756593,"osm_url":"https://www.openstreetmap.org/way/1361756593","source_timestamp":"2026-07-15T15:22:01Z","scenario_only":false,"layer":"restricted","name":"Mapped transport corridor","restriction_type":"mapped_road_corridor","osm_highway":"footway","modeled_width_m":3.0,"context_scope":"candidate-site road check"},"geometry":{"type":"Polygon","coordinates":[[[-122.4214312788458,37.75849466763083],[-122.42143807956403,37.758565674960266],[-122.42140412043557,37.7585677250373],[-122.42139732115376,37.75849673236672],[-122.42139152187953,37.75843703969671],[-122.42142547812001,37.75843496030086],[-122.4214312788458,37.75849466763083]]]}},{"type":"Feature","id":"osm-land-road-1361756594","properties":{"source":"© OpenStreetMap contributors; OSM way/1361756594 (ODbL), snapshot 2026-07-15T15:22:01Z","osm_type":"way","osm_id":1361756594,"osm_url":"https://www.openstreetmap.org/way/1361756594","source_timestamp":"2026-07-15T15:22:01Z","scenario_only":false,"layer":"restricted","name":"Mapped transport corridor","restriction_type":"mapped_road_corridor","osm_highway":"footway","modeled_width_m":3.0,"context_scope":"candidate-site road check"},"geometry":{"type":"Polygon","coordinates":[[[-122.42122591308771,37.75843351918922],[-122.42127730003422,37.758430419976406],[-122.42133278993126,37.75842702059523],[-122.42140720645754,37.75842251958911],[-122.42140979354289,37.758449480410846],[-122.42133540180048,37.758453979911266],[-122.42127989996621,37.758457380023565],[-122.42122848986195,37.75846048063288],[-122.42117018397151,37.758463980987244],[-122.42116761602894,37.75843701901273],[-122.42122591308771,37.75843351918922]]]}},{"type":"Feature","id":"osm-land-road-1361756595","properties":{"source":"© OpenStreetMap contributors; OSM way/1361756595 (ODbL), snapshot 2026-07-15T15:22:01Z","osm_type":"way","osm_id":1361756595,"osm_url":"https://www.openstreetmap.org/way/1361756595","source_timestamp":"2026-07-15T15:22:01Z","scenario_only":false,"layer":"restricted","name":"Mapped transport corridor","restriction_type":"mapped_road_corridor","osm_highway":"footway","modeled_width_m":3.0,"context_scope":"candidate-site road check"},"geometry":{"type":"Polygon","coordinates":[[[-122.42136308712017,37.75841367098548],[-122.42130771891163,37.75777328423953],[-122.4213352662581,37.75773997905574],[-122.42136373374474,37.75775482094254],[-122.42134248109012,37.757780515757894],[-122.42139631287752,37.75840312901213],[-122.42142161313821,37.758427375089724],[-122.42139538685876,37.75844462490879],[-122.42136308712017,37.75841367098548]]]}},{"type":"Feature","id":"osm-land-road-1381357818","properties":{"source":"© OpenStreetMap contributors; OSM way/1381357818 (ODbL), snapshot 2026-07-15T15:22:01Z","osm_type":"way","osm_id":1381357818,"osm_url":"https://www.openstreetmap.org/way/1381357818","source_timestamp":"2026-07-15T15:22:01Z","scenario_only":false,"layer":"restricted","name":"Guerrero Street","restriction_type":"mapped_road_corridor","osm_highway":"secondary","modeled_width_m":16.0,"context_scope":"candidate-site road check"},"geometry":{"type":"Polygon","coordinates":[[[-122.42354356014653,37.758450760178796],[-122.4236836134332,37.7599150531035],[-122.4236894642092,37.75996690252299],[-122.42369611389012,37.76005022376637],[-122.42382898686178,37.76151110698893],[-122.4238338906071,37.76156544759719],[-122.42365270938126,37.761575752333044],[-122.42364781127962,37.761521472635835],[-122.42351488609887,37.76005997616384],[-122.42350833577828,37.75997789740728],[-122.42350258655318,37.75992694682684],[-122.4233624417158,37.7584616593524],[-122.42335453808117,37.75837842014726],[-122.42353566190648,37.758367579783034],[-122.42354356014653,37.758450760178796]]]}},{"type":"Feature","id":"osm-land-road-1383549495","properties":{"source":"© OpenStreetMap contributors; OSM way/1383549495 (ODbL), snapshot 2026-07-15T15:22:01Z","osm_type":"way","osm_id":1383549495,"osm_url":"https://www.openstreetmap.org/way/1383549495","source_timestamp":"2026-07-15T15:22:01Z","scenario_only":false,"layer":"restricted","name":"20th Street","restriction_type":"mapped_road_corridor","osm_highway":"residential","modeled_width_m":10.0,"context_scope":"candidate-site road check"},"geometry":{"type":"Polygon","coordinates":[[[-122.42133563309893,37.75845526865126],[-122.421344366906,37.75854513134828],[-122.42128886687257,37.75854853135002],[-122.42128013313236,37.75845866864949],[-122.42133563309893,37.75845526865126]]]}},{"type":"Feature","id":"osm-land-road-1384008088","properties":{"source":"© OpenStreetMap contributors; OSM way/1384008088 (ODbL), snapshot 2026-07-15T15:22:01Z","osm_type":"way","osm_id":1384008088,"osm_url":"https://www.openstreetmap.org/way/1384008088","source_timestamp":"2026-07-15T15:22:01Z","scenario_only":false,"layer":"restricted","name":"17th Street","restriction_type":"mapped_road_corridor","osm_highway":"tertiary","modeled_width_m":14.0,"context_scope":"candidate-site road check"},"geometry":{"type":"Polygon","coordinates":[[[-122.4226928050113,37.76318010079095],[-122.42308508322988,37.76315679614199],[-122.42384799658993,37.76310860792462],[-122.42390404818691,37.763105085825565],[-122.42400182946312,37.763099569958136],[-122.42410499165648,37.763093672118785],[-122.42480093455532,37.76305409241948],[-122.42607784726201,37.76297151745342],[-122.42616405004722,37.76296598517301],[-122.42631343131903,37.76295776418951],[-122.42641955856823,37.76295176829892],[-122.4271613863767,37.7629100667263],[-122.42839990396865,37.76284066572986],[-122.42850208446059,37.76283496681359],[-122.42852143836961,37.762833869426856],[-122.42853276163927,37.7629597305723],[-122.42851331554827,37.76296083318555],[-122.42841108271696,37.76296653501592],[-122.42717260430653,37.76303593379711],[-122.42643082722164,37.76307763250356],[-122.42632456868975,37.76308363580963],[-122.4261759499622,37.763091814826105],[-122.42609072816191,37.763097284135725],[-122.42481306545426,37.76317990757963],[-122.42411639335691,37.76321952873766],[-122.42401320826541,37.76322542788457],[-122.4239159518225,37.76323091417357],[-122.42386058704413,37.76323439310889],[-122.42309731677979,37.7632826038571],[-122.42270519499854,37.763305899208135],[-122.42231465914567,37.76333118210422],[-122.4223017408646,37.76320541789484],[-122.4226928050113,37.76318010079095]]]}},{"type":"Feature","id":"osm-land-road-1387181761","properties":{"source":"© OpenStreetMap contributors; OSM way/1387181761 (ODbL), snapshot 2026-07-15T15:22:01Z","osm_type":"way","osm_id":1387181761,"osm_url":"https://www.openstreetmap.org/way/1387181761","source_timestamp":"2026-07-15T15:22:01Z","scenario_only":false,"layer":"restricted","name":"Valencia Street","restriction_type":"mapped_road_corridor","osm_highway":"tertiary","modeled_width_m":14.0,"context_scope":"candidate-site road check"},"geometry":{"type":"Polygon","coordinates":[[[-122.42119937690744,37.75844883504269],[-122.42112657356766,37.75770579304399],[-122.42128502642261,37.757696006902684],[-122.42135782515602,37.75843898588281],[-122.42136372314609,37.75849866490056],[-122.42120527684405,37.758508535046076],[-122.42119937690744,37.75844883504269]]]}},{"type":"Feature","id":"osm-land-road-1393672543","properties":{"source":"© OpenStreetMap contributors; OSM way/1393672543 (ODbL), snapshot 2026-07-15T15:22:01Z","osm_type":"way","osm_id":1393672543,"osm_url":"https://www.openstreetmap.org/way/1393672543","source_timestamp":"2026-07-15T15:22:01Z","scenario_only":false,"layer":"restricted","name":"Mapped transport corridor","restriction_type":"mapped_road_corridor","osm_highway":"footway","modeled_width_m":3.0,"context_scope":"candidate-site road check"},"geometry":{"type":"Polygon","coordinates":[[[-122.42282366032349,37.759728162603984],[-122.42244274774004,37.7597557635152],[-122.4224396522605,37.75972883648473],[-122.42282053967705,37.759701237395966],[-122.42284632715943,37.75969933831775],[-122.42284947284107,37.759726261682175],[-122.42282366032349,37.759728162603984]]]}},{"type":"Feature","id":"osm-land-road-1409332145","properties":{"source":"© OpenStreetMap contributors; OSM way/1409332145 (ODbL), snapshot 2026-07-15T15:22:01Z","osm_type":"way","osm_id":1409332145,"osm_url":"https://www.openstreetmap.org/way/1409332145","source_timestamp":"2026-07-15T15:22:01Z","scenario_only":false,"layer":"restricted","name":"Mapped transport corridor","restriction_type":"mapped_road_corridor","osm_highway":"footway","modeled_width_m":3.0,"context_scope":"candidate-site road check"},"geometry":{"type":"Polygon","coordinates":[[[-122.42237439420494,37.76977190414522],[-122.42249898586314,37.76976600454002],[-122.42250101413723,37.769792995459945],[-122.42237641411462,37.76979889546082],[-122.42225829745036,37.769804396243195],[-122.42225630255,37.769777403756756],[-122.42237439420494,37.76977190414522]]]}},{"type":"Feature","id":"osm-land-road-1409332146","properties":{"source":"© OpenStreetMap contributors; OSM way/1409332146 (ODbL), snapshot 2026-07-15T15:22:01Z","osm_type":"way","osm_id":1409332146,"osm_url":"https://www.openstreetmap.org/way/1409332146","source_timestamp":"2026-07-15T15:22:01Z","scenario_only":false,"layer":"restricted","name":"Mapped transport corridor","restriction_type":"mapped_road_corridor","osm_highway":"footway","modeled_width_m":3.0,"context_scope":"candidate-site road check"},"geometry":{"type":"Polygon","coordinates":[[[-122.42224739894745,37.76988660374758],[-122.42224029880036,37.76979170149402],[-122.42227430119932,37.769790098503506],[-122.42228140113663,37.76988499737492],[-122.42228840107353,37.76997829624914],[-122.42225439892616,37.76997990374841],[-122.42224739894745,37.76988660374758]]]}},{"type":"Feature","id":"osm-land-road-1409332147","properties":{"source":"© OpenStreetMap contributors; OSM way/1409332147 (ODbL), snapshot 2026-07-15T15:22:01Z","osm_type":"way","osm_id":1409332147,"osm_url":"https://www.openstreetmap.org/way/1409332147","source_timestamp":"2026-07-15T15:22:01Z","scenario_only":false,"layer":"restricted","name":"Mapped transport corridor","restriction_type":"mapped_road_corridor","osm_highway":"footway","modeled_width_m":3.0,"context_scope":"candidate-site road check"},"geometry":{"type":"Polygon","coordinates":[[[-122.42252390067698,37.7698701913025],[-122.42253120063525,37.76996679045734],[-122.42249719936444,37.76996840954022],[-122.4224898993865,37.769871809539346],[-122.422482999279,37.769780307837635],[-122.42251700072066,37.7697786921599],[-122.42252390067698,37.7698701913025]]]}},{"type":"Feature","id":"osm-land-road-1409780955","properties":{"source":"© OpenStreetMap contributors; OSM way/1409780955 (ODbL), snapshot 2026-07-15T15:22:01Z","osm_type":"way","osm_id":1409780955,"osm_url":"https://www.openstreetmap.org/way/1409780955","source_timestamp":"2026-07-15T15:22:01Z","scenario_only":false,"layer":"restricted","name":"Mapped transport corridor","restriction_type":"mapped_road_corridor","osm_highway":"footway","modeled_width_m":3.0,"context_scope":"candidate-site road check"},"geometry":{"type":"Polygon","coordinates":[[[-122.42441720365828,37.76920678738499],[-122.4224584603138,37.769322182382346],[-122.42245593968664,37.769295217617604],[-122.42444879633553,37.769177812612845],[-122.42449098963556,37.76965675686036],[-122.42445701036404,37.769658643137205],[-122.42441720365828,37.76920678738499]]]}},{"type":"Feature","id":"osm-land-building-1411604288","properties":{"source":"© OpenStreetMap contributors; OSM way/1411604288 (ODbL), snapshot 2026-07-15T15:22:01Z","osm_type":"way","osm_id":1411604288,"osm_url":"https://www.openstreetmap.org/way/1411604288","source_timestamp":"2026-07-15T15:22:01Z","scenario_only":false,"layer":"building","name":"Mapped building footprint","osm_building":"school","context_scope":"candidate-site building check","height_m":7.0},"geometry":{"type":"Polygon","coordinates":[[[-122.428263,37.7644295],[-122.4285231,37.7644154],[-122.428511,37.7642768],[-122.4284908,37.7640302],[-122.4284819,37.7639215],[-122.4282753,37.7639321],[-122.4282843,37.7640408],[-122.4283045,37.7642874],[-122.4282509,37.7642909],[-122.428263,37.7644295]]]}},{"type":"Feature","id":"osm-land-building-1411622157","properties":{"source":"© OpenStreetMap contributors; OSM way/1411622157 (ODbL), snapshot 2026-07-15T15:22:01Z","osm_type":"way","osm_id":1411622157,"osm_url":"https://www.openstreetmap.org/way/1411622157","source_timestamp":"2026-07-15T15:22:01Z","scenario_only":false,"layer":"building","name":"Mapped building footprint","osm_building":"yes","context_scope":"candidate-site building check"},"geometry":{"type":"Polygon","coordinates":[[[-122.4219862,37.7577627],[-122.4219844,37.7577469],[-122.4220743,37.7577422],[-122.4220807,37.7578183],[-122.4220574,37.7578195],[-122.4220646,37.7579054],[-122.4220862,37.7579043],[-122.4220929,37.7579843],[-122.4220047,37.757989],[-122.4220035,37.7579807],[-122.4219862,37.7577627]]]}},{"type":"Feature","id":"osm-land-building-1411622159","properties":{"source":"© OpenStreetMap contributors; OSM way/1411622159 (ODbL), snapshot 2026-07-15T15:22:01Z","osm_type":"way","osm_id":1411622159,"osm_url":"https://www.openstreetmap.org/way/1411622159","source_timestamp":"2026-07-15T15:22:01Z","scenario_only":false,"layer":"building","name":"Mapped building footprint","osm_building":"yes","context_scope":"candidate-site building check"},"geometry":{"type":"Polygon","coordinates":[[[-122.422902,37.7582989],[-122.4228329,37.7583027],[-122.4228258,37.7582144],[-122.4228409,37.7582136],[-122.4228325,37.7581094],[-122.4228859,37.7581067],[-122.4228899,37.7581549],[-122.422902,37.7582989]]]}},{"type":"Feature","id":"osm-land-building-1411622160","properties":{"source":"© OpenStreetMap contributors; OSM way/1411622160 (ODbL), snapshot 2026-07-15T15:22:01Z","osm_type":"way","osm_id":1411622160,"osm_url":"https://www.openstreetmap.org/way/1411622160","source_timestamp":"2026-07-15T15:22:01Z","scenario_only":false,"layer":"building","name":"Mapped building footprint","osm_building":"yes","context_scope":"candidate-site building check"},"geometry":{"type":"Polygon","coordinates":[[[-122.4228329,37.7583027],[-122.4227653,37.7583063],[-122.4227499,37.7581131],[-122.4228044,37.7581104],[-122.4228128,37.7582152],[-122.4228258,37.7582144],[-122.4228329,37.7583027]]]}},{"type":"Feature","id":"osm-land-building-1411622161","properties":{"source":"© OpenStreetMap contributors; OSM way/1411622161 (ODbL), snapshot 2026-07-15T15:22:01Z","osm_type":"way","osm_id":1411622161,"osm_url":"https://www.openstreetmap.org/way/1411622161","source_timestamp":"2026-07-15T15:22:01Z","scenario_only":false,"layer":"building","name":"Mapped building footprint","osm_building":"yes","context_scope":"candidate-site building check"},"geometry":{"type":"Polygon","coordinates":[[[-122.4227653,37.7583063],[-122.4226973,37.75831],[-122.42269,37.7582233],[-122.4227034,37.7582226],[-122.4226945,37.7581161],[-122.4227499,37.7581131],[-122.4227653,37.7583063]]]}},{"type":"Feature","id":"osm-land-building-1411622162","properties":{"source":"© OpenStreetMap contributors; OSM way/1411622162 (ODbL), snapshot 2026-07-15T15:22:01Z","osm_type":"way","osm_id":1411622162,"osm_url":"https://www.openstreetmap.org/way/1411622162","source_timestamp":"2026-07-15T15:22:01Z","scenario_only":false,"layer":"building","name":"Mapped building footprint","osm_building":"yes","context_scope":"candidate-site building check"},"geometry":{"type":"Polygon","coordinates":[[[-122.4226973,37.75831],[-122.42263,37.7583136],[-122.4226127,37.758121],[-122.4226655,37.758118],[-122.4226749,37.7582239],[-122.42269,37.7582233],[-122.4226973,37.75831]]]}},{"type":"Feature","id":"osm-land-road-1429433413","properties":{"source":"© OpenStreetMap contributors; OSM way/1429433413 (ODbL), snapshot 2026-07-15T15:22:01Z","osm_type":"way","osm_id":1429433413,"osm_url":"https://www.openstreetmap.org/way/1429433413","source_timestamp":"2026-07-15T15:22:01Z","scenario_only":false,"layer":"restricted","name":"Mapped transport corridor","restriction_type":"mapped_road_corridor","osm_highway":"footway","modeled_width_m":3.0,"context_scope":"candidate-site road check"},"geometry":{"type":"Polygon","coordinates":[[[-122.42251203336835,37.759977602326686],[-122.42282815000605,37.75996330157348],[-122.42283966881487,37.75996280075569],[-122.42284153118545,37.75998979924427],[-122.42283004999429,37.75999029842647],[-122.4225139687432,37.76000459757778],[-122.4215613643272,37.76004749777558],[-122.42155943567312,37.760020502224364],[-122.42251203336835,37.759977602326686]]]}},{"type":"Feature","id":"osm-land-road-1436845197","properties":{"source":"© OpenStreetMap contributors; OSM way/1436845197 (ODbL), snapshot 2026-07-15T15:22:01Z","osm_type":"way","osm_id":1436845197,"osm_url":"https://www.openstreetmap.org/way/1436845197","source_timestamp":"2026-07-15T15:22:01Z","scenario_only":false,"layer":"restricted","name":"Guerrero Street","restriction_type":"mapped_road_corridor","osm_highway":"secondary","modeled_width_m":16.0,"context_scope":"candidate-site road check"},"geometry":{"type":"Polygon","coordinates":[[[-122.42438142607944,37.76809921998141],[-122.42437371522142,37.76801620199034],[-122.42455488476656,37.7680055979399],[-122.42456257390823,37.76808837994887],[-122.42457666263797,37.7682335619831],[-122.42439553734938,37.768244637947184],[-122.42438142607944,37.76809921998141]]]}},{"type":"Feature","id":"osm-land-road-1436845198","properties":{"source":"© OpenStreetMap contributors; OSM way/1436845198 (ODbL), snapshot 2026-07-15T15:22:01Z","osm_type":"way","osm_id":1436845198,"osm_url":"https://www.openstreetmap.org/way/1436845198","source_timestamp":"2026-07-15T15:22:01Z","scenario_only":false,"layer":"restricted","name":"Guerrero Street","restriction_type":"mapped_road_corridor","osm_highway":"secondary","modeled_width_m":16.0,"context_scope":"candidate-site road check"},"geometry":{"type":"Polygon","coordinates":[[[-122.42444923361444,37.767935152517346],[-122.42445582329199,37.76801243035675],[-122.424274576697,37.76802216957344],[-122.4242679663749,37.767944647412854],[-122.42425565666622,37.767792625221894],[-122.42443694332339,37.767783374708266],[-122.42444923361444,37.767935152517346]]]}},{"type":"Feature","id":"osm-land-road-1459076995","properties":{"source":"© OpenStreetMap contributors; OSM way/1459076995 (ODbL), snapshot 2026-07-15T15:22:01Z","osm_type":"way","osm_id":1459076995,"osm_url":"https://www.openstreetmap.org/way/1459076995","source_timestamp":"2026-07-15T15:22:01Z","scenario_only":false,"layer":"restricted","name":"Dolores Street","restriction_type":"mapped_road_corridor","osm_highway":"secondary","modeled_width_m":16.0,"context_scope":"candidate-site road check"},"geometry":{"type":"Polygon","coordinates":[[[-122.42627873831331,37.76354808884248],[-122.42623743976891,37.763119198524116],[-122.42623584133709,37.763102614584156],[-122.42622845051818,37.76302630841114],[-122.42622195861173,37.76296118879892],[-122.42619074621688,37.76264756041773],[-122.4261448992217,37.76216666132487],[-122.42613950160853,37.7621007894721],[-122.42608394165754,37.76152399792376],[-122.4260746409418,37.76142728926171],[-122.4262557590457,37.7614163106686],[-122.42626505874709,37.76151300633703],[-122.42632069837995,37.762090610458145],[-122.42632610076686,37.762156538605375],[-122.42637185377049,37.762636439512576],[-122.42640304185917,37.762949815985046],[-122.42640954946908,37.76301509151917],[-122.4264169573499,37.76309157192026],[-122.42641855996442,37.763108198769196],[-122.4264598609949,37.76353710403312],[-122.42649896284618,37.76394421811778],[-122.42631783714134,37.76395518181251],[-122.42627873831331,37.76354808884248]]]}},{"type":"Feature","id":"osm-land-road-1478730151","properties":{"source":"© OpenStreetMap contributors; OSM way/1478730151 (ODbL), snapshot 2026-07-15T15:22:01Z","osm_type":"way","osm_id":1478730151,"osm_url":"https://www.openstreetmap.org/way/1478730151","source_timestamp":"2026-07-15T15:22:01Z","scenario_only":false,"layer":"restricted","name":"Mapped transport corridor","restriction_type":"mapped_road_corridor","osm_highway":"footway","modeled_width_m":3.0,"context_scope":"candidate-site road check"},"geometry":{"type":"Polygon","coordinates":[[[-122.41956628595204,37.76533712684882],[-122.41953231404756,37.76533907314872],[-122.41953171404906,37.76533247314867],[-122.41956568595053,37.765330526848906],[-122.41956628595204,37.76533712684882]]]}},{"type":"Feature","id":"osm-land-road-1478730152","properties":{"source":"© OpenStreetMap contributors; OSM way/1478730152 (ODbL), snapshot 2026-07-15T15:22:01Z","osm_type":"way","osm_id":1478730152,"osm_url":"https://www.openstreetmap.org/way/1478730152","source_timestamp":"2026-07-15T15:22:01Z","scenario_only":false,"layer":"restricted","name":"Mapped transport corridor","restriction_type":"mapped_road_corridor","osm_highway":"footway","modeled_width_m":3.0,"context_scope":"candidate-site road check"},"geometry":{"type":"Polygon","coordinates":[[[-122.41932580049723,37.765282808379055],[-122.41932812648461,37.765282702652335],[-122.41933007351574,37.76530969734761],[-122.41932799950312,37.76530979162092],[-122.41930542536616,37.76531108441284],[-122.41930297463428,37.76528411558709],[-122.41932580049723,37.765282808379055]]]}},{"type":"Feature","id":"osm-land-road-1478730153","properties":{"source":"© OpenStreetMap contributors; OSM way/1478730153 (ODbL), snapshot 2026-07-15T15:22:01Z","osm_type":"way","osm_id":1478730153,"osm_url":"https://www.openstreetmap.org/way/1478730153","source_timestamp":"2026-07-15T15:22:01Z","scenario_only":false,"layer":"restricted","name":"Mapped transport corridor","restriction_type":"mapped_road_corridor","osm_highway":"footway","modeled_width_m":3.0,"context_scope":"candidate-site road check"},"geometry":{"type":"Polygon","coordinates":[[[-122.4193241800951,37.76526220957323],[-122.41932638029004,37.76526210480205],[-122.41932841971028,37.765289095197915],[-122.41932641990523,37.7652891904267],[-122.41930372001872,37.76529048471846],[-122.41930127998168,37.76526351528151],[-122.4193241800951,37.76526220957323]]]}},{"type":"Feature","id":"osm-land-road-1478730154","properties":{"source":"© OpenStreetMap contributors; OSM way/1478730154 (ODbL), snapshot 2026-07-15T15:22:01Z","osm_type":"way","osm_id":1478730154,"osm_url":"https://www.openstreetmap.org/way/1478730154","source_timestamp":"2026-07-15T15:22:01Z","scenario_only":false,"layer":"restricted","name":"Mapped transport corridor","restriction_type":"mapped_road_corridor","osm_highway":"footway","modeled_width_m":3.0,"context_scope":"candidate-site road check"},"geometry":{"type":"Polygon","coordinates":[[[-122.41932238672734,37.76524221401929],[-122.41932468029054,37.765242104802006],[-122.4193267197098,37.76526909519796],[-122.41932481327306,37.76526918598066],[-122.419302206518,37.76527067326712],[-122.41929939348249,37.765243726732834],[-122.41932238672734,37.76524221401929]]]}},{"type":"Feature","id":"osm-land-road-1478730155","properties":{"source":"© OpenStreetMap contributors; OSM way/1478730155 (ODbL), snapshot 2026-07-15T15:22:01Z","osm_type":"way","osm_id":1478730155,"osm_url":"https://www.openstreetmap.org/way/1478730155","source_timestamp":"2026-07-15T15:22:01Z","scenario_only":false,"layer":"restricted","name":"Mapped transport corridor","restriction_type":"mapped_road_corridor","osm_highway":"footway","modeled_width_m":3.0,"context_scope":"candidate-site road check"},"geometry":{"type":"Polygon","coordinates":[[[-122.41931779093504,37.76525628352451],[-122.41931949221903,37.76527609842655],[-122.41932119255465,37.76529670243637],[-122.4193240422142,37.76533018585145],[-122.41954753420816,37.765318012258426],[-122.41960494408586,37.76531491172258],[-122.41960725591451,37.76534188827739],[-122.41954986085123,37.7653449880107],[-122.41929235777965,37.76535901414633],[-122.41928720744498,37.76529849756116],[-122.41928550778059,37.765277901571004],[-122.419283809311,37.765258119342825],[-122.41927700883788,37.76517841360205],[-122.41931099116174,37.76517658639551],[-122.41931779093504,37.76525628352451]]]}},{"type":"Feature","id":"osm-land-road-1478730156","properties":{"source":"© OpenStreetMap contributors; OSM way/1478730156 (ODbL), snapshot 2026-07-15T15:22:01Z","osm_type":"way","osm_id":1478730156,"osm_url":"https://www.openstreetmap.org/way/1478730156","source_timestamp":"2026-07-15T15:22:01Z","scenario_only":false,"layer":"restricted","name":"Mapped transport corridor","restriction_type":"mapped_road_corridor","osm_highway":"corridor","modeled_width_m":8.0,"context_scope":"candidate-site road check"},"geometry":{"type":"Polygon","coordinates":[[[-122.4197148482472,37.76528992244441],[-122.41968800990576,37.76529181106831],[-122.41967999009795,37.76521998893136],[-122.41970715175633,37.765218077555254],[-122.4197305135145,37.76521656709669],[-122.41973788648886,37.76528843290301],[-122.4197148482472,37.76528992244441]]]}},{"type":"Feature","id":"osm-land-road-1478730157","properties":{"source":"© OpenStreetMap contributors; OSM way/1478730157 (ODbL), snapshot 2026-07-15T15:22:01Z","osm_type":"way","osm_id":1478730157,"osm_url":"https://www.openstreetmap.org/way/1478730157","source_timestamp":"2026-07-15T15:22:01Z","scenario_only":false,"layer":"restricted","name":"Mapped transport corridor","restriction_type":"mapped_road_corridor","osm_highway":"corridor","modeled_width_m":8.0,"context_scope":"candidate-site road check"},"geometry":{"type":"Polygon","coordinates":[[[-122.41979770425763,37.765701371647154],[-122.41980196882545,37.76574362036582],[-122.41971143117128,37.76574937961675],[-122.41970709573951,37.76570642833539],[-122.41970546895152,37.76568507657184],[-122.41979613104606,37.76568072341069],[-122.41979770425763,37.765701371647154]]]}},{"type":"Feature","id":"osm-land-road-1478730158","properties":{"source":"© OpenStreetMap contributors; OSM way/1478730158 (ODbL), snapshot 2026-07-15T15:22:01Z","osm_type":"way","osm_id":1478730158,"osm_url":"https://www.openstreetmap.org/way/1478730158","source_timestamp":"2026-07-15T15:22:01Z","scenario_only":false,"layer":"restricted","name":"Mapped transport corridor","restriction_type":"mapped_road_corridor","osm_highway":"corridor","modeled_width_m":8.0,"context_scope":"candidate-site road check"},"geometry":{"type":"Polygon","coordinates":[[[-122.41975592826279,37.76573984292241],[-122.41973036440777,37.76574144066325],[-122.41972323559548,37.76566955933645],[-122.41974887174038,37.765667957077284],[-122.41977340789202,37.765666454863826],[-122.41978039211114,37.76573834513589],[-122.41975592826279,37.76573984292241]]]}},{"type":"Feature","id":"osm-land-road-1478730159","properties":{"source":"© OpenStreetMap contributors; OSM way/1478730159 (ODbL), snapshot 2026-07-15T15:22:01Z","osm_type":"way","osm_id":1478730159,"osm_url":"https://www.openstreetmap.org/way/1478730159","source_timestamp":"2026-07-15T15:22:01Z","scenario_only":false,"layer":"restricted","name":"Mapped transport corridor","restriction_type":"mapped_road_corridor","osm_highway":"corridor","modeled_width_m":8.0,"context_scope":"candidate-site road check"},"geometry":{"type":"Polygon","coordinates":[[[-122.41973621350564,37.76552524991122],[-122.4197098570106,37.76552684727445],[-122.41970294299252,37.765454952725264],[-122.41972938649747,37.76545335008848],[-122.41975313001177,37.76545194751793],[-122.41975986999128,37.76552385248178],[-122.41973621350564,37.76552524991122]]]}},{"type":"Feature","id":"osm-land-road-1478730160","properties":{"source":"© OpenStreetMap contributors; OSM way/1478730160 (ODbL), snapshot 2026-07-15T15:22:01Z","osm_type":"way","osm_id":1478730160,"osm_url":"https://www.openstreetmap.org/way/1478730160","source_timestamp":"2026-07-15T15:22:01Z","scenario_only":false,"layer":"restricted","name":"16th Street","restriction_type":"mapped_road_corridor","osm_highway":"footway","modeled_width_m":3.0,"context_scope":"candidate-site road check"},"geometry":{"type":"Polygon","coordinates":[[[-122.41929309066369,37.76516399982683],[-122.41958273814312,37.76515189366214],[-122.41963747178303,37.765150289745904],[-122.41963872821717,37.76517731025405],[-122.41958426185712,37.76517890633781],[-122.41929490933659,37.76519100017312],[-122.41927172330814,37.765191999570874],[-122.4192698766922,37.76516500042909],[-122.41929309066369,37.76516399982683]]]}},{"type":"Feature","id":"osm-land-road-1478730162","properties":{"source":"© OpenStreetMap contributors; OSM way/1478730162 (ODbL), snapshot 2026-07-15T15:22:01Z","osm_type":"way","osm_id":1478730162,"osm_url":"https://www.openstreetmap.org/way/1478730162","source_timestamp":"2026-07-15T15:22:01Z","scenario_only":false,"layer":"restricted","name":"Mapped transport corridor","restriction_type":"mapped_road_corridor","osm_highway":"corridor","modeled_width_m":8.0,"context_scope":"candidate-site road check"},"geometry":{"type":"Polygon","coordinates":[[[-122.41959153292665,37.76528278044757],[-122.41963648987652,37.76528014016481],[-122.41964247232528,37.76534433599207],[-122.41954982133656,37.765349077211816],[-122.41954893179945,37.76533812227605],[-122.4195040176306,37.7653408395651],[-122.41949812611277,37.76527946916922],[-122.41959087864339,37.76527472278887],[-122.41959153292665,37.76528278044757]]]}},{"type":"Feature","id":"osm-land-road-1478730163","properties":{"source":"© OpenStreetMap contributors; OSM way/1478730163 (ODbL), snapshot 2026-07-15T15:22:01Z","osm_type":"way","osm_id":1478730163,"osm_url":"https://www.openstreetmap.org/way/1478730163","source_timestamp":"2026-07-15T15:22:01Z","scenario_only":false,"layer":"restricted","name":"Mapped transport corridor","restriction_type":"mapped_road_corridor","osm_highway":"corridor","modeled_width_m":8.0,"context_scope":"candidate-site road check"},"geometry":{"type":"Polygon","coordinates":[[[-122.41983808223611,37.76484873484385],[-122.41990951778536,37.76489326514541],[-122.41986401779351,37.76493926515909],[-122.419792582228,37.764894734830165],[-122.41983808223611,37.76484873484385]]]}},{"type":"Feature","id":"osm-land-road-1478730164","properties":{"source":"© OpenStreetMap contributors; OSM way/1478730164 (ODbL), snapshot 2026-07-15T15:22:01Z","osm_type":"way","osm_id":1478730164,"osm_url":"https://www.openstreetmap.org/way/1478730164","source_timestamp":"2026-07-15T15:22:01Z","scenario_only":false,"layer":"restricted","name":"Mapped transport corridor","restriction_type":"mapped_road_corridor","osm_highway":"corridor","modeled_width_m":8.0,"context_scope":"candidate-site road check"},"geometry":{"type":"Polygon","coordinates":[[[-122.41987765887795,37.76487852469203],[-122.41988187333737,37.76487471401387],[-122.4199501266845,37.76492228597634],[-122.41992094114232,37.764948675303955],[-122.41986885183555,37.76495118563597],[-122.41986334816688,37.76487921436375],[-122.41987765887795,37.76487852469203]]]}},{"type":"Feature","id":"osm-land-road-1478730165","properties":{"source":"© OpenStreetMap contributors; OSM way/1478730165 (ODbL), snapshot 2026-07-15T15:22:01Z","osm_type":"way","osm_id":1478730165,"osm_url":"https://www.openstreetmap.org/way/1478730165","source_timestamp":"2026-07-15T15:22:01Z","scenario_only":false,"layer":"restricted","name":"Mapped transport corridor","restriction_type":"mapped_road_corridor","osm_highway":"corridor","modeled_width_m":8.0,"context_scope":"candidate-site road check"},"geometry":{"type":"Polygon","coordinates":[[[-122.41980197355193,37.76574366758018],[-122.41971142644485,37.765749332402386],[-122.4197073264699,37.765708032401044],[-122.41979787352686,37.765702367581525],[-122.41980197355193,37.76574366758018]]]}},{"type":"Feature","id":"osm-land-road-1478730166","properties":{"source":"© OpenStreetMap contributors; OSM way/1478730166 (ODbL), snapshot 2026-07-15T15:22:01Z","osm_type":"way","osm_id":1478730166,"osm_url":"https://www.openstreetmap.org/way/1478730166","source_timestamp":"2026-07-15T15:22:01Z","scenario_only":false,"layer":"restricted","name":"Mapped transport corridor","restriction_type":"mapped_road_corridor","osm_highway":"corridor","modeled_width_m":8.0,"context_scope":"candidate-site road check"},"geometry":{"type":"Polygon","coordinates":[[[-122.41973393922936,37.764995339414334],[-122.41964326076834,37.764999460568184],[-122.4196402607937,37.76495786056726],[-122.41973093920403,37.764953739415276],[-122.41973393922936,37.764995339414334]]]}},{"type":"Feature","id":"osm-land-road-1478730167","properties":{"source":"© OpenStreetMap contributors; OSM way/1478730167 (ODbL), snapshot 2026-07-15T15:22:01Z","osm_type":"way","osm_id":1478730167,"osm_url":"https://www.openstreetmap.org/way/1478730167","source_timestamp":"2026-07-15T15:22:01Z","scenario_only":false,"layer":"restricted","name":"Mapped transport corridor","restriction_type":"mapped_road_corridor","osm_highway":"corridor","modeled_width_m":8.0,"context_scope":"candidate-site road check"},"geometry":{"type":"Polygon","coordinates":[[[-122.4197473420666,37.765155169798184],[-122.41965685792982,37.7651614301844],[-122.41965225795522,37.76511953018285],[-122.41974274204121,37.76511326979972],[-122.4197473420666,37.765155169798184]]]}},{"type":"Feature","id":"osm-land-road-1478730168","properties":{"source":"© OpenStreetMap contributors; OSM way/1478730168 (ODbL), snapshot 2026-07-15T15:22:01Z","osm_type":"way","osm_id":1478730168,"osm_url":"https://www.openstreetmap.org/way/1478730168","source_timestamp":"2026-07-15T15:22:01Z","scenario_only":false,"layer":"restricted","name":"Mapped transport corridor","restriction_type":"mapped_road_corridor","osm_highway":"corridor","modeled_width_m":8.0,"context_scope":"candidate-site road check"},"geometry":{"type":"Polygon","coordinates":[[[-122.41976919023892,37.765390943323254],[-122.41967860975808,37.765396256659315],[-122.41967470978352,37.765354356658044],[-122.41976529021348,37.76534904332451],[-122.41976919023892,37.765390943323254]]]}},{"type":"Feature","id":"osm-land-road-1478730169","properties":{"source":"© OpenStreetMap contributors; OSM way/1478730169 (ODbL), snapshot 2026-07-15T15:22:01Z","osm_type":"way","osm_id":1478730169,"osm_url":"https://www.openstreetmap.org/way/1478730169","source_timestamp":"2026-07-15T15:22:01Z","scenario_only":false,"layer":"restricted","name":"Mapped transport corridor","restriction_type":"mapped_road_corridor","osm_highway":"corridor","modeled_width_m":8.0,"context_scope":"candidate-site road check"},"geometry":{"type":"Polygon","coordinates":[[[-122.41978716584427,37.765583991937035],[-122.41969663415244,37.765589808045554],[-122.41969243417742,37.765548608044156],[-122.41978296581927,37.76554279193842],[-122.41978716584427,37.765583991937035]]]}},{"type":"Feature","id":"osm-land-road-1478730170","properties":{"source":"© OpenStreetMap contributors; OSM way/1478730170 (ODbL), snapshot 2026-07-15T15:22:01Z","osm_type":"way","osm_id":1478730170,"osm_url":"https://www.openstreetmap.org/way/1478730170","source_timestamp":"2026-07-15T15:22:01Z","scenario_only":false,"layer":"restricted","name":"Mapped transport corridor","restriction_type":"mapped_road_corridor","osm_highway":"corridor","modeled_width_m":8.0,"context_scope":"candidate-site road check"},"geometry":{"type":"Polygon","coordinates":[[[-122.41974095795653,37.765581658991216],[-122.41970437381175,37.76558375808133],[-122.41969782619121,37.76551184191837],[-122.41973442617355,37.76550974191923],[-122.41976965789854,37.765507740107665],[-122.41977614210435,37.76557965989207],[-122.41974095795653,37.765581658991216]]]}},{"type":"Feature","id":"osm-land-road-1478730171","properties":{"source":"© OpenStreetMap contributors; OSM way/1478730171 (ODbL), snapshot 2026-07-15T15:22:01Z","osm_type":"way","osm_id":1478730171,"osm_url":"https://www.openstreetmap.org/way/1478730171","source_timestamp":"2026-07-15T15:22:01Z","scenario_only":false,"layer":"restricted","name":"Mapped transport corridor","restriction_type":"mapped_road_corridor","osm_highway":"corridor","modeled_width_m":8.0,"context_scope":"candidate-site road check"},"geometry":{"type":"Polygon","coordinates":[[[-122.41972357165304,37.76538764023214],[-122.4196858205916,37.76539003712479],[-122.4196785794117,37.76531816287493],[-122.4197164283502,37.76531575976753],[-122.41975047729522,37.76531365674435],[-122.41975752270793,37.76538554325538],[-122.41972357165304,37.76538764023214]]]}},{"type":"Feature","id":"osm-land-road-1478730172","properties":{"source":"© OpenStreetMap contributors; OSM way/1478730172 (ODbL), snapshot 2026-07-15T15:22:01Z","osm_type":"way","osm_id":1478730172,"osm_url":"https://www.openstreetmap.org/way/1478730172","source_timestamp":"2026-07-15T15:22:01Z","scenario_only":false,"layer":"restricted","name":"Mapped transport corridor","restriction_type":"mapped_road_corridor","osm_highway":"corridor","modeled_width_m":8.0,"context_scope":"candidate-site road check"},"geometry":{"type":"Polygon","coordinates":[[[-122.419701244027,37.76515232915387],[-122.41966292151723,37.76515483062749],[-122.4196554784861,37.7650829693722],[-122.41969376722136,37.765080470107335],[-122.41972725596025,37.765078270846736],[-122.41973474404313,37.76515012915296],[-122.419701244027,37.76515232915387]]]}},{"type":"Feature","id":"osm-land-road-1478730173","properties":{"source":"© OpenStreetMap contributors; OSM way/1478730173 (ODbL), snapshot 2026-07-15T15:22:01Z","osm_type":"way","osm_id":1478730173,"osm_url":"https://www.openstreetmap.org/way/1478730173","source_timestamp":"2026-07-15T15:22:01Z","scenario_only":false,"layer":"restricted","name":"Mapped transport corridor","restriction_type":"mapped_road_corridor","osm_highway":"corridor","modeled_width_m":8.0,"context_scope":"candidate-site road check"},"geometry":{"type":"Polygon","coordinates":[[[-122.41973093923484,37.76495373984261],[-122.41964026076289,37.76495786013991],[-122.41963796078232,37.764925960139195],[-122.41972863921539,37.764921839843325],[-122.41973093923484,37.76495373984261]]]}},{"type":"Feature","id":"osm-land-road-1478730174","properties":{"source":"© OpenStreetMap contributors; OSM way/1478730174 (ODbL), snapshot 2026-07-15T15:22:01Z","osm_type":"way","osm_id":1478730174,"osm_url":"https://www.openstreetmap.org/way/1478730174","source_timestamp":"2026-07-15T15:22:01Z","scenario_only":false,"layer":"restricted","name":"Mapped transport corridor","restriction_type":"mapped_road_corridor","osm_highway":"steps","modeled_width_m":3.0,"context_scope":"candidate-site road check"},"geometry":{"type":"Polygon","coordinates":[[[-122.41976778427279,37.7656819076949],[-122.41973381572681,37.76568389230264],[-122.41972491574869,37.76558789230157],[-122.41975888425092,37.76558590769599],[-122.41976778427279,37.7656819076949]]]}},{"type":"Feature","id":"osm-land-road-1478730175","properties":{"source":"© OpenStreetMap contributors; OSM way/1478730175 (ODbL), snapshot 2026-07-15T15:22:01Z","osm_type":"way","osm_id":1478730175,"osm_url":"https://www.openstreetmap.org/way/1478730175","source_timestamp":"2026-07-15T15:22:01Z","scenario_only":false,"layer":"restricted","name":"Mapped transport corridor","restriction_type":"mapped_road_corridor","osm_highway":"steps","modeled_width_m":3.0,"context_scope":"candidate-site road check"},"geometry":{"type":"Polygon","coordinates":[[[-122.41974978394094,37.76548830459842],[-122.41971581605864,37.76549029539911],[-122.41970691608043,37.765394595398035],[-122.41974088391916,37.765392604599526],[-122.41974978394094,37.76548830459842]]]}},{"type":"Feature","id":"osm-land-road-1478730176","properties":{"source":"© OpenStreetMap contributors; OSM way/1478730176 (ODbL), snapshot 2026-07-15T15:22:01Z","osm_type":"way","osm_id":1478730176,"osm_url":"https://www.openstreetmap.org/way/1478730176","source_timestamp":"2026-07-15T15:22:01Z","scenario_only":false,"layer":"restricted","name":"Mapped transport corridor","restriction_type":"mapped_road_corridor","osm_highway":"steps","modeled_width_m":3.0,"context_scope":"candidate-site road check"},"geometry":{"type":"Polygon","coordinates":[[[-122.41972798388682,37.7652530045952],[-122.4196940161128,37.76525499540233],[-122.41968511613459,37.76515929540125],[-122.41971908386499,37.7651573045963],[-122.41972798388682,37.7652530045952]]]}},{"type":"Feature","id":"osm-land-road-1478730177","properties":{"source":"© OpenStreetMap contributors; OSM way/1478730177 (ODbL), snapshot 2026-07-15T15:22:01Z","osm_type":"way","osm_id":1478730177,"osm_url":"https://www.openstreetmap.org/way/1478730177","source_timestamp":"2026-07-15T15:22:01Z","scenario_only":false,"layer":"restricted","name":"Mapped transport corridor","restriction_type":"mapped_road_corridor","osm_highway":"corridor","modeled_width_m":8.0,"context_scope":"candidate-site road check"},"geometry":{"type":"Polygon","coordinates":[[[-122.41968785496407,37.764931185981425],[-122.41976806696273,37.76502739467648],[-122.41977627749185,37.765111411494146],[-122.41979927768622,37.76534681201366],[-122.41981817796103,37.76554091360337],[-122.41983729911014,37.765736168646946],[-122.41975609531987,37.76574114493922],[-122.41967481096636,37.765746112301066],[-122.4196558211911,37.76555057773385],[-122.41963692223865,37.76535688725867],[-122.41961392281313,37.765121691665854],[-122.41960534856857,37.765034094770456],[-122.41968785496407,37.764931185981425]]]}},{"type":"Feature","id":"osm-land-road-1478730178","properties":{"source":"© OpenStreetMap contributors; OSM way/1478730178 (ODbL), snapshot 2026-07-15T15:22:01Z","osm_type":"way","osm_id":1478730178,"osm_url":"https://www.openstreetmap.org/way/1478730178","source_timestamp":"2026-07-15T15:22:01Z","scenario_only":false,"layer":"restricted","name":"Mapped transport corridor","restriction_type":"mapped_road_corridor","osm_highway":"steps","modeled_width_m":3.0,"context_scope":"candidate-site road check"},"geometry":{"type":"Polygon","coordinates":[[[-122.4199079358622,37.76489559306231],[-122.41988206414091,37.7648780069363],[-122.4199218641425,37.76484110694064],[-122.41994773586057,37.76485869305798],[-122.4199079358622,37.76489559306231]]]}},{"type":"Feature","id":"osm-land-road-1478730179","properties":{"source":"© OpenStreetMap contributors; OSM way/1478730179 (ODbL), snapshot 2026-07-15T15:22:01Z","osm_type":"way","osm_id":1478730179,"osm_url":"https://www.openstreetmap.org/way/1478730179","source_timestamp":"2026-07-15T15:22:01Z","scenario_only":false,"layer":"restricted","name":"Mapped transport corridor","restriction_type":"mapped_road_corridor","osm_highway":"steps","modeled_width_m":3.0,"context_scope":"candidate-site road check"},"geometry":{"type":"Polygon","coordinates":[[[-122.41994271926305,37.7648519430677],[-122.41996888074002,37.76486925693088],[-122.41992908074194,37.764907156935244],[-122.41990291926113,37.76488984306331],[-122.41994271926305,37.7648519430677]]]}},{"type":"Feature","id":"osm-land-road-1478730180","properties":{"source":"© OpenStreetMap contributors; OSM way/1478730180 (ODbL), snapshot 2026-07-15T15:22:01Z","osm_type":"way","osm_id":1478730180,"osm_url":"https://www.openstreetmap.org/way/1478730180","source_timestamp":"2026-07-15T15:22:01Z","scenario_only":false,"layer":"restricted","name":"Mapped transport corridor","restriction_type":"mapped_road_corridor","osm_highway":"steps","modeled_width_m":3.0,"context_scope":"candidate-site road check"},"geometry":{"type":"Polygon","coordinates":[[[-122.41988632365792,37.76488016142424],[-122.41986127634519,37.76486183857444],[-122.41990387634601,37.764825138578914],[-122.41992892365711,37.76484346141976],[-122.41988632365792,37.76488016142424]]]}},{"type":"Feature","id":"osm-land-road-1478730181","properties":{"source":"© OpenStreetMap contributors; OSM way/1478730181 (ODbL), snapshot 2026-07-15T15:22:01Z","osm_type":"way","osm_id":1478730181,"osm_url":"https://www.openstreetmap.org/way/1478730181","source_timestamp":"2026-07-15T15:22:01Z","scenario_only":false,"layer":"restricted","name":"Mapped transport corridor","restriction_type":"mapped_road_corridor","osm_highway":"corridor","modeled_width_m":8.0,"context_scope":"candidate-site road check"},"geometry":{"type":"Polygon","coordinates":[[[-122.41988882939442,37.76495023432814],[-122.4198310191927,37.764952987199585],[-122.4196860181717,37.7649598872476],[-122.41965197205185,37.76496150849792],[-122.41967590697257,37.76523583067363],[-122.41967771914419,37.76525697252546],[-122.4196794284358,37.7652790925951],[-122.41958877156172,37.765283507387416],[-122.4195870808532,37.76526162745708],[-122.41958529302468,37.76524076930891],[-122.41955502799233,37.764893891482316],[-122.41968058078066,37.764887912802145],[-122.41982558177489,37.76488101275417],[-122.41984337062686,37.764880165667435],[-122.41985967353614,37.76486414481918],[-122.41993032648548,37.76490945517034],[-122.41988882939442,37.76495023432814]]]}},{"type":"Feature","id":"osm-land-road-1478730182","properties":{"source":"© OpenStreetMap contributors; OSM way/1478730182 (ODbL), snapshot 2026-07-15T15:22:01Z","osm_type":"way","osm_id":1478730182,"osm_url":"https://www.openstreetmap.org/way/1478730182","source_timestamp":"2026-07-15T15:22:01Z","scenario_only":false,"layer":"restricted","name":"Mapped transport corridor","restriction_type":"mapped_road_corridor","osm_highway":"corridor","modeled_width_m":8.0,"context_scope":"candidate-site road check"},"geometry":{"type":"Polygon","coordinates":[[[-122.41962741533341,37.76520233687279],[-122.41963378466947,37.765274263126905],[-122.41956748463747,37.765277963128426],[-122.41956111536543,37.7652060368713],[-122.41962741533341,37.76520233687279]]]}},{"type":"Feature","id":"osm-land-road-1478730183","properties":{"source":"© OpenStreetMap contributors; OSM way/1478730183 (ODbL), snapshot 2026-07-15T15:22:01Z","osm_type":"way","osm_id":1478730183,"osm_url":"https://www.openstreetmap.org/way/1478730183","source_timestamp":"2026-07-15T15:22:01Z","scenario_only":false,"layer":"restricted","name":"Mapped transport corridor","restriction_type":"mapped_road_corridor","osm_highway":"corridor","modeled_width_m":8.0,"context_scope":"candidate-site road check"},"geometry":{"type":"Polygon","coordinates":[[[-122.41958913771671,37.76524678527484],[-122.41963210170334,37.76524528303737],[-122.41963609829835,37.765317316962374],[-122.41959326228506,37.76531881472492],[-122.4195718262723,37.7653196123439],[-122.41956757372955,37.765247587655864],[-122.41958913771671,37.76524678527484]]]}},{"type":"Feature","id":"osm-land-road-1478730184","properties":{"source":"© OpenStreetMap contributors; OSM way/1478730184 (ODbL), snapshot 2026-07-15T15:22:01Z","osm_type":"way","osm_id":1478730184,"osm_url":"https://www.openstreetmap.org/way/1478730184","source_timestamp":"2026-07-15T15:22:01Z","scenario_only":false,"layer":"restricted","name":"Mapped transport corridor","restriction_type":"mapped_road_corridor","osm_highway":"corridor","modeled_width_m":8.0,"context_scope":"candidate-site road check"},"geometry":{"type":"Polygon","coordinates":[[[-122.41962932462606,37.765223330878705],[-122.4196354753767,37.76529526912101],[-122.41957237534622,37.76529866912238],[-122.41956622465655,37.76522673087733],[-122.41962932462606,37.765223330878705]]]}},{"type":"Feature","id":"osm-land-road-1478730185","properties":{"source":"© OpenStreetMap contributors; OSM way/1478730185 (ODbL), snapshot 2026-07-15T15:22:01Z","osm_type":"way","osm_id":1478730185,"osm_url":"https://www.openstreetmap.org/way/1478730185","source_timestamp":"2026-07-15T15:22:01Z","scenario_only":false,"layer":"restricted","name":"Mapped transport corridor","restriction_type":"mapped_road_corridor","osm_highway":"steps","modeled_width_m":3.0,"context_scope":"candidate-site road check"},"geometry":{"type":"Polygon","coordinates":[[[-122.4195686423913,37.765270106640074],[-122.41957075760907,37.7652970933599],[-122.4194715575911,37.76530199336063],[-122.41946944240925,37.76527500663933],[-122.4195686423913,37.765270106640074]]]}},{"type":"Feature","id":"osm-land-road-1478730186","properties":{"source":"© OpenStreetMap contributors; OSM way/1478730186 (ODbL), snapshot 2026-07-15T15:22:01Z","osm_type":"way","osm_id":1478730186,"osm_url":"https://www.openstreetmap.org/way/1478730186","source_timestamp":"2026-07-15T15:22:01Z","scenario_only":false,"layer":"restricted","name":"Mapped transport corridor","restriction_type":"mapped_road_corridor","osm_highway":"steps","modeled_width_m":3.0,"context_scope":"candidate-site road check"},"geometry":{"type":"Polygon","coordinates":[[[-122.4195682135794,37.765249208082665],[-122.41957038642099,37.76527619191729],[-122.41946988640277,37.76528129191805],[-122.41946771359761,37.765254308081914],[-122.4195682135794,37.765249208082665]]]}},{"type":"Feature","id":"osm-land-road-1478730187","properties":{"source":"© OpenStreetMap contributors; OSM way/1478730187 (ODbL), snapshot 2026-07-15T15:22:01Z","osm_type":"way","osm_id":1478730187,"osm_url":"https://www.openstreetmap.org/way/1478730187","source_timestamp":"2026-07-15T15:22:01Z","scenario_only":false,"layer":"restricted","name":"Mapped transport corridor","restriction_type":"mapped_road_corridor","osm_highway":"steps","modeled_width_m":3.0,"context_scope":"candidate-site road check"},"geometry":{"type":"Polygon","coordinates":[[[-122.41956302351177,37.76522851857576],[-122.4195655764887,37.7652554814242],[-122.41946837647112,37.76526128142509],[-122.41946582352931,37.76523431857487],[-122.41956302351177,37.76522851857576]]]}},{"type":"Feature","id":"osm-land-road-1478730189","properties":{"source":"© OpenStreetMap contributors; OSM way/1478730189 (ODbL), snapshot 2026-07-15T15:22:01Z","osm_type":"way","osm_id":1478730189,"osm_url":"https://www.openstreetmap.org/way/1478730189","source_timestamp":"2026-07-15T15:22:01Z","scenario_only":false,"layer":"restricted","name":"16th Street","restriction_type":"mapped_road_corridor","osm_highway":"footway","modeled_width_m":3.0,"context_scope":"candidate-site road check"},"geometry":{"type":"Polygon","coordinates":[[[-122.41880854532553,37.76503935621096],[-122.41880525467505,37.765012443788976],[-122.4188623546648,37.76500804378971],[-122.41886564533577,37.765034956210286],[-122.41880854532553,37.76503935621096]]]}},{"type":"Feature","id":"osm-land-road-1478730190","properties":{"source":"© OpenStreetMap contributors; OSM way/1478730190 (ODbL), snapshot 2026-07-15T15:22:01Z","osm_type":"way","osm_id":1478730190,"osm_url":"https://www.openstreetmap.org/way/1478730190","source_timestamp":"2026-07-15T15:22:01Z","scenario_only":false,"layer":"restricted","name":"16th Street","restriction_type":"mapped_road_corridor","osm_highway":"footway","modeled_width_m":3.0,"context_scope":"candidate-site road check"},"geometry":{"type":"Polygon","coordinates":[[[-122.41886528607711,37.76503498084912],[-122.41886271392333,37.765008019150876],[-122.4189442139086,37.76500311915161],[-122.41894678609185,37.76503008084834],[-122.41886528607711,37.76503498084912]]]}},{"type":"Feature","id":"osm-land-road-1478730192","properties":{"source":"© OpenStreetMap contributors; OSM way/1478730192 (ODbL), snapshot 2026-07-15T15:22:01Z","osm_type":"way","osm_id":1478730192,"osm_url":"https://www.openstreetmap.org/way/1478730192","source_timestamp":"2026-07-15T15:22:01Z","scenario_only":false,"layer":"restricted","name":"Capp Street","restriction_type":"mapped_road_corridor","osm_highway":"residential","modeled_width_m":10.0,"context_scope":"candidate-site road check"},"geometry":{"type":"Polygon","coordinates":[[[-122.41855850289873,37.76521174781957],[-122.41861664428457,37.76510017346195],[-122.41872155573999,37.76513462651486],[-122.4186734971133,37.76522685215244],[-122.41871065004132,37.76568490427577],[-122.41859734995467,37.765690695696954],[-122.41855850289873,37.76521174781957]]]}},{"type":"Feature","id":"osm-land-road-1478730193","properties":{"source":"© OpenStreetMap contributors; OSM way/1478730193 (ODbL), snapshot 2026-07-15T15:22:01Z","osm_type":"way","osm_id":1478730193,"osm_url":"https://www.openstreetmap.org/way/1478730193","source_timestamp":"2026-07-15T15:22:01Z","scenario_only":false,"layer":"restricted","name":"Mapped transport corridor","restriction_type":"mapped_road_corridor","osm_highway":"footway","modeled_width_m":3.0,"context_scope":"candidate-site road check"},"geometry":{"type":"Polygon","coordinates":[[[-122.41858957403807,37.76569250286644],[-122.41855562596149,37.7656946971311],[-122.41855282596768,37.76566739713075],[-122.41858677403185,37.76566520286679],[-122.41858957403807,37.76569250286644]]]}},{"type":"Feature","id":"osm-land-road-1478730194","properties":{"source":"© OpenStreetMap contributors; OSM way/1478730194 (ODbL), snapshot 2026-07-15T15:22:01Z","osm_type":"way","osm_id":1478730194,"osm_url":"https://www.openstreetmap.org/way/1478730194","source_timestamp":"2026-07-15T15:22:01Z","scenario_only":false,"layer":"restricted","name":"Mapped transport corridor","restriction_type":"mapped_road_corridor","osm_highway":"footway","modeled_width_m":3.0,"context_scope":"candidate-site road check"},"geometry":{"type":"Polygon","coordinates":[[[-122.4200621263824,37.76474639486428],[-122.42007153183698,37.764738506419576],[-122.42009626816612,37.764757093579135],[-122.42008707362073,37.76476480513442],[-122.42008487705093,37.76476671519535],[-122.42005972295213,37.76474848480331],[-122.4200621263824,37.76474639486428]]]}},{"type":"Feature","id":"osm-land-road-1478730195","properties":{"source":"© OpenStreetMap contributors; OSM way/1478730195 (ODbL), snapshot 2026-07-15T15:22:01Z","osm_type":"way","osm_id":1478730195,"osm_url":"https://www.openstreetmap.org/way/1478730195","source_timestamp":"2026-07-15T15:22:01Z","scenario_only":false,"layer":"restricted","name":"Mapped transport corridor","restriction_type":"mapped_road_corridor","osm_highway":"footway","modeled_width_m":3.0,"context_scope":"candidate-site road check"},"geometry":{"type":"Polygon","coordinates":[[[-122.42004928571427,37.76473713046748],[-122.42004635005289,37.76473976244016],[-122.42002084995023,37.76472183755846],[-122.4200237142888,37.76471926953115],[-122.42003237888265,37.764711401682796],[-122.42005802112045,37.76472919831584],[-122.42004928571427,37.76473713046748]]]}},{"type":"Feature","id":"osm-land-road-1478730196","properties":{"source":"© OpenStreetMap contributors; OSM way/1478730196 (ODbL), snapshot 2026-07-15T15:22:01Z","osm_type":"way","osm_id":1478730196,"osm_url":"https://www.openstreetmap.org/way/1478730196","source_timestamp":"2026-07-15T15:22:01Z","scenario_only":false,"layer":"restricted","name":"Mapped transport corridor","restriction_type":"mapped_road_corridor","osm_highway":"footway","modeled_width_m":3.0,"context_scope":"candidate-site road check"},"geometry":{"type":"Polygon","coordinates":[[[-122.42006787757799,37.764750339603225],[-122.42006532868216,37.76475269969236],[-122.42003947132095,37.76473510030624],[-122.4200423224251,37.764732460395386],[-122.42005137827731,37.764724523806954],[-122.42007662172576,37.76474267619169],[-122.42006787757799,37.764750339603225]]]}},{"type":"Feature","id":"osm-land-road-1478730197","properties":{"source":"© OpenStreetMap contributors; OSM way/1478730197 (ODbL), snapshot 2026-07-15T15:22:01Z","osm_type":"way","osm_id":1478730197,"osm_url":"https://www.openstreetmap.org/way/1478730197","source_timestamp":"2026-07-15T15:22:01Z","scenario_only":false,"layer":"restricted","name":"Mapped transport corridor","restriction_type":"mapped_road_corridor","osm_highway":"footway","modeled_width_m":3.0,"context_scope":"candidate-site road check"},"geometry":{"type":"Polygon","coordinates":[[[-122.42001918934245,37.764683484454956],[-122.42005656644375,37.76471023244235],[-122.42007535734777,37.764723526005966],[-122.42009527601748,37.76473773932652],[-122.42013303199744,37.76476460860774],[-122.42014819247255,37.76494550250296],[-122.42011420752706,37.76494729749458],[-122.42009996799979,37.76477739138993],[-122.42007252397944,37.76475786067235],[-122.42005264264911,37.76474367399288],[-122.4200338335532,37.764730367556524],[-122.42000721065526,37.76471131554468],[-122.41978517806304,37.7647245813312],[-122.41978262193742,37.76469761866877],[-122.42001918934245,37.764683484454956]]]}},{"type":"Feature","id":"osm-land-building-1478730200","properties":{"source":"© OpenStreetMap contributors; OSM way/1478730200 (ODbL), snapshot 2026-07-15T15:22:01Z","osm_type":"way","osm_id":1478730200,"osm_url":"https://www.openstreetmap.org/way/1478730200","source_timestamp":"2026-07-15T15:22:01Z","scenario_only":false,"layer":"building","name":"Mission Pit Stop","osm_building":"toilets","context_scope":"candidate-site building check"},"geometry":{"type":"Polygon","coordinates":[[[-122.4200842,37.7649542],[-122.4200896,37.7649532],[-122.4200941,37.7649506],[-122.4200971,37.7649469],[-122.420098,37.7649426],[-122.4200967,37.7649383],[-122.4200935,37.7649347],[-122.4200887,37.7649324],[-122.4200833,37.7649317],[-122.4200608,37.7649323],[-122.4200555,37.7649333],[-122.420051,37.7649359],[-122.420048,37.7649396],[-122.4200471,37.764944],[-122.4200484,37.7649482],[-122.4200516,37.7649518],[-122.4200563,37.7649541],[-122.4200619,37.7649548],[-122.4200842,37.7649542]]]}},{"type":"Feature","id":"osm-land-road-1478730201","properties":{"source":"© OpenStreetMap contributors; OSM way/1478730201 (ODbL), snapshot 2026-07-15T15:22:01Z","osm_type":"way","osm_id":1478730201,"osm_url":"https://www.openstreetmap.org/way/1478730201","source_timestamp":"2026-07-15T15:22:01Z","scenario_only":false,"layer":"restricted","name":"16th Street","restriction_type":"mapped_road_corridor","osm_highway":"footway","modeled_width_m":3.0,"context_scope":"candidate-site road check"},"geometry":{"type":"Polygon","coordinates":[[[-122.4200959771378,37.76497894835044],[-122.42005102223777,37.764980589961766],[-122.42000195738319,37.764957649123964],[-122.42001924261407,37.76493435087535],[-122.42005957776063,37.76495321003803],[-122.420085822864,37.76495225164929],[-122.42012243661033,37.76493480787923],[-122.42013996339239,37.764957992120124],[-122.4200959771378,37.76497894835044]]]}},{"type":"Feature","id":"osm-land-road-1497216514","properties":{"source":"© OpenStreetMap contributors; OSM way/1497216514 (ODbL), snapshot 2026-07-15T15:22:01Z","osm_type":"way","osm_id":1497216514,"osm_url":"https://www.openstreetmap.org/way/1497216514","source_timestamp":"2026-07-15T15:22:01Z","scenario_only":false,"layer":"restricted","name":"Valencia Street","restriction_type":"mapped_road_corridor","osm_highway":"tertiary","modeled_width_m":14.0,"context_scope":"candidate-site road check"},"geometry":{"type":"Polygon","coordinates":[[[-122.42121217048717,37.758579371070724],[-122.42120526950559,37.75850846021922],[-122.42136373048473,37.7584987397274],[-122.42137063003246,37.758569634302596],[-122.42144913035779,37.75937442883081],[-122.42129066963251,37.759384171115826],[-122.42121217048717,37.758579371070724]]]}},{"type":"Feature","id":"osm-land-building-1503064105","properties":{"source":"© OpenStreetMap contributors; OSM way/1503064105 (ODbL), snapshot 2026-07-15T15:22:01Z","osm_type":"way","osm_id":1503064105,"osm_url":"https://www.openstreetmap.org/way/1503064105","source_timestamp":"2026-07-15T15:22:01Z","scenario_only":false,"layer":"building","name":"Mapped building footprint","osm_building":"yes","context_scope":"candidate-site building check"},"geometry":{"type":"Polygon","coordinates":[[[-122.4229406,37.7597724],[-122.422938,37.7597317],[-122.4230168,37.7597274],[-122.4230201,37.7597684],[-122.423005,37.7597691],[-122.4229406,37.7597724]]]}},{"type":"Feature","id":"osm-land-building-1503064106","properties":{"source":"© OpenStreetMap contributors; OSM way/1503064106 (ODbL), snapshot 2026-07-15T15:22:01Z","osm_type":"way","osm_id":1503064106,"osm_url":"https://www.openstreetmap.org/way/1503064106","source_timestamp":"2026-07-15T15:22:01Z","scenario_only":false,"layer":"building","name":"Mapped building footprint","osm_building":"yes","context_scope":"candidate-site building check"},"geometry":{"type":"Polygon","coordinates":[[[-122.4229163,37.7596654],[-122.4229222,37.7597326],[-122.422938,37.7597317],[-122.4230712,37.7597244],[-122.4230653,37.7596572],[-122.4229163,37.7596654]]]}},{"type":"Feature","id":"osm-land-road-1513093061","properties":{"source":"© OpenStreetMap contributors; OSM way/1513093061 (ODbL), snapshot 2026-07-15T15:22:01Z","osm_type":"way","osm_id":1513093061,"osm_url":"https://www.openstreetmap.org/way/1513093061","source_timestamp":"2026-07-15T15:22:01Z","scenario_only":false,"layer":"restricted","name":"Mapped transport corridor","restriction_type":"mapped_road_corridor","osm_highway":"footway","modeled_width_m":3.0,"context_scope":"candidate-site road check"},"geometry":{"type":"Polygon","coordinates":[[[-122.42293499983018,37.760012508502456],[-122.4229305949338,37.75999128488766],[-122.42292649224456,37.75997127174736],[-122.42296010775449,37.75996692825024],[-122.42296420506526,37.75998691510992],[-122.42296860016889,37.76000809149514],[-122.42298259798767,37.76007488101548],[-122.42294900201135,37.76007931898209],[-122.42293499983018,37.760012508502456]]]}},{"type":"Feature","id":"osm-land-road-1513093062","properties":{"source":"© OpenStreetMap contributors; OSM way/1513093062 (ODbL), snapshot 2026-07-15T15:22:01Z","osm_type":"way","osm_id":1513093062,"osm_url":"https://www.openstreetmap.org/way/1513093062","source_timestamp":"2026-07-15T15:22:01Z","scenario_only":false,"layer":"restricted","name":"Mapped transport corridor","restriction_type":"mapped_road_corridor","osm_highway":"footway","modeled_width_m":3.0,"context_scope":"candidate-site road check"},"geometry":{"type":"Polygon","coordinates":[[[-122.42281623091476,37.76001703228992],[-122.42281212979776,37.759977921603635],[-122.42284607020176,37.75997567839389],[-122.42285016965027,37.760014773049456],[-122.42285756910066,37.7600846677067],[-122.42282363089889,37.76008693229085],[-122.42281623091476,37.76001703228992]]]}},{"type":"Feature","id":"osm-land-road-1513515963","properties":{"source":"© OpenStreetMap contributors; OSM way/1513515963 (ODbL), snapshot 2026-07-15T15:22:01Z","osm_type":"way","osm_id":1513515963,"osm_url":"https://www.openstreetmap.org/way/1513515963","source_timestamp":"2026-07-15T15:22:01Z","scenario_only":false,"layer":"restricted","name":"Mapped transport corridor","restriction_type":"mapped_road_corridor","osm_highway":"footway","modeled_width_m":3.0,"context_scope":"candidate-site road check"},"geometry":{"type":"Polygon","coordinates":[[[-122.42847109965487,37.76360746919411],[-122.42847810034635,37.76363393080576],[-122.42651860001118,37.763960630860495],[-122.42651159999005,37.76393416913937],[-122.42847109965487,37.76360746919411]]]}},{"type":"Feature","id":"osm-land-road-1515963948","properties":{"source":"© OpenStreetMap contributors; OSM way/1515963948 (ODbL), snapshot 2026-07-15T15:22:01Z","osm_type":"way","osm_id":1515963948,"osm_url":"https://www.openstreetmap.org/way/1515963948","source_timestamp":"2026-07-15T15:22:01Z","scenario_only":false,"layer":"restricted","name":"Mapped transport corridor","restriction_type":"mapped_road_corridor","osm_highway":"footway","modeled_width_m":3.0,"context_scope":"candidate-site road check"},"geometry":{"type":"Polygon","coordinates":[[[-122.42721219716138,37.763028660974676],[-122.42722433745361,37.7630168444246],[-122.42839105457786,37.76294864257634],[-122.42842297607817,37.76296781929843],[-122.42840242391884,37.76298938070066],[-122.42838074542018,37.76297635742337],[-122.42724146254942,37.76304295557476],[-122.42723860284168,37.76304573902386],[-122.42722630899063,37.76305773302695],[-122.42719989101246,37.763040666971584],[-122.42721219716138,37.763028660974676]]]}},{"type":"Feature","id":"osm-land-road-1516192487","properties":{"source":"© OpenStreetMap contributors; OSM way/1516192487 (ODbL), snapshot 2026-07-15T15:22:01Z","osm_type":"way","osm_id":1516192487,"osm_url":"https://www.openstreetmap.org/way/1516192487","source_timestamp":"2026-07-15T15:22:01Z","scenario_only":false,"layer":"restricted","name":"Mapped transport corridor","restriction_type":"mapped_road_corridor","osm_highway":"footway","modeled_width_m":3.0,"context_scope":"candidate-site road check"},"geometry":{"type":"Polygon","coordinates":[[[-122.42049081325412,37.7646777632022],[-122.42038616749703,37.76347663048229],[-122.42037821173824,37.76345843281763],[-122.42041038825987,37.76344956718017],[-122.42041983250174,37.76347116951529],[-122.42052478674545,37.764675836795355],[-122.42054768398395,37.764922506437436],[-122.42051371601565,37.764924493560095],[-122.42049081325412,37.7646777632022]]]}},{"type":"Feature","id":"osm-land-road-1516213491","properties":{"source":"© OpenStreetMap contributors; OSM way/1516213491 (ODbL), snapshot 2026-07-15T15:22:01Z","osm_type":"way","osm_id":1516213491,"osm_url":"https://www.openstreetmap.org/way/1516213491","source_timestamp":"2026-07-15T15:22:01Z","scenario_only":false,"layer":"restricted","name":"Mapped transport corridor","restriction_type":"mapped_road_corridor","osm_highway":"footway","modeled_width_m":3.0,"context_scope":"candidate-site road check"},"geometry":{"type":"Polygon","coordinates":[[[-122.42565482948457,37.75912338760703],[-122.42374868665112,37.7592364444385],[-122.42371627359852,37.75924571869318],[-122.42370472640343,37.759220281306526],[-122.42374151335015,37.75920975556138],[-122.42566597051331,37.75909561239265],[-122.42569835487004,37.759116883298184],[-122.42567664512691,37.75913771670078],[-122.42565482948457,37.75912338760703]]]}},{"type":"Feature","id":"osm-land-road-1516213492","properties":{"source":"© OpenStreetMap contributors; OSM way/1516213492 (ODbL), snapshot 2026-07-15T15:22:01Z","osm_type":"way","osm_id":1516213492,"osm_url":"https://www.openstreetmap.org/way/1516213492","source_timestamp":"2026-07-15T15:22:01Z","scenario_only":false,"layer":"restricted","name":"Mapped transport corridor","restriction_type":"mapped_road_corridor","osm_highway":"footway","modeled_width_m":3.0,"context_scope":"candidate-site road check"},"geometry":{"type":"Polygon","coordinates":[[[-122.4256296913926,37.75899412085144],[-122.42369865127166,37.759116176843456],[-122.4236959487288,37.75908922315651],[-122.42563470860642,37.75896667914844],[-122.42568082212505,37.758980784460555],[-122.42566857787283,37.759006015539086],[-122.4256296913926,37.75899412085144]]]}},{"type":"Feature","id":"osm-land-road-1516213493","properties":{"source":"© OpenStreetMap contributors; OSM way/1516213493 (ODbL), snapshot 2026-07-15T15:22:01Z","osm_type":"way","osm_id":1516213493,"osm_url":"https://www.openstreetmap.org/way/1516213493","source_timestamp":"2026-07-15T15:22:01Z","scenario_only":false,"layer":"restricted","name":"Mapped transport corridor","restriction_type":"mapped_road_corridor","osm_highway":"footway","modeled_width_m":3.0,"context_scope":"candidate-site road check"},"geometry":{"type":"Polygon","coordinates":[[[-122.42555076778649,37.75832049353614],[-122.42366118725631,37.75843186827668],[-122.42363709103536,37.7584540334433],[-122.42361130896775,37.75843636655529],[-122.42364461274656,37.75840573172274],[-122.42554523221449,37.75829370646379],[-122.4256036685672,37.758281804568526],[-122.42561213143428,37.75830799543133],[-122.42555076778649,37.75832049353614]]]}},{"type":"Feature","id":"osm-land-road-1516213495","properties":{"source":"© OpenStreetMap contributors; OSM way/1516213495 (ODbL), snapshot 2026-07-15T15:22:01Z","osm_type":"way","osm_id":1516213495,"osm_url":"https://www.openstreetmap.org/way/1516213495","source_timestamp":"2026-07-15T15:22:01Z","scenario_only":false,"layer":"restricted","name":"Mapped transport corridor","restriction_type":"mapped_road_corridor","osm_highway":"footway","modeled_width_m":3.0,"context_scope":"candidate-site road check"},"geometry":{"type":"Polygon","coordinates":[[[-122.42336575844875,37.75844864697014],[-122.42145346159491,37.75856397480604],[-122.42143149130473,37.75857741048377],[-122.42141070869829,37.758555989515344],[-122.42144073840728,37.75853762519364],[-122.42337864154884,37.75842075302947],[-122.4234155606633,37.75844967692056],[-122.42339163933359,37.75846892307817],[-122.42336575844875,37.75844864697014]]]}},{"type":"Feature","id":"osm-land-road-1516213496","properties":{"source":"© OpenStreetMap contributors; OSM way/1516213496 (ODbL), snapshot 2026-07-15T15:22:01Z","osm_type":"way","osm_id":1516213496,"osm_url":"https://www.openstreetmap.org/way/1516213496","source_timestamp":"2026-07-15T15:22:01Z","scenario_only":false,"layer":"restricted","name":"Mapped transport corridor","restriction_type":"mapped_road_corridor","osm_highway":"footway","modeled_width_m":3.0,"context_scope":"candidate-site road check"},"geometry":{"type":"Polygon","coordinates":[[[-122.42338448901758,37.758310614752645],[-122.42338691098284,37.75833758524732],[-122.4214097106252,37.75844948526444],[-122.42140728937522,37.75842251473552],[-122.42338448901758,37.758310614752645]]]}},{"type":"Feature","id":"osm-land-road-1516213497","properties":{"source":"© OpenStreetMap contributors; OSM way/1516213497 (ODbL), snapshot 2026-07-15T15:22:01Z","osm_type":"way","osm_id":1516213497,"osm_url":"https://www.openstreetmap.org/way/1516213497","source_timestamp":"2026-07-15T15:22:01Z","scenario_only":false,"layer":"restricted","name":"Mapped transport corridor","restriction_type":"mapped_road_corridor","osm_highway":"footway","modeled_width_m":3.0,"context_scope":"candidate-site road check"},"geometry":{"type":"Polygon","coordinates":[[[-122.42328664844679,37.757641482712906],[-122.42332055155262,37.757638917284645],[-122.4234026517076,37.75832281727424],[-122.42336874829185,37.758325382723314],[-122.42328664844679,37.757641482712906]]]}},{"type":"Feature","id":"osm-land-road-1516901932","properties":{"source":"© OpenStreetMap contributors; OSM way/1516901932 (ODbL), snapshot 2026-07-15T15:22:01Z","osm_type":"way","osm_id":1516901932,"osm_url":"https://www.openstreetmap.org/way/1516901932","source_timestamp":"2026-07-15T15:22:01Z","scenario_only":false,"layer":"restricted","name":"Mapped transport corridor","restriction_type":"mapped_road_corridor","osm_highway":"footway","modeled_width_m":3.0,"context_scope":"candidate-site road check"},"geometry":{"type":"Polygon","coordinates":[[[-122.42289079331587,37.75992291340614],[-122.42279044803709,37.758825650620004],[-122.42275821752682,37.7588274848743],[-122.42275578247362,37.75880051512568],[-122.42282195195673,37.758796749377815],[-122.42292420668234,37.75991488659147],[-122.42295811863067,37.75996243908474],[-122.42292848136667,37.75997576091338],[-122.42289079331587,37.75992291340614]]]}},{"type":"Feature","id":"osm-land-road-1516901933","properties":{"source":"© OpenStreetMap contributors; OSM way/1516901933 (ODbL), snapshot 2026-07-15T15:22:01Z","osm_type":"way","osm_id":1516901933,"osm_url":"https://www.openstreetmap.org/way/1516901933","source_timestamp":"2026-07-15T15:22:01Z","scenario_only":false,"layer":"restricted","name":"Mapped transport corridor","restriction_type":"mapped_road_corridor","osm_highway":"footway","modeled_width_m":3.0,"context_scope":"candidate-site road check"},"geometry":{"type":"Polygon","coordinates":[[[-122.42282934269187,37.759950309666586],[-122.42280512808807,37.75971580459781],[-122.42271164416756,37.75880329381139],[-122.42275565375382,37.7588005228406],[-122.42275834624664,37.75882747715937],[-122.42274835583859,37.758828106185774],[-122.42283907235569,37.75971359970161],[-122.42286365730851,37.75995169033093],[-122.42285734434697,37.759978761192805],[-122.4228238556542,37.759973838804825],[-122.42282934269187,37.759950309666586]]]}},{"type":"Feature","id":"osm-land-road-1517310141","properties":{"source":"© OpenStreetMap contributors; OSM way/1517310141 (ODbL), snapshot 2026-07-15T15:22:01Z","osm_type":"way","osm_id":1517310141,"osm_url":"https://www.openstreetmap.org/way/1517310141","source_timestamp":"2026-07-15T15:22:01Z","scenario_only":false,"layer":"restricted","name":"Mapped transport corridor","restriction_type":"mapped_road_corridor","osm_highway":"footway","modeled_width_m":3.0,"context_scope":"candidate-site road check"},"geometry":{"type":"Polygon","coordinates":[[[-122.4204998248931,37.7651124120681],[-122.4205108996466,37.76509555200086],[-122.42052792619924,37.765086909736496],[-122.42054627380357,37.76510969026279],[-122.42053690035671,37.76511444799773],[-122.42053457510822,37.76511798792934],[-122.42068427347158,37.76656759538027],[-122.42065032652795,37.76656980461728],[-122.4204998248931,37.7651124120681]]]}},{"type":"Feature","id":"osm-land-road-1517310142","properties":{"source":"© OpenStreetMap contributors; OSM way/1517310142 (ODbL), snapshot 2026-07-15T15:22:01Z","osm_type":"way","osm_id":1517310142,"osm_url":"https://www.openstreetmap.org/way/1517310142","source_timestamp":"2026-07-15T15:22:01Z","scenario_only":false,"layer":"restricted","name":"Mapped transport corridor","restriction_type":"mapped_road_corridor","osm_highway":"footway","modeled_width_m":3.0,"context_scope":"candidate-site road check"},"geometry":{"type":"Polygon","coordinates":[[[-122.42049162481177,37.765099190113],[-122.42050522992055,37.76511432579332],[-122.42060598821246,37.766190048445665],[-122.42063799258597,37.766570599413654],[-122.42060400741366,37.7665724005839],[-122.42057201178716,37.76619195155187],[-122.42047197007737,37.7651238742043],[-122.42046957518494,37.76512120988593],[-122.42045368955665,37.76511599254666],[-122.42046671044113,37.76509100745294],[-122.42049162481177,37.765099190113]]]}},{"type":"Feature","id":"osm-land-road-1522085970","properties":{"source":"© OpenStreetMap contributors; OSM way/1522085970 (ODbL), snapshot 2026-07-15T15:22:01Z","osm_type":"way","osm_id":1522085970,"osm_url":"https://www.openstreetmap.org/way/1522085970","source_timestamp":"2026-07-15T15:22:01Z","scenario_only":false,"layer":"restricted","name":"Mapped transport corridor","restriction_type":"mapped_road_corridor","osm_highway":"footway","modeled_width_m":3.0,"context_scope":"candidate-site road check"},"geometry":{"type":"Polygon","coordinates":[[[-122.43005606093634,37.764090762563036],[-122.43005293906418,37.7640638374369],[-122.43015283904622,37.76405653743807],[-122.43015596095434,37.76408346256188],[-122.43005606093634,37.764090762563036]]]}},{"type":"Feature","id":"osm-land-road-1522326251","properties":{"source":"© OpenStreetMap contributors; OSM way/1522326251 (ODbL), snapshot 2026-07-15T15:22:01Z","osm_type":"way","osm_id":1522326251,"osm_url":"https://www.openstreetmap.org/way/1522326251","source_timestamp":"2026-07-15T15:22:01Z","scenario_only":false,"layer":"restricted","name":"Mapped transport corridor","restriction_type":"mapped_road_corridor","osm_highway":"footway","modeled_width_m":3.0,"context_scope":"candidate-site road check"},"geometry":{"type":"Polygon","coordinates":[[[-122.4284415354548,37.763613199074214],[-122.42749232319059,37.76376369243006],[-122.42749283047532,37.76377333079577],[-122.42728202980122,37.76380470784375],[-122.42726448454647,37.76379797046621],[-122.42727931545107,37.763773629533276],[-122.42728677019788,37.76377649215616],[-122.42745756952998,37.763751069201604],[-122.42745707681469,37.76374170756733],[-122.42843286454675,37.763587000925604],[-122.42846609533828,37.76357835314646],[-122.42847670466357,37.76360404685331],[-122.4284415354548,37.763613199074214]]]}}],"land_context_inventory":{"source":"OpenStreetMap via Overpass API (https://overpass.private.coffee/api/interpreter)","as_of":"2026-07-15","source_timestamp":"2026-07-15T15:22:01Z","radius_m":120,"coverage":"mapped ways near the seven simulated candidate sites; community-mapped and not certified complete","road_method":"OSM highway centerlines buffered by tagged width or documented class default","license":"Open Database License (ODbL) 1.0","attribution":"© OpenStreetMap contributors","attribution_url":"https://www.openstreetmap.org/copyright"}}
