{"type":"FeatureCollection","features":[{"type":"Feature","geometry":{"type":"Polygon","coordinates":[[[-73.9475483997482,40.800995083016],[-73.9473273098459,40.800901876003],[-73.9475118273643,40.8006485713696],[-73.9477329261493,40.8007417825546],[-73.9475483997482,40.800995083016]]]},"properties":{"Borough":"MN","Block":1599,"Lot":44,"Address":"18 WEST 116 STREET","ZipCode":10026,"LandUse":"11","BldgClass":"V1","OwnerName":"CARTHAGE NEXUS CANADA, L.P.","LotArea":7064,"LotFront":70,"LotDepth":100.92,"BuiltFAR":0,"FacilFAR":5,"NumBldgs":0,"YearBuilt":0,"BBL":1015990044,"ZoneDist1":"C4-5X"}},{"type":"Feature","geometry":{"type":"Polygon","coordinates":[[[-73.9494723497856,40.8014750602357],[-73.9495636632591,40.8015135542908],[-73.9493791500493,40.8017668612531],[-73.9492878363351,40.8017283671358],[-73.9494723497856,40.8014750602357]]]},"properties":{"Borough":"MN","Block":1599,"Lot":69,"Address":"68 WEST 116 STREET","ZipCode":10026,"LandUse":"11","BldgClass":"V1","OwnerName":"NYC HOUSING PRESERVATION AND DEVELOPMENT","LotArea":3028,"LotFront":30,"LotDepth":100.92,"BuiltFAR":0,"FacilFAR":5,"NumBldgs":0,"YearBuilt":0,"BBL":1015990069,"ZoneDist1":"C4-5X"}},{"type":"Feature","geometry":{"type":"Polygon","coordinates":[[[-73.9485305254832,40.7951626492622],[-73.9485726905395,40.7951042256184],[-73.948854498118,40.7952233322685],[-73.948812333125,40.795281756013],[-73.9485305254832,40.7951626492622]]]},"properties":{"Borough":"MN","Block":1614,"Lot":15,"Address":"1620 MADISON AVENUE","ZipCode":10029,"LandUse":"11","BldgClass":"V1","OwnerName":"1620 GROUP","LotArea":2187,"LotFront":25,"LotDepth":87.5,"BuiltFAR":0,"FacilFAR":6.5,"NumBldgs":0,"YearBuilt":0,"BBL":1016140015,"ZoneDist1":"R7-2"}},{"type":"Feature","geometry":{"type":"Polygon","coordinates":[[[-73.9431840667723,40.7997714736411],[-73.9432304292039,40.7997079166982],[-73.9435220863692,40.7998303477847],[-73.9434757288645,40.799893905766],[-73.9431840667723,40.7997714736411]]]},"properties":{"Borough":"MN","Block":1622,"Lot":36,"Address":"1646 PARK AVENUE","ZipCode":10035,"LandUse":"11","BldgClass":"V1","OwnerName":"MURAMATSU, KAORU DEMLER","LotArea":2272,"LotFront":25.25,"LotDepth":90,"BuiltFAR":0,"FacilFAR":10,"NumBldgs":1,"YearBuilt":0,"BBL":1016220036,"ZoneDist1":"R9"}},{"type":"Feature","geometry":{"type":"Polygon","coordinates":[[[-73.9462473073446,40.7918326677557],[-73.9463272633757,40.7918664557169],[-73.9461844568765,40.7920630269644],[-73.9461045006818,40.7920292389038],[-73.9462473073446,40.7918326677557]]]},"properties":{"Borough":"MN","Block":1633,"Lot":52,"Address":"152 EAST 106 STREET","ZipCode":10029,"LandUse":"11","BldgClass":"V1","OwnerName":"PENNSYLVANIA HOLDING LLC","LotArea":2023,"LotFront":25,"LotDepth":80.92,"BuiltFAR":0,"FacilFAR":4.66,"NumBldgs":0,"YearBuilt":0,"BBL":1016330052,"ZoneDist1":"R7D"}},{"type":"Feature","geometry":{"type":"Polygon","coordinates":[[[-73.9432566314025,40.7937928855253],[-73.9433684335773,40.7936397050562],[-73.9436757839774,40.7937694709983],[-73.9435639811898,40.7939226535208],[-73.9435281737023,40.7939717132733],[-73.9432208226553,40.7938419461042],[-73.9432566314025,40.7937928855253]]]},"properties":{"Borough":"MN","Block":1637,"Lot":33,"Address":"3RD AVENUE","ZipCode":10029,"LandUse":"11","BldgClass":"V1","OwnerName":"THIRD AVE NY REALTY LLC","LotArea":7682,"LotFront":80.86,"LotDepth":95,"BuiltFAR":0,"FacilFAR":10,"NumBldgs":0,"YearBuilt":0,"BBL":1016370033,"ZoneDist1":"R9"}},{"type":"Feature","geometry":{"type":"Polygon","coordinates":[[[-73.9406205557492,40.7974099114522],[-73.9408391191651,40.7975024484374],[-73.9407485177904,40.7976262539549],[-73.940529954205,40.7975337177198],[-73.9406205557492,40.7974099114522]]]},"properties":{"Borough":"MN","Block":1643,"Lot":33,"Address":"2102 3 AVENUE","ZipCode":10029,"LandUse":"11","BldgClass":"V1","OwnerName":"STARWOOD GROUP,","LotArea":3420,"LotFront":47.67,"LotDepth":71.75,"BuiltFAR":0,"FacilFAR":10,"NumBldgs":0,"YearBuilt":0,"BBL":1016430033,"ZoneDist1":"C4-6"}},{"type":"Feature","geometry":{"type":"Polygon","coordinates":[[[-73.9411350169038,40.7979256475735],[-73.9411409828868,40.7979553392042],[-73.941095666942,40.7979361525084],[-73.9410839566958,40.7978805479213],[-73.9411154173882,40.7978375560647],[-73.9411350169038,40.7979256475735]]]},"properties":{"Borough":"MN","Block":1643,"Lot":129,"Address":"EAST 115 STREET","ZipCode":10029,"LandUse":"11","BldgClass":"V1","OwnerName":"PRUITT, KEVIN","LotArea":329,"LotFront":20.29,"LotDepth":14.17,"BuiltFAR":0,"FacilFAR":3,"NumBldgs":0,"YearBuilt":0,"BBL":1016430129,"ZoneDist1":"R7B"}},{"type":"Feature","geometry":{"type":"Polygon","coordinates":[[[-73.9402061857125,40.7988355010194],[-73.9401298371962,40.7988032784212],[-73.9402601027542,40.798624678681],[-73.9403364321928,40.7986569011853],[-73.9402061857125,40.7988355010194]]]},"properties":{"Borough":"MN","Block":1644,"Lot":42,"Address":"180 EAST 117 STREET","ZipCode":10035,"LandUse":"11","BldgClass":"V1","OwnerName":"ROBERT ANAZAGASTI JR","LotArea":1802,"LotFront":25,"LotDepth":72.08,"BuiltFAR":0,"FacilFAR":4,"NumBldgs":0,"YearBuilt":0,"BBL":1016440042,"ZoneDist1":"R7A"}},{"type":"Feature","geometry":{"type":"Polygon","coordinates":[[[-73.9425877532605,40.7936366146429],[-73.9427683503941,40.7933915314828],[-73.9428247300865,40.7934153435429],[-73.9430677151849,40.7935179632634],[-73.9430300086578,40.7935693640592],[-73.9428877430691,40.7937633082979],[-73.942611714685,40.7936467347411],[-73.9425877532605,40.7936366146429]]]},"properties":{"Borough":"MN","Block":1659,"Lot":1,"Address":"1985 3 AVENUE","ZipCode":10029,"LandUse":"11","BldgClass":"V1","OwnerName":"NORTH CAPITAL INVESTMENTS LLC","LotArea":9285,"LotFront":100.92,"LotDepth":92,"BuiltFAR":0,"FacilFAR":10,"NumBldgs":0,"YearBuilt":0,"BBL":1016590001,"ZoneDist1":"R9"}},{"type":"Feature","geometry":{"type":"Polygon","coordinates":[[[-73.9406134614073,40.7938646710721],[-73.9406568489553,40.793804290545],[-73.9407005648703,40.7937434527191],[-73.9407448147048,40.7936818695776],[-73.9407479747884,40.7936831993815],[-73.9406166214977,40.7938660000432],[-73.9406134614073,40.7938646710721]]]},"properties":{"Borough":"MN","Block":1660,"Lot":29,"Address":"EAST 111 STREET","ZipCode":10029,"LandUse":"11","BldgClass":"V1","OwnerName":"NYC DEPARTMENT OF CITYWIDE ADMINISTRATIVE SERVICES","LotArea":75,"LotFront":1,"LotDepth":75.08,"BuiltFAR":0,"FacilFAR":7.5,"NumBldgs":0,"YearBuilt":0,"BBL":1016600029,"ZoneDist1":"R9A"}},{"type":"Feature","geometry":{"type":"Polygon","coordinates":[[[-73.9392165125947,40.7980923862136],[-73.9391545002815,40.7980662813472],[-73.9391464763864,40.7980629029573],[-73.9393271115813,40.797816065757],[-73.9394160760032,40.7978535193084],[-73.9392354410392,40.7981003557266],[-73.9392165125947,40.7980923862136]]]},"properties":{"Borough":"MN","Block":1666,"Lot":5,"Address":"207 EAST 116 STREET","ZipCode":10029,"LandUse":"11","BldgClass":"V1","OwnerName":"DLRMD REALTY CO","LotArea":3028,"LotFront":30,"LotDepth":100.92,"BuiltFAR":0,"FacilFAR":4.66,"NumBldgs":0,"YearBuilt":0,"BBL":1016660005,"ZoneDist1":"R7D"}},{"type":"Feature","geometry":{"type":"Polygon","coordinates":[[[-73.9377582780666,40.798623939429],[-73.9379405529804,40.7983755555972],[-73.9379526111525,40.7983806634771],[-73.9380308426375,40.7984137997532],[-73.9380335847153,40.7984149620024],[-73.938113817984,40.7984489467688],[-73.937931544618,40.7986973308736],[-73.9378485666375,40.7986621828892],[-73.9377582780666,40.798623939429]]]},"properties":{"Borough":"MN","Block":1667,"Lot":34,"Address":"228 EAST 118 STREET","ZipCode":10035,"LandUse":"11","BldgClass":"V1","OwnerName":"228 EAST 118TH STREET REALTY LLC","LotArea":5551,"LotFront":55,"LotDepth":100.92,"BuiltFAR":0,"FacilFAR":4,"NumBldgs":0,"YearBuilt":0,"BBL":1016670034,"ZoneDist1":"R7A"}},{"type":"Feature","geometry":{"type":"Polygon","coordinates":[[[-73.9408666708259,40.7919310726973],[-73.9411899766195,40.7920677477136],[-73.941189241073,40.7920687585317],[-73.9408659353869,40.7919320826771],[-73.9408666708259,40.7919310726973]]]},"properties":{"Borough":"MN","Block":1680,"Lot":2,"Address":"2 AVENUE","ZipCode":10029,"LandUse":"11","BldgClass":"V1","OwnerName":"CITY OF NEW YORK","LotArea":42,"LotFront":0.5,"LotDepth":100,"BuiltFAR":0,"FacilFAR":7.5,"NumBldgs":0,"YearBuilt":0,"BBL":1016800002,"ZoneDist1":"R9A"}},{"type":"Feature","geometry":{"type":"Polygon","coordinates":[[[-73.9387056848671,40.7917637482419],[-73.9389539386902,40.7918687054565],[-73.9389102313953,40.7919287475408],[-73.9386619760972,40.7918237893123],[-73.9387056848671,40.7917637482419]]]},"properties":{"Borough":"MN","Block":1681,"Lot":24,"Address":"2123 1 AVENUE","ZipCode":10029,"LandUse":"11","BldgClass":"V1","OwnerName":"SHAVSAX LLC","LotArea":1875,"LotFront":25,"LotDepth":75,"BuiltFAR":0,"FacilFAR":6.5,"NumBldgs":0,"YearBuilt":0,"BBL":1016810024,"ZoneDist1":"R8A"}},{"type":"Feature","geometry":{"type":"Polygon","coordinates":[[[-73.9399055397627,40.7932503213453],[-73.9399485728469,40.7931915636389],[-73.9402734829721,40.7933289912036],[-73.9402304511862,40.7933877490307],[-73.9399055397627,40.7932503213453]]]},"properties":{"Borough":"MN","Block":1682,"Lot":3,"Address":"2150 2 AVENUE","ZipCode":10029,"LandUse":"11","BldgClass":"V1","OwnerName":"HARLEM VISTA LLC","LotArea":2500,"LotFront":25,"LotDepth":100,"BuiltFAR":0,"FacilFAR":7.5,"NumBldgs":0,"YearBuilt":0,"BBL":1016820003,"ZoneDist1":"R9A"}},{"type":"Feature","geometry":{"type":"Polygon","coordinates":[[[-73.9396392796997,40.7941949440687],[-73.9395946653993,40.7942558611627],[-73.9393458869921,40.7941513175381],[-73.9393905109125,40.7940904049786],[-73.9396392796997,40.7941949440687]]]},"properties":{"Borough":"MN","Block":1683,"Lot":50,"Address":"2174 2 AVENUE","ZipCode":10029,"LandUse":"11","BldgClass":"V1","OwnerName":"COAKLEY, SEAN P.","LotArea":1875,"LotFront":25,"LotDepth":75,"BuiltFAR":0,"FacilFAR":7.5,"NumBldgs":0,"YearBuilt":0,"BBL":1016830050,"ZoneDist1":"R9A"}},{"type":"Feature","geometry":{"type":"Polygon","coordinates":[[[-73.9367103822008,40.792297654649],[-73.9367309898923,40.7922696163264],[-73.9367474325255,40.792276737504],[-73.936839027013,40.7921527563721],[-73.9369122905412,40.7920535891921],[-73.9370841363461,40.7918209820513],[-73.9372886381789,40.7919073515536],[-73.9369334028707,40.7923918450658],[-73.9367103822008,40.792297654649]]]},"properties":{"Borough":"MN","Block":1704,"Lot":5,"Address":" F D R DRIVE","ZipCode":10029,"LandUse":"11","BldgClass":"V1","OwnerName":"1199 HOUSING CORPORATION","LotArea":12848,"LotFront":66,"LotDepth":201.83,"BuiltFAR":0,"FacilFAR":6.5,"NumBldgs":0,"YearBuilt":0,"BBL":1017040005,"ZoneDist1":"M1-4"}},{"type":"Feature","geometry":{"type":"MultiPolygon","coordinates":[[[[-73.9335009369633,40.7927814786954],[-73.9327887632848,40.7932066269196],[-73.9327613379931,40.7931951038008],[-73.9332641145902,40.7929087139499],[-73.9333053702848,40.7928852140109],[-73.9335404606149,40.7927345134185],[-73.9336168817211,40.7926855250775],[-73.9340926056696,40.792354389505],[-73.9341173469411,40.7923373193592],[-73.9342461700147,40.7922494395056],[-73.9335009369633,40.7927814786954]]],[[[-73.9350842950969,40.7916756984144],[-73.9350776295351,40.7916802152069],[-73.9349432361165,40.7917712849666],[-73.9350795774235,40.7916738027913],[-73.9350842950969,40.7916756984144]]]]},"properties":{"Borough":"MN","Block":1705,"Lot":21,"Address":" F D R DRIVE","ZipCode":10029,"LandUse":"11","BldgClass":"V1","OwnerName":"NYC DEPARTMENT OF SMALL BUSINESS SERVICES","LotArea":196350,"LotFront":836.33,"LotDepth":276,"BuiltFAR":0,"FacilFAR":6.5,"NumBldgs":0,"YearBuilt":0,"BBL":1017050021,"ZoneDist1":"R7-2"}},{"type":"Feature","geometry":{"type":"Polygon","coordinates":[[[-73.9341420741398,40.794272618261],[-73.9340651568463,40.7942402949165],[-73.9339798813179,40.79420442693],[-73.9340044609017,40.7941708469229],[-73.934244858401,40.7942719178146],[-73.9342204021409,40.7943055492265],[-73.9341420741398,40.794272618261]]]},"properties":{"Borough":"MN","Block":1708,"Lot":125,"Address":"277 PLEASANT AVENUE","ZipCode":10029,"LandUse":"11","BldgClass":"V1","OwnerName":"277-279 PLEASANT AVECP.","LotArea":972,"LotFront":13.13,"LotDepth":74,"BuiltFAR":0,"FacilFAR":4,"NumBldgs":0,"YearBuilt":0,"BBL":1017080125,"ZoneDist1":"R7A"}},{"type":"Feature","geometry":{"type":"Polygon","coordinates":[[[-73.9347395335044,40.795121558093],[-73.934708245953,40.7950237288929],[-73.9347669471417,40.7949442488291],[-73.9348457864061,40.794977695666],[-73.9347395335044,40.795121558093]]]},"properties":{"Borough":"MN","Block":1709,"Lot":111,"Address":"427 EAST 115 STREET","ZipCode":10029,"LandUse":"11","BldgClass":"V1","OwnerName":"HOPE EAST OF FIFTH HOUSING DEVELOPMENT F UND CO INC","LotArea":1113,"LotFront":25,"LotDepth":58.13,"BuiltFAR":0,"FacilFAR":3,"NumBldgs":0,"YearBuilt":0,"BBL":1017090111,"ZoneDist1":"R7B"}},{"type":"Feature","geometry":{"type":"Polygon","coordinates":[[[-73.933385542966,40.7959620074664],[-73.9335722211041,40.795708539701],[-73.9336858886856,40.7957565189777],[-73.9334992121693,40.7960099860061],[-73.933385542966,40.7959620074664]]]},"properties":{"Borough":"MN","Block":1710,"Lot":33,"Address":"442 EAST 117 STREET","ZipCode":10035,"LandUse":"11","BldgClass":"V1","OwnerName":"MHANY 2004 HOUSING DEVELOPMENT FUND CORP ORATION","LotArea":3722,"LotFront":36.88,"LotDepth":100.92,"BuiltFAR":0,"FacilFAR":3,"NumBldgs":1,"YearBuilt":0,"BBL":1017100033,"ZoneDist1":"R7B"}},{"type":"Feature","geometry":{"type":"Polygon","coordinates":[[[-73.9475455456427,40.8040471398932],[-73.9475768451711,40.8040040625835],[-73.9478548477365,40.8041217190245],[-73.9478235471202,40.804164796492],[-73.9475455456427,40.8040471398932]]]},"properties":{"Borough":"MN","Block":1718,"Lot":4,"Address":"186 LENOX AVENUE","ZipCode":10026,"LandUse":"11","BldgClass":"V1","OwnerName":"JOHNSON, CHERYL Y.","LotArea":1530,"LotFront":18,"LotDepth":85,"BuiltFAR":0,"FacilFAR":6.5,"NumBldgs":0,"YearBuilt":0,"BBL":1017180004,"ZoneDist1":"R7-2"}},{"type":"Feature","geometry":{"type":"Polygon","coordinates":[[[-73.9474278853979,40.8047160867346],[-73.9471660580716,40.8046064925051],[-73.9471984349393,40.8045624864243],[-73.9474602620356,40.8046720805797],[-73.9474278853979,40.8047160867346]]]},"properties":{"Borough":"MN","Block":1720,"Lot":2,"Address":"204 LENOX AVENUE","ZipCode":10027,"LandUse":"11","BldgClass":"V1","OwnerName":"130 LENOX, INC.","LotArea":1600,"LotFront":20,"LotDepth":80,"BuiltFAR":0,"FacilFAR":6.5,"NumBldgs":0,"YearBuilt":0,"BBL":1017200002,"ZoneDist1":"R7-2"}},{"type":"Feature","geometry":{"type":"Polygon","coordinates":[[[-73.9435063684732,40.8064743042285],[-73.9436868411677,40.8062271227956],[-73.9437670489159,40.8062610432468],[-73.9435865753274,40.8065082238834],[-73.9435063684732,40.8064743042285]]]},"properties":{"Borough":"MN","Block":1722,"Lot":26,"Address":"21 WEST 124 STREET","ZipCode":10027,"LandUse":"11","BldgClass":"V1","OwnerName":"HARLEM LLC","LotArea":2523,"LotFront":25,"LotDepth":100.92,"BuiltFAR":0,"FacilFAR":3,"NumBldgs":0,"YearBuilt":0,"BBL":1017220026,"ZoneDist1":"R6A"}},{"type":"Feature","geometry":{"type":"Polygon","coordinates":[[[-73.9417239376421,40.8082996486834],[-73.9416893464869,40.8082851493388],[-73.9418655745483,40.8080453122953],[-73.9419287594631,40.8080719304182],[-73.9417526062989,40.8083116658644],[-73.9417239376421,40.8082996486834]]]},"properties":{"Borough":"MN","Block":1725,"Lot":31,"Address":"9 WEST 127 STREET","ZipCode":10027,"LandUse":"11","BldgClass":"V1","OwnerName":"BROWNE, KAREN V.","LotArea":1998,"LotFront":20,"LotDepth":99.92,"BuiltFAR":0,"FacilFAR":6.5,"NumBldgs":0,"YearBuilt":0,"BBL":1017250031,"ZoneDist1":"R7-2"}},{"type":"Feature","geometry":{"type":"Polygon","coordinates":[[[-73.9418454490901,40.8091677678678],[-73.9420219013874,40.8089242071374],[-73.9420651590289,40.8089424342476],[-73.9418887139971,40.8091859968036],[-73.9418454490901,40.8091677678678]]]},"properties":{"Borough":"MN","Block":1726,"Lot":123,"Address":"WEST 128 STREET","ZipCode":10027,"LandUse":"11","BldgClass":"V1","OwnerName":"TWO MANHATTAN LLC.","LotArea":1249,"LotFront":12.5,"LotDepth":99.92,"BuiltFAR":0,"FacilFAR":6.5,"NumBldgs":0,"YearBuilt":0,"BBL":1017260123,"ZoneDist1":"R7-2"}},{"type":"Feature","geometry":{"type":"Polygon","coordinates":[[[-73.9420897361072,40.8108992785283],[-73.9420304367394,40.8108743696976],[-73.942210201593,40.8106284286284],[-73.9422695019089,40.8106533382057],[-73.9420897361072,40.8108992785283]]]},"properties":{"Borough":"MN","Block":1728,"Lot":9,"Address":"61 WEST 130 STREET","ZipCode":10037,"LandUse":"11","BldgClass":"V1","OwnerName":"NYC HOUSING PRESERVATION AND DEVELOPMENT","LotArea":1998,"LotFront":20,"LotDepth":99.92,"BuiltFAR":0,"FacilFAR":6.5,"NumBldgs":0,"YearBuilt":0,"BBL":1017280009,"ZoneDist1":"R7-2"}},{"type":"Feature","geometry":{"type":"Polygon","coordinates":[[[-73.9386310479203,40.8102605725642],[-73.938453710018,40.8105039177698],[-73.9383503005056,40.8104604351248],[-73.938527639882,40.8102170891572],[-73.9385557082433,40.810228892557],[-73.9386310479203,40.8102605725642]]]},"properties":{"Borough":"MN","Block":1756,"Lot":66,"Address":"EAST 132 STREET","ZipCode":10037,"LandUse":"11","BldgClass":"V1","OwnerName":"RIVERTON REALTY LLC","LotArea":3497,"LotFront":35,"LotDepth":99.92,"BuiltFAR":0,"FacilFAR":3,"NumBldgs":0,"YearBuilt":0,"BBL":1017560066,"ZoneDist1":"R7B"}},{"type":"Feature","geometry":{"type":"Polygon","coordinates":[[[-73.9411341442531,40.801291062664],[-73.9411365812368,40.8012877194536],[-73.9411934125259,40.8013117153052],[-73.9411930506537,40.8013122121407],[-73.9414257455224,40.8014104589761],[-73.941423671629,40.8014133052719],[-73.9411341442531,40.801291062664]]]},"properties":{"Borough":"MN","Block":1768,"Lot":3,"Address":" PARK AVENUE","ZipCode":10035,"LandUse":"11","BldgClass":"V1","OwnerName":"NYC DEPARTMENT OF CITYWIDE ADMINISTRATIVE SERVICES","LotArea":90,"LotFront":1.17,"LotDepth":90,"BuiltFAR":0,"FacilFAR":10,"NumBldgs":0,"YearBuilt":0,"BBL":1017680003,"ZoneDist1":"R10"}},{"type":"Feature","geometry":{"type":"Polygon","coordinates":[[[-73.9375603515423,40.802327864222],[-73.9373810061784,40.802578045397],[-73.937293916682,40.8025412756607],[-73.937431591501,40.8023492236101],[-73.9374732621639,40.8022910946184],[-73.9375603515423,40.802327864222]]]},"properties":{"Borough":"MN","Block":1771,"Lot":41,"Address":"182 EAST 123 STREET","ZipCode":10035,"LandUse":"11","BldgClass":"V1","OwnerName":"JAMES MILLER BUILDING LLC","LotArea":2826,"LotFront":28,"LotDepth":100.92,"BuiltFAR":0,"FacilFAR":6.5,"NumBldgs":0,"YearBuilt":0,"BBL":1017710041,"ZoneDist1":"R7-2"}},{"type":"Feature","geometry":{"type":"Polygon","coordinates":[[[-73.9513323770364,40.7914457864432],[-73.951414399752,40.7914803497841],[-73.9512334029182,40.7917298615122],[-73.9511513704154,40.7916952944432],[-73.9513323770364,40.7914457864432]]]},"properties":{"Borough":"MN","Block":1608,"Lot":57,"Address":"24 EAST 103 STREET","ZipCode":10029,"LandUse":"11","BldgClass":"V1","OwnerName":"THE MOUNT SINAI HOSPITAL","LotArea":2523,"LotFront":25,"LotDepth":100.92,"BuiltFAR":0,"FacilFAR":6.5,"NumBldgs":0,"YearBuilt":0,"BBL":1016080057,"ZoneDist1":"R7-2"}},{"type":"Feature","geometry":{"type":"Polygon","coordinates":[[[-73.9373840555209,40.803400546788],[-73.9375650167794,40.8031481116413],[-73.9376354366032,40.8031778103759],[-73.9374544197536,40.80343032123],[-73.9373840555209,40.803400546788]]]},"properties":{"Borough":"MN","Block":1772,"Lot":48,"Address":"160 EAST 124 STREET","ZipCode":10035,"LandUse":"11","BldgClass":"V1","OwnerName":"MAHONEY REALTY LLC","LotArea":2153,"LotFront":21.33,"LotDepth":100.92,"BuiltFAR":0,"FacilFAR":6.5,"NumBldgs":1,"YearBuilt":0,"BBL":1017720048,"ZoneDist1":"R7-2"}},{"type":"Feature","geometry":{"type":"Polygon","coordinates":[[[-73.9376569970935,40.8035160404962],[-73.9378381700598,40.8032633097215],[-73.9379067066955,40.8032922130115],[-73.9377254793443,40.8035450177339],[-73.9376569970935,40.8035160404962]]]},"properties":{"Borough":"MN","Block":1772,"Lot":51,"Address":"EAST 124 STREET","ZipCode":10035,"LandUse":"11","BldgClass":"V1","OwnerName":"152 EAST 124TH STREET REALTY, LLC","LotArea":2153,"LotFront":21.33,"LotDepth":100.92,"BuiltFAR":0,"FacilFAR":4.66,"NumBldgs":0,"YearBuilt":0,"BBL":1017720051,"ZoneDist1":"R7D"}},{"type":"Feature","geometry":{"type":"Polygon","coordinates":[[[-73.950173192522,40.794045261286],[-73.9506128960487,40.794232621281],[-73.950452307272,40.7944527444644],[-73.9500126027442,40.7942653829432],[-73.950173192522,40.794045261286]]]},"properties":{"Borough":"MN","Block":1612,"Lot":101,"Address":"5 AVENUE","ZipCode":10029,"LandUse":"11","BldgClass":"V1","OwnerName":"LAKEVIEW ACQUISITION CO., L.P.","LotArea":12276,"LotFront":135.71,"LotDepth":90.46,"BuiltFAR":0,"FacilFAR":10,"NumBldgs":0,"YearBuilt":0,"BBL":1016120101,"ZoneDist1":"R9"}},{"type":"Feature","geometry":{"type":"Polygon","coordinates":[[[-73.9367211509075,40.8031200403986],[-73.9368319196747,40.8029655232608],[-73.9368651484601,40.8029191720457],[-73.9369014625063,40.8028685145506],[-73.9369626980044,40.802894093462],[-73.9369974924761,40.8029087662716],[-73.9368169688099,40.8031605857129],[-73.9367211509075,40.8031200403986]]]},"properties":{"Borough":"MN","Block":1772,"Lot":140,"Address":"182 EAST 124 STREET","ZipCode":10035,"LandUse":"11","BldgClass":"V1","OwnerName":"178 EAST 124TH STREET LLC","LotArea":3232,"LotFront":31,"LotDepth":100.92,"BuiltFAR":0,"FacilFAR":10,"NumBldgs":0,"YearBuilt":0,"BBL":1017720140,"ZoneDist1":"C4-6"}},{"type":"Feature","geometry":{"type":"Polygon","coordinates":[[[-73.9368224540023,40.803982655192],[-73.9371823647626,40.8034911722471],[-73.9372073666209,40.8035017036991],[-73.9377550669078,40.8037323988032],[-73.9373946284913,40.8042246108993],[-73.9368224540023,40.803982655192]]]},"properties":{"Borough":"MN","Block":1773,"Lot":20,"Address":"EAST 125 STREET","ZipCode":10035,"LandUse":"11","BldgClass":"V1","OwnerName":"METROPOLITAN TRANSPORTATION AUTHORITY","LotArea":36228,"LotFront":220.1,"LotDepth":179.6,"BuiltFAR":0,"FacilFAR":12,"NumBldgs":0,"YearBuilt":0,"BBL":1017730020,"ZoneDist1":"C6-11"}},{"type":"Feature","geometry":{"type":"Polygon","coordinates":[[[-73.9371823647626,40.8034911722471],[-73.9368224540023,40.803982655192],[-73.9360584324689,40.8036595653872],[-73.9363114899211,40.8033118309578],[-73.9366284452389,40.8034453389429],[-73.9367328724766,40.8033018396328],[-73.936892546858,40.8033690962266],[-73.9371823647626,40.8034911722471]]]},"properties":{"Borough":"MN","Block":1773,"Lot":27,"Address":"EAST 125 STREET","ZipCode":10035,"LandUse":"11","BldgClass":"V1","OwnerName":"180 E125 PROPCO LLC","LotArea":42540,"LotFront":240.6,"LotDepth":201.1,"BuiltFAR":0,"FacilFAR":10,"NumBldgs":0,"YearBuilt":0,"BBL":1017730027,"ZoneDist1":"C6-4"}},{"type":"Feature","geometry":{"type":"Polygon","coordinates":[[[-73.9377974460916,40.8040682357333],[-73.937825037772,40.8040799129927],[-73.9379136682634,40.8041174179281],[-73.9377307647605,40.8043671752659],[-73.9376148755398,40.8043175374591],[-73.9377974460916,40.8040682357333]]]},"properties":{"Borough":"MN","Block":1773,"Lot":57,"Address":"132 EAST 125 STREET","ZipCode":10035,"LandUse":"11","BldgClass":"V1","OwnerName":"BRUCKNER 125TH STREET LLC","LotArea":3532,"LotFront":35,"LotDepth":100.92,"BuiltFAR":0,"FacilFAR":6.5,"NumBldgs":0,"YearBuilt":0,"BBL":1017730057,"ZoneDist1":"C4-4D"}},{"type":"Feature","geometry":{"type":"Polygon","coordinates":[[[-73.9377307647605,40.8043671752659],[-73.9379136682634,40.8041174179281],[-73.9379295940962,40.8041241577421],[-73.9380087539349,40.8041576556565],[-73.9381678590869,40.8042249840385],[-73.9379842252587,40.8044757374309],[-73.9377307647605,40.8043671752659]]]},"properties":{"Borough":"MN","Block":1773,"Lot":58,"Address":"128 EAST 125 STREET","ZipCode":10035,"LandUse":"11","BldgClass":"V1","OwnerName":"BRUCKNER 125TH STREET LLC","LotArea":8074,"LotFront":80,"LotDepth":100.92,"BuiltFAR":0,"FacilFAR":6.5,"NumBldgs":0,"YearBuilt":0,"BBL":1017730058,"ZoneDist1":"C4-4D"}},{"type":"Feature","geometry":{"type":"Polygon","coordinates":[[[-73.9386130440517,40.8047450682972],[-73.9387539243721,40.804552624665],[-73.9390431617101,40.8046749369448],[-73.9388991613524,40.8048676142721],[-73.9386130440517,40.8047450682972]]]},"properties":{"Borough":"MN","Block":1773,"Lot":69,"Address":"1815 PARK AVENUE","ZipCode":10035,"LandUse":"11","BldgClass":"V1","OwnerName":"METROPOLITAN TRANSPORTATION AUTHORITY MTA REAL ESTATE DEPARTMENT","LotArea":6810,"LotFront":75.67,"LotDepth":90,"BuiltFAR":0,"FacilFAR":10,"NumBldgs":1,"YearBuilt":0,"BBL":1017730069,"ZoneDist1":"C6-4"}},{"type":"Feature","geometry":{"type":"Polygon","coordinates":[[[-73.9391003453811,40.8045984238176],[-73.9390431617101,40.8046749369448],[-73.9387539243721,40.804552624665],[-73.9387793903786,40.8045179158501],[-73.9388100121383,40.8044759949784],[-73.9391003453811,40.8045984238176]]]},"properties":{"Borough":"MN","Block":1773,"Lot":72,"Address":"1811 PARK AVENUE","ZipCode":10035,"LandUse":"11","BldgClass":"V1","OwnerName":"METROPOLITAN TRANSPORTATION AUTHORITY","LotArea":2843,"LotFront":31.58,"LotDepth":90,"BuiltFAR":0,"FacilFAR":10,"NumBldgs":0,"YearBuilt":0,"BBL":1017730072,"ZoneDist1":"C6-4"}},{"type":"Feature","geometry":{"type":"Polygon","coordinates":[[[-73.9374358917488,40.7998113330745],[-73.9376191689707,40.7995578913665],[-73.937775082596,40.7996236715879],[-73.9375918045749,40.7998771127041],[-73.9374358917488,40.7998113330745]]]},"properties":{"Borough":"MN","Block":1784,"Lot":9,"Address":"217 EAST 119 STREET","ZipCode":10035,"LandUse":"11","BldgClass":"V1","OwnerName":"B&D EAST 119 STREET REALTY LLC","LotArea":5046,"LotFront":50,"LotDepth":100.92,"BuiltFAR":0,"FacilFAR":4,"NumBldgs":0,"YearBuilt":0,"BBL":1017840009,"ZoneDist1":"R7A"}},{"type":"Feature","geometry":{"type":"Polygon","coordinates":[[[-73.9380305488332,40.7999412551188],[-73.938052211149,40.7999112999351],[-73.9380958560509,40.7998509466657],[-73.9381468002844,40.7997805000156],[-73.9381485049074,40.7997812186449],[-73.9380313377576,40.7999415887578],[-73.9380305488332,40.7999412551188]]]},"properties":{"Borough":"MN","Block":1784,"Lot":102,"Address":"3 AVENUE","ZipCode":10035,"LandUse":"11","BldgClass":"V1","OwnerName":"19 CRESCENT CORP","LotArea":25,"LotFront":0.25,"LotDepth":66.83,"BuiltFAR":0,"FacilFAR":10,"NumBldgs":0,"YearBuilt":0,"BBL":1017840102,"ZoneDist1":"C4-6"}},{"type":"Feature","geometry":{"type":"Polygon","coordinates":[[[-73.9357997252076,40.802732301909],[-73.9359811391662,40.8024842323945],[-73.9360525727192,40.8025144342859],[-73.9360683533813,40.802521107601],[-73.9360482204225,40.8025486382127],[-73.9360087564478,40.802602601253],[-73.9359648925328,40.8026625808001],[-73.9358870275093,40.8027690557413],[-73.9357997252076,40.802732301909]]]},"properties":{"Borough":"MN","Block":1788,"Lot":46,"Address":"204 EAST 124 STREET","ZipCode":10035,"LandUse":"11","BldgClass":"V1","OwnerName":"NYC ADMINISTRATION FOR CHILDRENS SERVICES","LotArea":2800,"LotFront":27.75,"LotDepth":100.92,"BuiltFAR":0,"FacilFAR":3,"NumBldgs":0,"YearBuilt":0,"BBL":1017880046,"ZoneDist1":"R7B"}},{"type":"Feature","geometry":{"type":"Polygon","coordinates":[[[-73.9360525727192,40.8025144342859],[-73.9360840269835,40.8024714214068],[-73.9360898925293,40.802491655271],[-73.9360863825247,40.8024964538713],[-73.9360683533813,40.802521107601],[-73.9360525727192,40.8025144342859]]]},"properties":{"Borough":"MN","Block":1788,"Lot":104,"Address":"3 AVENUE","ZipCode":10035,"LandUse":"11","BldgClass":"V1","OwnerName":"NYC DEPARTMENT OF CITYWIDE ADMINISTRATIVE SERVICES","LotArea":2184,"LotFront":12.58,"LotDepth":5,"BuiltFAR":0,"FacilFAR":3,"NumBldgs":0,"YearBuilt":0,"BBL":1017880104,"ZoneDist1":"R7B"}},{"type":"Feature","geometry":{"type":"Polygon","coordinates":[[[-73.9354682010938,40.8031734388632],[-73.9355177366357,40.8031057850058],[-73.9355918526934,40.8031369936797],[-73.9355423254573,40.8032046510873],[-73.9354682010938,40.8031734388632]]]},"properties":{"Borough":"MN","Block":1789,"Lot":146,"Address":"3 AVENUE","ZipCode":10035,"LandUse":"11","BldgClass":"V1","OwnerName":"UNAVAILABLE OWNER","LotArea":663,"LotFront":25,"LotDepth":26,"BuiltFAR":0,"FacilFAR":6.5,"NumBldgs":0,"YearBuilt":0,"BBL":1017890146,"ZoneDist1":"C4-4D"}},{"type":"Feature","geometry":{"type":"Polygon","coordinates":[[[-73.9463309764888,40.7901588405427],[-73.9464175885427,40.7900403191134],[-73.9465123643833,40.7899106225586],[-73.9465897124451,40.789943348419],[-73.9464083852451,40.7901914864053],[-73.9463309764888,40.7901588405427]]]},"properties":{"Borough":"MN","Block":1631,"Lot":32,"Address":"167 EAST 103 STREET","ZipCode":10029,"LandUse":"11","BldgClass":"V1","OwnerName":"PEOPLES BAPTIST CHRCH IN","LotArea":2523,"LotFront":25,"LotDepth":100.92,"BuiltFAR":0,"FacilFAR":3,"NumBldgs":0,"YearBuilt":0,"BBL":1016310032,"ZoneDist1":"R7B"}},{"type":"Feature","geometry":{"type":"Polygon","coordinates":[[[-73.9463538963883,40.7899328749833],[-73.9464037289122,40.7898646663093],[-73.9465123643833,40.7899106225586],[-73.9464175885427,40.7900403191134],[-73.9463089576658,40.7899943546634],[-73.9463538963883,40.7899328749833]]]},"properties":{"Borough":"MN","Block":1631,"Lot":133,"Address":"169 EAST 103 STREET","ZipCode":10029,"LandUse":"11","BldgClass":"V1","OwnerName":"PEOPLE'S BAPTIST CHRUCH","LotArea":1782,"LotFront":35,"LotDepth":50.92,"BuiltFAR":0,"FacilFAR":6.5,"NumBldgs":0,"YearBuilt":0,"BBL":1016310133,"ZoneDist1":"R8A"}},{"type":"Feature","geometry":{"type":"Polygon","coordinates":[[[-73.9516095519256,40.8015432381937],[-73.9517834581452,40.8013050839872],[-73.9518646083017,40.8013393692531],[-73.9516907010714,40.8015775245003],[-73.9516095519256,40.8015432381937]]]},"properties":{"Borough":"MN","Block":1824,"Lot":19,"Address":"117 WEST 114 STREET","ZipCode":10026,"LandUse":"11","BldgClass":"V1","OwnerName":"NYC HOUSING PRESERVATION AND DEVELOPMENT","LotArea":2649,"LotFront":26.25,"LotDepth":100.92,"BuiltFAR":0,"FacilFAR":6.5,"NumBldgs":0,"YearBuilt":0,"BBL":1018240019,"ZoneDist1":"R7-2"}},{"type":"Feature","geometry":{"type":"Polygon","coordinates":[[[-73.9459325982163,40.7929096651462],[-73.9459978176137,40.7928210828338],[-73.9462525368421,40.7929281624914],[-73.9461879697087,40.7930161562876],[-73.9459325982163,40.7929096651462]]]},"properties":{"Borough":"MN","Block":1634,"Lot":158,"Address":"1710 LEXINGTON AVENUE","ZipCode":10029,"LandUse":"11","BldgClass":"V1","OwnerName":"1710 LEXINGTON, INC.","LotArea":2569,"LotFront":34.25,"LotDepth":75,"BuiltFAR":0,"FacilFAR":4.66,"NumBldgs":0,"YearBuilt":0,"BBL":1016340158,"ZoneDist1":"R7D"}},{"type":"Feature","geometry":{"type":"Polygon","coordinates":[[[-73.9452002454052,40.793149767354],[-73.945414483885,40.793240306256],[-73.9453867468242,40.7932782050394],[-73.9451725864994,40.7931876985841],[-73.9451843133371,40.7931716140002],[-73.9452002454052,40.793149767354]]]},"properties":{"Borough":"MN","Block":1635,"Lot":51,"Address":"1725 LEXINGTON AVENUE","ZipCode":10029,"LandUse":"11","BldgClass":"V1","OwnerName":"152-156 REALTY ASSOCS.","LotArea":1084,"LotFront":16.67,"LotDepth":65,"BuiltFAR":0,"FacilFAR":4.66,"NumBldgs":0,"YearBuilt":0,"BBL":1016350051,"ZoneDist1":"R7D"}},{"type":"Feature","geometry":{"type":"Polygon","coordinates":[[[-73.9451122188481,40.7932704852959],[-73.9453262100071,40.7933609188299],[-73.9452967185239,40.7934012167007],[-73.9450828089265,40.7933108172833],[-73.9451122188481,40.7932704852959]]]},"properties":{"Borough":"MN","Block":1635,"Lot":150,"Address":"1731 LEXINGTON AVENUE","ZipCode":10029,"LandUse":"11","BldgClass":"V1","OwnerName":"108 LEXINGTON OPERATING LLC","LotArea":1083,"LotFront":16.67,"LotDepth":65,"BuiltFAR":0,"FacilFAR":4.66,"NumBldgs":0,"YearBuilt":0,"BBL":1016350150,"ZoneDist1":"R7D"}},{"type":"Feature","geometry":{"type":"Polygon","coordinates":[[[-73.9441023208973,40.7932161815215],[-73.9441501761016,40.7931506059973],[-73.9442130456252,40.7931772273015],[-73.9443726816308,40.7932448239981],[-73.9444259998559,40.7932674018261],[-73.9444793170182,40.7932899778725],[-73.9445275860114,40.7933104181466],[-73.9445856351936,40.7933349982264],[-73.9446359876485,40.7933563182997],[-73.9446893049524,40.7933788951687],[-73.9447426222927,40.7934014719304],[-73.9447959407694,40.7934240487504],[-73.9448476176968,40.7934459304695],[-73.9446673452627,40.7936929395343],[-73.9446404010927,40.7936815307418],[-73.944615668313,40.7936710578177],[-73.9445829830033,40.7936572176172],[-73.9445623495893,40.7936484809152],[-73.9445090321124,40.7936259040722],[-73.9445065720436,40.7936248619119],[-73.944455714782,40.7936033271195],[-73.9444259006063,40.7935907030776],[-73.9444053632985,40.7935820068864],[-73.9443473116572,40.793557425878],[-73.9442990425395,40.7935369863667],[-73.9442874015888,40.7935320559525],[-73.9442457252412,40.7935144094003],[-73.9442333890625,40.7935091859204],[-73.9441924079799,40.7934918314066],[-73.9441721537571,40.7934832551944],[-73.9441100656859,40.7934569647033],[-73.9440335592309,40.7934245689818],[-73.9440327715649,40.7934242345466],[-73.9439684106176,40.7933969829657],[-73.9440142401149,40.7933368634599],[-73.944057350466,40.7932777944691],[-73.9441023208973,40.7932161815215]]]},"properties":{"Borough":"MN","Block":1636,"Lot":25,"Address":"157 EAST 108 STREET","ZipCode":10029,"LandUse":"11","BldgClass":"V1","OwnerName":"THE NIGHTINGALE-BAMFORD SCHOOL","LotArea":22324,"LotFront":221.25,"LotDepth":100.92,"BuiltFAR":0,"FacilFAR":4,"NumBldgs":1,"YearBuilt":0,"BBL":1016360025,"ZoneDist1":"R7A"}},{"type":"Feature","geometry":{"type":"Polygon","coordinates":[[[-73.944361190386,40.7943851148969],[-73.9445432214088,40.7941357081607],[-73.9446246114496,40.7941700716341],[-73.944441435213,40.7944189934721],[-73.944361190386,40.7943851148969]]]},"properties":{"Borough":"MN","Block":1637,"Lot":22,"Address":"153 EAST 109 STREET","ZipCode":10029,"LandUse":"11","BldgClass":"V1","OwnerName":"CARITAS DEVELOPMENT L","LotArea":2523,"LotFront":25,"LotDepth":100.92,"BuiltFAR":0,"FacilFAR":4.66,"NumBldgs":0,"YearBuilt":0,"BBL":1016370022,"ZoneDist1":"R7D"}},{"type":"Feature","geometry":{"type":"Polygon","coordinates":[[[-73.9443863451878,40.7940694746022],[-73.9444644835612,40.7941024651895],[-73.9442824523351,40.7943518708812],[-73.9442043148606,40.7943188810925],[-73.9443863451878,40.7940694746022]]]},"properties":{"Borough":"MN","Block":1637,"Lot":24,"Address":"157 EAST 109 STREET","ZipCode":10029,"LandUse":"11","BldgClass":"V1","OwnerName":"CARITAS DEVELOPMENT L","LotArea":2523,"LotFront":25,"LotDepth":100.92,"BuiltFAR":0,"FacilFAR":4.66,"NumBldgs":0,"YearBuilt":0,"BBL":1016370024,"ZoneDist1":"R7D"}},{"type":"Feature","geometry":{"type":"Polygon","coordinates":[[[-73.9443053036731,40.7940352587873],[-73.9443863451878,40.7940694746022],[-73.9442043148606,40.7943188810925],[-73.9441232720337,40.7942846651503],[-73.9443053036731,40.7940352587873]]]},"properties":{"Borough":"MN","Block":1637,"Lot":25,"Address":"159 EAST 109 STREET","ZipCode":10029,"LandUse":"11","BldgClass":"V1","OwnerName":"CARITAS DEVELOPMENT L","LotArea":2523,"LotFront":25,"LotDepth":100.92,"BuiltFAR":0,"FacilFAR":4,"NumBldgs":0,"YearBuilt":0,"BBL":1016370025,"ZoneDist1":"R7A"}},{"type":"Feature","geometry":{"type":"Polygon","coordinates":[[[-73.9398596024725,40.7990882791771],[-73.9399854429718,40.7989154451831],[-73.9400422765591,40.7989394352542],[-73.9398841646187,40.7991565939407],[-73.9398596024725,40.7990882791771]]]},"properties":{"Borough":"MN","Block":1645,"Lot":32,"Address":"183 EAST 117 STREET","ZipCode":10035,"LandUse":"11","BldgClass":"V1","OwnerName":"CITY LIGHTS PROPERTIES LLC","LotArea":1529,"LotFront":19,"LotDepth":90,"BuiltFAR":0,"FacilFAR":4,"NumBldgs":0,"YearBuilt":0,"BBL":1016450032,"ZoneDist1":"R7A"}},{"type":"Feature","geometry":{"type":"Polygon","coordinates":[[[-73.9383291079711,40.7965221354671],[-73.9386206484077,40.7966447815892],[-73.9385691022481,40.7967157297849],[-73.9382775628075,40.7965930843694],[-73.9383291079711,40.7965221354671]]]},"properties":{"Borough":"MN","Block":1665,"Lot":24,"Address":"2245 2 AVENUE","ZipCode":10029,"LandUse":"11","BldgClass":"V1","OwnerName":"NUEVO EL BARRIO PARA LA REHABILITACION","LotArea":2603,"LotFront":28.92,"LotDepth":90,"BuiltFAR":0,"FacilFAR":7.5,"NumBldgs":1,"YearBuilt":0,"BBL":1016650024,"ZoneDist1":"R9A"}},{"type":"Feature","geometry":{"type":"Polygon","coordinates":[[[-73.9376575386665,40.7974361031868],[-73.9376925571682,40.7973882506398],[-73.9379241047401,40.7974857142479],[-73.9379895807265,40.797513279577],[-73.937954563474,40.7975611312939],[-73.9376575386665,40.7974361031868]]]},"properties":{"Borough":"MN","Block":1666,"Lot":23,"Address":"2269 2 AVENUE","ZipCode":10035,"LandUse":"11","BldgClass":"V1","OwnerName":"EL CEMI HOUSING DEVELOPMENT FUND COMPANY , INC.","LotArea":1800,"LotFront":20,"LotDepth":90,"BuiltFAR":0,"FacilFAR":7.5,"NumBldgs":0,"YearBuilt":0,"BBL":1016660023,"ZoneDist1":"R9A"}},{"type":"Feature","geometry":{"type":"Polygon","coordinates":[[[-73.9373779687529,40.7984628466128],[-73.937469887066,40.7983375901349],[-73.9375143017935,40.7982770700028],[-73.9375602447523,40.7982144642125],[-73.9376367973517,40.7982468912524],[-73.9377140228367,40.7982795986124],[-73.9375317484427,40.7985279820903],[-73.9373779687529,40.7984628466128]]]},"properties":{"Borough":"MN","Block":1667,"Lot":29,"Address":"238 EAST 118 STREET","ZipCode":10035,"LandUse":"11","BldgClass":"V1","OwnerName":"DEAN GROUP,","LotArea":5046,"LotFront":50,"LotDepth":100.92,"BuiltFAR":0,"FacilFAR":4,"NumBldgs":0,"YearBuilt":0,"BBL":1016670029,"ZoneDist1":"R7A"}},{"type":"Feature","geometry":{"type":"Polygon","coordinates":[[[-73.9375357557399,40.7979333797621],[-73.9375684336743,40.7978888524567],[-73.9376883298584,40.7979396388358],[-73.937744472289,40.7979634190174],[-73.9376028084828,40.7981564636205],[-73.9375466659407,40.7981326825329],[-73.9374267695172,40.7980818959256],[-73.9375035073166,40.797977323766],[-73.9375357557399,40.7979333797621]]]},"properties":{"Borough":"MN","Block":1667,"Lot":120,"Address":"247 EAST 117 STREET","ZipCode":10035,"LandUse":"11","BldgClass":"V1","OwnerName":"CRYSTAL HOUSE AT EAST HARLEM LLC","LotArea":4162,"LotFront":55,"LotDepth":75.67,"BuiltFAR":0,"FacilFAR":7.5,"NumBldgs":0,"YearBuilt":0,"BBL":1016670120,"ZoneDist1":"R9A"}},{"type":"Feature","geometry":{"type":"Polygon","coordinates":[[[-73.9348757518307,40.797404739696],[-73.9349161675857,40.7973494862525],[-73.9349669107648,40.7972801142165],[-73.9350228481666,40.7973036200367],[-73.93493164301,40.7974283076097],[-73.9348757518307,40.797404739696]]]},"properties":{"Borough":"MN","Block":1689,"Lot":129,"Address":"314 EAST 118 STREET","ZipCode":10035,"LandUse":"11","BldgClass":"V1","OwnerName":"BRIJA, ISA","LotArea":832,"LotFront":16.5,"LotDepth":50.42,"BuiltFAR":0,"FacilFAR":5,"NumBldgs":0,"YearBuilt":0,"BBL":1016890129,"ZoneDist1":"R7X"}},{"type":"Feature","geometry":{"type":"Polygon","coordinates":[[[-73.9514337392797,40.8032427555189],[-73.9514751642817,40.8032601885986],[-73.9512938519591,40.80350860482],[-73.9512524268495,40.8034911699194],[-73.9514337392797,40.8032427555189]]]},"properties":{"Borough":"MN","Block":1901,"Lot":156,"Address":"WEST 117 STREET","ZipCode":10026,"LandUse":"11","BldgClass":"V1","OwnerName":"MALCOLM SHABAZZ GARDENS HOMEOWNERS ASSOC . INC.","LotArea":1405,"LotFront":13.92,"LotDepth":100.92,"BuiltFAR":0,"FacilFAR":6.5,"NumBldgs":0,"YearBuilt":0,"BBL":1019010156,"ZoneDist1":"R7-2"}},{"type":"Feature","geometry":{"type":"Polygon","coordinates":[[[-73.9431949469934,40.8081081867395],[-73.9433778882694,40.8078592042923],[-73.9434445259661,40.8078871650934],[-73.9432615848617,40.8081361485653],[-73.9432580213147,40.8081346528224],[-73.9431979503118,40.8081094462053],[-73.9431949469934,40.8081081867395]]]},"properties":{"Borough":"MN","Block":1724,"Lot":117,"Address":"43 WEST 126 STREET","ZipCode":10027,"LandUse":"11","BldgClass":"V1","OwnerName":"ANNETTE B. CARTER, AS TRUSTEE","LotArea":2082,"LotFront":20.83,"LotDepth":99.92,"BuiltFAR":0,"FacilFAR":6.5,"NumBldgs":0,"YearBuilt":0,"BBL":1017240117,"ZoneDist1":"R7-2"}},{"type":"Feature","geometry":{"type":"Polygon","coordinates":[[[-73.9414351170081,40.8086769605931],[-73.9414938443259,40.8087017063971],[-73.941317390687,40.808945265408],[-73.9412586656401,40.8089205213552],[-73.9414351170081,40.8086769605931]]]},"properties":{"Borough":"MN","Block":1726,"Lot":31,"Address":"9 WEST 128 STREET","ZipCode":10027,"LandUse":"11","BldgClass":"V1","OwnerName":"SHILOH CHURCH OF CHRIST, DISCIPLES","LotArea":1898,"LotFront":19,"LotDepth":99.92,"BuiltFAR":0,"FacilFAR":6.5,"NumBldgs":0,"YearBuilt":0,"BBL":1017260031,"ZoneDist1":"R7-2"}},{"type":"Feature","geometry":{"type":"Polygon","coordinates":[[[-73.9409560965146,40.8091148968975],[-73.9410576214737,40.8089747845331],[-73.9411347779399,40.8088683193132],[-73.9412586656401,40.8089205213552],[-73.941317390687,40.808945265408],[-73.9413742629595,40.8089692296181],[-73.9411955667413,40.8092158012873],[-73.9409560965146,40.8091148968975]]]},"properties":{"Borough":"MN","Block":1726,"Lot":41,"Address":"4 WEST 129 STREET","ZipCode":10027,"LandUse":"11","BldgClass":"V1","OwnerName":"SHILOH CHURCH/CHRISTINC","LotArea":7494,"LotFront":75,"LotDepth":99.92,"BuiltFAR":0,"FacilFAR":6.5,"NumBldgs":0,"YearBuilt":0,"BBL":1017260041,"ZoneDist1":"R7-2"}},{"type":"Feature","geometry":{"type":"Polygon","coordinates":[[[-73.9415559722421,40.8098598101033],[-73.9413798053058,40.8101029082635],[-73.9413005691076,40.8100695215854],[-73.9414767362442,40.809826424465],[-73.941505541721,40.8098385615734],[-73.9415559722421,40.8098598101033]]]},"properties":{"Borough":"MN","Block":1727,"Lot":51,"Address":"28 WEST 130 STREET","ZipCode":10037,"LandUse":"11","BldgClass":"V1","OwnerName":"NINA JUSTINIANO","LotArea":2498,"LotFront":25,"LotDepth":99.92,"BuiltFAR":0,"FacilFAR":6.5,"NumBldgs":0,"YearBuilt":0,"BBL":1017270051,"ZoneDist1":"R7-2"}},{"type":"Feature","geometry":{"type":"Polygon","coordinates":[[[-73.9457349604456,40.8091757245177],[-73.9459131744965,40.8089327313169],[-73.9459716051827,40.8089573747272],[-73.9457933923806,40.8092003670977],[-73.9457349604456,40.8091757245177]]]},"properties":{"Borough":"MN","Block":1911,"Lot":22,"Address":"121 WEST 126 STREET","ZipCode":10027,"LandUse":"11","BldgClass":"V1","OwnerName":"121 WEST 126 HOLDING LLC","LotArea":1782,"LotFront":17.83,"LotDepth":99.92,"BuiltFAR":0,"FacilFAR":6.5,"NumBldgs":0,"YearBuilt":0,"BBL":1019110022,"ZoneDist1":"R7-2"}},{"type":"Feature","geometry":{"type":"Polygon","coordinates":[[[-73.9454515092602,40.8090561792435],[-73.9453995629417,40.809034270789],[-73.9455777779486,40.8087912780999],[-73.9456309693192,40.8088137139495],[-73.9454527556588,40.809056704879],[-73.9454515092602,40.8090561792435]]]},"properties":{"Borough":"MN","Block":1911,"Lot":26,"Address":"109 WEST 126 STREET","ZipCode":10027,"LandUse":"11","BldgClass":"V1","OwnerName":"HCCI CENTRAL HARLEM APARTMENTS HDFC","LotArea":1782,"LotFront":17.83,"LotDepth":99.92,"BuiltFAR":0,"FacilFAR":6.5,"NumBldgs":0,"YearBuilt":0,"BBL":1019110026,"ZoneDist1":"R7-2"}},{"type":"Feature","geometry":{"type":"Polygon","coordinates":[[[-73.9463873501161,40.8105787887083],[-73.9465627103318,40.8103376042048],[-73.9466038079598,40.8103548686975],[-73.946682843494,40.8103880696757],[-73.946638816467,40.8104486231013],[-73.9465951465015,40.8105086859298],[-73.9465619567244,40.810554332987],[-73.9465074444499,40.8106293074655],[-73.9463873501161,40.8105787887083]]]},"properties":{"Borough":"MN","Block":1912,"Lot":60,"Address":"166 WEST 128 STREET","ZipCode":10027,"LandUse":"11","BldgClass":"V1","OwnerName":"FAMOUS INDUSTRIES INC","LotArea":3747,"LotFront":37.5,"LotDepth":99.92,"BuiltFAR":0,"FacilFAR":6.5,"NumBldgs":0,"YearBuilt":0,"BBL":1019120060,"ZoneDist1":"R7-2"}},{"type":"Feature","geometry":{"type":"Polygon","coordinates":[[[-73.9465074444499,40.8106293074655],[-73.9465619567244,40.810554332987],[-73.9467990642149,40.8106539359254],[-73.9467444737536,40.8107290177296],[-73.9465074444499,40.8106293074655]]]},"properties":{"Borough":"MN","Block":1912,"Lot":61,"Address":"2159 ADAM C POWELL BLVD","ZipCode":10027,"LandUse":"11","BldgClass":"V1","OwnerName":"FAMOUS INDUSTRIES INC","LotArea":2319,"LotFront":30.92,"LotDepth":75,"BuiltFAR":0,"FacilFAR":6.5,"NumBldgs":0,"YearBuilt":0,"BBL":1019120061,"ZoneDist1":"R7-2"}},{"type":"Feature","geometry":{"type":"Polygon","coordinates":[[[-73.9411990425862,40.8121500343243],[-73.9413383415547,40.8119592159673],[-73.9413727390478,40.8119116457835],[-73.9415518368341,40.8119871668832],[-73.9415174382198,40.8120347362829],[-73.9413781397153,40.8122255566942],[-73.9411990425862,40.8121500343243]]]},"properties":{"Borough":"MN","Block":1730,"Lot":7,"Address":"73 WEST 132 STREET","ZipCode":10037,"LandUse":"11","BldgClass":"V1","OwnerName":"73-77 WEST 132ND STREET HOLDINGS, LLC","LotArea":5620,"LotFront":56.25,"LotDepth":99.92,"BuiltFAR":0,"FacilFAR":6.5,"NumBldgs":1,"YearBuilt":0,"BBL":1017300007,"ZoneDist1":"R7-2"}},{"type":"Feature","geometry":{"type":"Polygon","coordinates":[[[-73.9454088111239,40.8109916904647],[-73.9455913783661,40.8107432114207],[-73.9456323018417,40.8107604266494],[-73.9454497489272,40.8110088860211],[-73.9454088111239,40.8109916904647]]]},"properties":{"Borough":"MN","Block":1913,"Lot":53,"Address":"144 WEST 129 STREET","ZipCode":10027,"LandUse":"11","BldgClass":"V1","OwnerName":"AMOS FINANCIAL LLC","LotArea":1249,"LotFront":12.5,"LotDepth":99.92,"BuiltFAR":0,"FacilFAR":6.5,"NumBldgs":0,"YearBuilt":0,"BBL":1019130053,"ZoneDist1":"R7-2"}},{"type":"Feature","geometry":{"type":"Polygon","coordinates":[[[-73.9445721004484,40.8108045478192],[-73.9446105724137,40.8108207779802],[-73.9444314007931,40.8110673985321],[-73.9443929014998,40.8110512042708],[-73.9445721004484,40.8108045478192]]]},"properties":{"Borough":"MN","Block":1914,"Lot":22,"Address":"WEST 129 STREET","ZipCode":10027,"LandUse":"11","BldgClass":"V1","OwnerName":"NYC DEPARTMENT OF CITYWIDE ADMINISTRATIVE SERVICES","LotArea":1249,"LotFront":12.5,"LotDepth":99.92,"BuiltFAR":0,"FacilFAR":6.5,"NumBldgs":0,"YearBuilt":0,"BBL":1019140022,"ZoneDist1":"R7-2"}},{"type":"Feature","geometry":{"type":"Polygon","coordinates":[[[-73.9444666763677,40.8114032003916],[-73.9446452756514,40.8111573683468],[-73.9446990396929,40.8111799840897],[-73.9445204394457,40.8114258170526],[-73.9444666763677,40.8114032003916]]]},"properties":{"Borough":"MN","Block":1914,"Lot":146,"Address":"132 WEST 130 STREET","ZipCode":10027,"LandUse":"11","BldgClass":"V1","OwnerName":"132W130 LLC","LotArea":1749,"LotFront":17.5,"LotDepth":99.92,"BuiltFAR":0,"FacilFAR":6.5,"NumBldgs":0,"YearBuilt":0,"BBL":1019140146,"ZoneDist1":"R7-2"}},{"type":"Feature","geometry":{"type":"Polygon","coordinates":[[[-73.9396065078292,40.8046745121265],[-73.9397003972122,40.8045459592605],[-73.9399215524068,40.8046391682479],[-73.9401503362156,40.8047355892765],[-73.9399701578956,40.8049879792964],[-73.9401965667304,40.8050831617508],[-73.9400189068049,40.8053320222095],[-73.9397792554467,40.8052312728243],[-73.9396212237601,40.8051648351188],[-73.9393359772923,40.8050449163825],[-73.9395162747352,40.804797164994],[-73.9396065078292,40.8046745121265]]]},"properties":{"Borough":"MN","Block":1749,"Lot":33,"Address":"1800 PARK AVENUE","ZipCode":10035,"LandUse":"11","BldgClass":"V1","OwnerName":"1800 PARK PROPERTY OWNER LLC","LotArea":36281,"LotFront":201.84,"LotDepth":215,"BuiltFAR":0,"FacilFAR":10,"NumBldgs":0,"YearBuilt":0,"BBL":1017490033,"ZoneDist1":"C4-7"}},{"type":"Feature","geometry":{"type":"Polygon","coordinates":[[[-73.9401965667304,40.8050831617508],[-73.9403594949095,40.805151656127],[-73.9401818341995,40.8054005169186],[-73.9400189068049,40.8053320222095],[-73.9401965667304,40.8050831617508]]]},"properties":{"Borough":"MN","Block":1749,"Lot":46,"Address":"62 EAST 125 STREET","ZipCode":10035,"LandUse":"11","BldgClass":"V1","OwnerName":"BRUKHA ASSETS LLC","LotArea":5046,"LotFront":50,"LotDepth":100.92,"BuiltFAR":0,"FacilFAR":6.5,"NumBldgs":1,"YearBuilt":0,"BBL":1017490046,"ZoneDist1":"C4-4D"}},{"type":"Feature","geometry":{"type":"Polygon","coordinates":[[[-73.9419337954476,40.8061370137861],[-73.9420693884419,40.8059526058303],[-73.9423370606778,40.8060653419751],[-73.9422015892286,40.8062495864141],[-73.9419337954476,40.8061370137861]]]},"properties":{"Borough":"MN","Block":1749,"Lot":69,"Address":"2015 5 AVENUE","ZipCode":10035,"LandUse":"11","BldgClass":"V1","OwnerName":"507-515-517 W. 171 ST. ASSOCIATES, LLC","LotArea":5914,"LotFront":73.92,"LotDepth":80,"BuiltFAR":0,"FacilFAR":4,"NumBldgs":0,"YearBuilt":0,"BBL":1017490069,"ZoneDist1":"C4-4A"}},{"type":"Feature","geometry":{"type":"Polygon","coordinates":[[[-73.9397924636033,40.8083020420698],[-73.9397834386397,40.8082982435714],[-73.9399644435317,40.8080506855652],[-73.9400276419127,40.8080772849931],[-73.9398466371834,40.8083248430137],[-73.9397924636033,40.8083020420698]]]},"properties":{"Borough":"MN","Block":1753,"Lot":108,"Address":"13 EAST 128 STREET","ZipCode":10035,"LandUse":"11","BldgClass":"V1","OwnerName":"128 STREET DEVELOPERS LLC","LotArea":1932,"LotFront":19.33,"LotDepth":99.92,"BuiltFAR":0,"FacilFAR":3,"NumBldgs":1,"YearBuilt":0,"BBL":1017530108,"ZoneDist1":"R7B"}},{"type":"Feature","geometry":{"type":"Polygon","coordinates":[[[-73.9377149815313,40.807749175171],[-73.9378951145315,40.8075028275403],[-73.9379454165759,40.8075240001216],[-73.9377652837037,40.8077703487501],[-73.9377149815313,40.807749175171]]]},"properties":{"Borough":"MN","Block":1753,"Lot":141,"Address":"66 EAST 129 STREET","ZipCode":10035,"LandUse":"11","BldgClass":"V1","OwnerName":"CHILDREN'S ETAL DBA","LotArea":1724,"LotFront":17.25,"LotDepth":99.92,"BuiltFAR":0,"FacilFAR":3,"NumBldgs":0,"YearBuilt":0,"BBL":1017530141,"ZoneDist1":"R7B"}},{"type":"Feature","geometry":{"type":"Polygon","coordinates":[[[-73.9376661380798,40.8082205732019],[-73.9374892086736,40.8084625367602],[-73.937437874249,40.8084409293995],[-73.9376148013609,40.808198965834],[-73.9376497504367,40.8082136754935],[-73.9376661380798,40.8082205732019]]]},"properties":{"Borough":"MN","Block":1754,"Lot":142,"Address":"64 EAST 130 STREET","ZipCode":10037,"LandUse":"11","BldgClass":"V1","OwnerName":"MS II TP4 HOUSING DEVELOPMENT FUND COMPA NY, INC.","LotArea":1665,"LotFront":16.67,"LotDepth":99.92,"BuiltFAR":0,"FacilFAR":3,"NumBldgs":0,"YearBuilt":0,"BBL":1017540142,"ZoneDist1":"R7B"}},{"type":"Feature","geometry":{"type":"Polygon","coordinates":[[[-73.9378170719709,40.809836439397],[-73.9378585919769,40.8097794665911],[-73.9381051552217,40.8098831474942],[-73.9380636342613,40.8099401204697],[-73.9378170719709,40.809836439397]]]},"properties":{"Borough":"MN","Block":1756,"Lot":16,"Address":"2086 MADISON AVENUE","ZipCode":10037,"LandUse":"11","BldgClass":"V1","OwnerName":"MADISON AVE HSG DEVEL FUND CORP","LotArea":1875,"LotFront":25,"LotDepth":75,"BuiltFAR":0,"FacilFAR":4,"NumBldgs":0,"YearBuilt":0,"BBL":1017560016,"ZoneDist1":"R7A"}},{"type":"Feature","geometry":{"type":"Polygon","coordinates":[[[-73.937319708873,40.8033733184866],[-73.9375006204715,40.8031209536869],[-73.9375597228494,40.8031458791665],[-73.9375650167794,40.8031481116413],[-73.9373840555209,40.803400546788],[-73.937319708873,40.8033733184866]]]},"properties":{"Borough":"MN","Block":1772,"Lot":47,"Address":"162 EAST 124 STREET","ZipCode":10035,"LandUse":"11","BldgClass":"V1","OwnerName":"MAHONEY REALTY LLC","LotArea":2153,"LotFront":21.33,"LotDepth":100.92,"BuiltFAR":0,"FacilFAR":6.5,"NumBldgs":1,"YearBuilt":0,"BBL":1017720047,"ZoneDist1":"R7-2"}},{"type":"Feature","geometry":{"type":"Polygon","coordinates":[[[-73.9365031219315,40.7994985118168],[-73.9362214343335,40.7993796632378],[-73.9362670121949,40.7993166399754],[-73.9365440789323,40.799433538977],[-73.9365486997161,40.7994354884442],[-73.9365031219315,40.7994985118168]]]},"properties":{"Borough":"MN","Block":1784,"Lot":25,"Address":"2331 2 AVENUE","ZipCode":10035,"LandUse":"11","BldgClass":"V1","OwnerName":"METROPOLITAN TRANSPORTATION AUTHORITY","LotArea":2071,"LotFront":25.25,"LotDepth":82,"BuiltFAR":0,"FacilFAR":7.5,"NumBldgs":0,"YearBuilt":0,"BBL":1017840025,"ZoneDist1":"R9A"}},{"type":"Feature","geometry":{"type":"Polygon","coordinates":[[[-73.9361774617426,40.7994404676324],[-73.9362214343335,40.7993796632378],[-73.9365031219315,40.7994985118168],[-73.9364591495194,40.7995593163177],[-73.9361774617426,40.7994404676324]]]},"properties":{"Borough":"MN","Block":1784,"Lot":26,"Address":"2333 2 AVENUE","ZipCode":10035,"LandUse":"11","BldgClass":"V1","OwnerName":"METROPOLITAN TRANSPORTATION AUTHORITY ATTN: CHIEF REAL ESTATE TRANSACTIONS &","LotArea":2071,"LotFront":25.25,"LotDepth":82,"BuiltFAR":0,"FacilFAR":7.5,"NumBldgs":0,"YearBuilt":0,"BBL":1017840026,"ZoneDist1":"R9A"}},{"type":"Feature","geometry":{"type":"Polygon","coordinates":[[[-73.9361344394128,40.7994999569917],[-73.9361774617426,40.7994404676324],[-73.9364591495194,40.7995593163177],[-73.9364161274722,40.7996188066174],[-73.9361344394128,40.7994999569917]]]},"properties":{"Borough":"MN","Block":1784,"Lot":27,"Address":"2335 2 AVENUE","ZipCode":10035,"LandUse":"11","BldgClass":"V1","OwnerName":"METROPOLITAN TRANSPORTATION AUTHORITY ATTN: CHIEF REAL ESTATE TRANSACTIONS &","LotArea":2071,"LotFront":25.25,"LotDepth":82,"BuiltFAR":0,"FacilFAR":7.5,"NumBldgs":0,"YearBuilt":0,"BBL":1017840027,"ZoneDist1":"R9A"}},{"type":"Feature","geometry":{"type":"Polygon","coordinates":[[[-73.9364161274722,40.7996188066174],[-73.9363690602678,40.7996838903993],[-73.9360873709165,40.7995650405755],[-73.9361344394128,40.7994999569917],[-73.9364161274722,40.7996188066174]]]},"properties":{"Borough":"MN","Block":1784,"Lot":28,"Address":"2337 2 AVENUE","ZipCode":10035,"LandUse":"11","BldgClass":"V1","OwnerName":"METROPOLITAN TRANSPORTATION AUTHORITY ATTN: CHIEF REAL ESTATE TRANSACTIONS &","LotArea":2064,"LotFront":25.17,"LotDepth":82,"BuiltFAR":0,"FacilFAR":7.5,"NumBldgs":0,"YearBuilt":0,"BBL":1017840028,"ZoneDist1":"R9A"}},{"type":"Feature","geometry":{"type":"Polygon","coordinates":[[[-73.9356352488976,40.8001983986026],[-73.9356834925466,40.8001321351784],[-73.9359418969512,40.8002413332099],[-73.9358936712295,40.8003075705647],[-73.9356352488976,40.8001983986026]]]},"properties":{"Borough":"MN","Block":1785,"Lot":29,"Address":"2357 2 AVENUE","ZipCode":10035,"LandUse":"11","BldgClass":"V1","OwnerName":"ODYSSEY HOUSE INC","LotArea":2013,"LotFront":25.17,"LotDepth":80,"BuiltFAR":0,"FacilFAR":7.5,"NumBldgs":0,"YearBuilt":0,"BBL":1017850029,"ZoneDist1":"R9A"}},{"type":"Feature","geometry":{"type":"Polygon","coordinates":[[[-73.9356774518683,40.800471347322],[-73.9356409322418,40.8005218657129],[-73.9354571789623,40.8004442785738],[-73.9354936975852,40.8003937584822],[-73.9356774518683,40.800471347322]]]},"properties":{"Borough":"MN","Block":1786,"Lot":23,"Address":"2 AVENUE","ZipCode":10035,"LandUse":"11","BldgClass":"V1","OwnerName":"SECOND AVENUE TYH LLC","LotArea":1078,"LotFront":20,"LotDepth":53.92,"BuiltFAR":0,"FacilFAR":7.5,"NumBldgs":0,"YearBuilt":0,"BBL":1017860023,"ZoneDist1":"R9A"}},{"type":"Feature","geometry":{"type":"Polygon","coordinates":[[[-73.9354571789623,40.8004442785738],[-73.9356409322418,40.8005218657129],[-73.9356061520133,40.8005699806898],[-73.9354223974299,40.8004923925739],[-73.9354571789623,40.8004442785738]]]},"properties":{"Borough":"MN","Block":1786,"Lot":123,"Address":"2365 2 AVENUE","ZipCode":10035,"LandUse":"11","BldgClass":"V1","OwnerName":"SECOND AVENUE TYH LLC","LotArea":1078,"LotFront":20,"LotDepth":53.92,"BuiltFAR":0,"FacilFAR":7.5,"NumBldgs":0,"YearBuilt":0,"BBL":1017860123,"ZoneDist1":"R9A"}},{"type":"Feature","geometry":{"type":"Polygon","coordinates":[[[-73.9349280012033,40.8020389438065],[-73.9348672638939,40.8020132623618],[-73.9350496855295,40.8017638180698],[-73.9351315904637,40.8017984505145],[-73.9349491701415,40.8020478940978],[-73.9349280012033,40.8020389438065]]]},"properties":{"Borough":"MN","Block":1788,"Lot":19,"Address":"245 EAST 123 STREET","ZipCode":10035,"LandUse":"11","BldgClass":"V1","OwnerName":"245 EAST 123RD STREET LLC","LotArea":2725,"LotFront":27,"LotDepth":100.92,"BuiltFAR":0,"FacilFAR":3,"NumBldgs":0,"YearBuilt":0,"BBL":1017880019,"ZoneDist1":"R7B"}},{"type":"Feature","geometry":{"type":"Polygon","coordinates":[[[-73.9536035103379,40.8082678976028],[-73.9537855858871,40.8080138590932],[-73.9538655012751,40.8080475526169],[-73.953683495924,40.8083014939829],[-73.9536035103379,40.8082678976028]]]},"properties":{"Borough":"MN","Block":1948,"Lot":24,"Address":"311 WEST 121 STREET","ZipCode":10027,"LandUse":"11","BldgClass":"V1","OwnerName":"JENCO 121 LLC","LotArea":2523,"LotFront":25,"LotDepth":100.92,"BuiltFAR":0,"FacilFAR":4,"NumBldgs":0,"YearBuilt":0,"BBL":1019480024,"ZoneDist1":"R7A"}},{"type":"Feature","geometry":{"type":"Polygon","coordinates":[[[-73.9524975722972,40.8091187296384],[-73.9525506027651,40.8091411495106],[-73.9524621064949,40.8092614141972],[-73.9524090747507,40.8092389933654],[-73.9524975722972,40.8091187296384]]]},"properties":{"Borough":"MN","Block":1950,"Lot":128,"Address":"WEST 123 STREET","ZipCode":10027,"LandUse":"11","BldgClass":"V1","OwnerName":"258 SAINT NICHOLAS AVENUE,","LotArea":836,"LotFront":16.67,"LotDepth":50.17,"BuiltFAR":0,"FacilFAR":6.5,"NumBldgs":0,"YearBuilt":0,"BBL":1019500128,"ZoneDist1":"C4-4D"}},{"type":"Feature","geometry":{"type":"Polygon","coordinates":[[[-73.9358203851861,40.7986233495437],[-73.9359988497914,40.7983795880082],[-73.9360570140059,40.7984041283389],[-73.9358785519702,40.7986478908025],[-73.9358203851861,40.7986233495437]]]},"properties":{"Borough":"MN","Block":1795,"Lot":49,"Address":"308 EAST 119 STREET","ZipCode":10035,"LandUse":"11","BldgClass":"V1","OwnerName":"308 EAST 119TH STREET LLC","LotArea":2018,"LotFront":20,"LotDepth":100.92,"BuiltFAR":0,"FacilFAR":4,"NumBldgs":0,"YearBuilt":0,"BBL":1017950049,"ZoneDist1":"R7A"}},{"type":"Feature","geometry":{"type":"Polygon","coordinates":[[[-73.935456501739,40.7978293782778],[-73.9352767409381,40.7980749122677],[-73.9352259021128,40.7980534616906],[-73.9354056618308,40.7978079278623],[-73.935456501739,40.7978293782778]]]},"properties":{"Borough":"MN","Block":1795,"Lot":116,"Address":"EAST 118 STREET","ZipCode":10035,"LandUse":"11","BldgClass":"V1","OwnerName":"FOUNDATION DR GEORGINA FALU, INC.","LotArea":1682,"LotFront":16.67,"LotDepth":100.92,"BuiltFAR":0,"FacilFAR":4,"NumBldgs":0,"YearBuilt":0,"BBL":1017950116,"ZoneDist1":"R7A"}},{"type":"Feature","geometry":{"type":"Polygon","coordinates":[[[-73.9516972379867,40.8108991166102],[-73.9518406633309,40.8109599953494],[-73.9516833300692,40.8111826856958],[-73.9515399043897,40.8111218059267],[-73.9516972379867,40.8108991166102]]]},"properties":{"Borough":"MN","Block":1952,"Lot":41,"Address":"WEST 126 STREET","ZipCode":10027,"LandUse":"11","BldgClass":"V1","OwnerName":"313-315 WEST 125TH STREET L.L.C.","LotArea":4162,"LotFront":46.33,"LotDepth":89.83,"BuiltFAR":0,"FacilFAR":6.5,"NumBldgs":0,"YearBuilt":0,"BBL":1019520041,"ZoneDist1":"C4-4D"}},{"type":"Feature","geometry":{"type":"Polygon","coordinates":[[[-73.9332934961724,40.7980630611945],[-73.9332286482981,40.798035620559],[-73.9331700911352,40.7980108418151],[-73.9331102903435,40.7979855372716],[-73.9330530811445,40.7979613292226],[-73.9332348406098,40.7977122077603],[-73.9335085144788,40.7978280117562],[-73.9333295561027,40.7980732964645],[-73.9332962965567,40.7980592221741],[-73.9332934961724,40.7980630611945]]]},"properties":{"Borough":"MN","Block":1807,"Lot":5,"Address":"EAST 119 STREET","ZipCode":10035,"LandUse":"11","BldgClass":"V1","OwnerName":"MALU PROPERTIES INC","LotArea":8569,"LotFront":85,"LotDepth":100.92,"BuiltFAR":0,"FacilFAR":6.5,"NumBldgs":2,"YearBuilt":0,"BBL":1018070005,"ZoneDist1":"R7-2"}},{"type":"Feature","geometry":{"type":"Polygon","coordinates":[[[-73.9320264548431,40.7975269027108],[-73.9320010616076,40.7975161573124],[-73.9319100221649,40.7974776324077],[-73.9320541300143,40.797280121684],[-73.9320917845854,40.7972285128125],[-73.9322082168522,40.7972777828501],[-73.9320264548431,40.7975269027108]]]},"properties":{"Borough":"MN","Block":1807,"Lot":122,"Address":"451 EAST 119 STREET","ZipCode":10035,"LandUse":"11","BldgClass":"V1","OwnerName":"HOLY ROSARY CHURCH","LotArea":3835,"LotFront":38,"LotDepth":100.92,"BuiltFAR":0,"FacilFAR":4,"NumBldgs":0,"YearBuilt":0,"BBL":1018070122,"ZoneDist1":"R7A"}},{"type":"Feature","geometry":{"type":"Polygon","coordinates":[[[-73.9328317962319,40.7984050551027],[-73.9328668888595,40.7983570734777],[-73.9333556074514,40.7985610465414],[-73.9333205162785,40.798609029152],[-73.9328317962319,40.7984050551027]]]},"properties":{"Borough":"MN","Block":1808,"Lot":109,"Address":"EAST 120 STREET","ZipCode":10035,"LandUse":"11","BldgClass":"V9","OwnerName":"ACACIA NETWORK","LotArea":3068,"LotFront":153.4,"LotDepth":20,"BuiltFAR":0,"FacilFAR":5,"NumBldgs":0,"YearBuilt":0,"BBL":1018080109,"ZoneDist1":"R7X"}},{"type":"Feature","geometry":{"type":"Polygon","coordinates":[[[-73.9534303649503,40.8009954615963],[-73.9533698345595,40.8009699943619],[-73.9535510778109,40.80072318938],[-73.9536116068336,40.8007486573561],[-73.9534303649503,40.8009954615963]]]},"properties":{"Borough":"MN","Block":1822,"Lot":59,"Address":"144 WEST 113 STREET","ZipCode":10026,"LandUse":"11","BldgClass":"V1","OwnerName":"GATEWAY PROPERTIES L.P.,","LotArea":2044,"LotFront":20.25,"LotDepth":100.92,"BuiltFAR":0,"FacilFAR":6.5,"NumBldgs":0,"YearBuilt":0,"BBL":1018220059,"ZoneDist1":"R7-2"}},{"type":"Feature","geometry":{"type":"Polygon","coordinates":[[[-73.9508140542591,40.803306674052],[-73.9507698181069,40.8032880562569],[-73.9509511317862,40.8030396408509],[-73.9509953690348,40.8030582585777],[-73.9508140542591,40.803306674052]]]},"properties":{"Borough":"MN","Block":1901,"Lot":150,"Address":"WEST 117 STREET","ZipCode":10026,"LandUse":"11","BldgClass":"V1","OwnerName":"MALCOLM SHABAZZ GARDENS HOMEOWNERS ASSOC . INC.","LotArea":1497,"LotFront":14.83,"LotDepth":100.92,"BuiltFAR":0,"FacilFAR":6.5,"NumBldgs":0,"YearBuilt":0,"BBL":1019010150,"ZoneDist1":"R7-2"}},{"type":"Feature","geometry":{"type":"Polygon","coordinates":[[[-73.9491706928857,40.8068903577799],[-73.9489866627777,40.8071412616694],[-73.9489482038422,40.8071250725341],[-73.9489292147665,40.8071170785012],[-73.949113245022,40.806866177464],[-73.9491706928857,40.8068903577799]]]},"properties":{"Borough":"MN","Block":1907,"Lot":5,"Address":"WEST 122 STREET","ZipCode":10027,"LandUse":"11","BldgClass":"V1","OwnerName":"163W122 LLC","LotArea":1875,"LotFront":18.58,"LotDepth":100.92,"BuiltFAR":0,"FacilFAR":6.5,"NumBldgs":0,"YearBuilt":0,"BBL":1019070005,"ZoneDist1":"R7-2"}},{"type":"Feature","geometry":{"type":"Polygon","coordinates":[[[-73.9465619567244,40.810554332987],[-73.9465951465015,40.8105086859298],[-73.9468322526671,40.8106082878787],[-73.9467990642149,40.8106539359254],[-73.9465619567244,40.810554332987]]]},"properties":{"Borough":"MN","Block":1912,"Lot":62,"Address":"2157 ADAM C POWELL BLVD","ZipCode":10027,"LandUse":"11","BldgClass":"V1","OwnerName":"FAMOUS INDUSTRIES INC","LotArea":1425,"LotFront":19,"LotDepth":75,"BuiltFAR":0,"FacilFAR":6.5,"NumBldgs":0,"YearBuilt":0,"BBL":1019120062,"ZoneDist1":"R7-2"}},{"type":"Feature","geometry":{"type":"Polygon","coordinates":[[[-73.9454088111239,40.8109916904647],[-73.9453336106791,40.8109601050605],[-73.9455162053421,40.8107115882487],[-73.9455913783661,40.8107432114207],[-73.9454088111239,40.8109916904647]]]},"properties":{"Borough":"MN","Block":1913,"Lot":52,"Address":"WEST 129 STREET","ZipCode":10027,"LandUse":"11","BldgClass":"V1","OwnerName":"HCCI CENTRAL HARLEM APARTMENTS HDFC","LotArea":2548,"LotFront":25.5,"LotDepth":99.92,"BuiltFAR":0,"FacilFAR":6.5,"NumBldgs":0,"YearBuilt":0,"BBL":1019130052,"ZoneDist1":"R7-2"}},{"type":"Feature","geometry":{"type":"Polygon","coordinates":[[[-73.9451628934448,40.8121901706566],[-73.9450819680753,40.8121561104068],[-73.9450050544688,40.8121237369104],[-73.9449232512202,40.8120893060211],[-73.9448428663294,40.8120554709879],[-73.9450224760031,40.8118121811085],[-73.9454227273897,40.811980649054],[-73.945243122359,40.8122239396357],[-73.9451628934448,40.8121901706566]]]},"properties":{"Borough":"MN","Block":1915,"Lot":6,"Address":"WEST 130 STREET","ZipCode":10027,"LandUse":"11","BldgClass":"V1","OwnerName":"FRIENDSHIP BAPTIST CH","LotArea":12490,"LotFront":125,"LotDepth":99.92,"BuiltFAR":0,"FacilFAR":6.5,"NumBldgs":0,"YearBuilt":0,"BBL":1019150006,"ZoneDist1":"R7-2"}},{"type":"Feature","geometry":{"type":"Polygon","coordinates":[[[-73.9444256987813,40.8122086740741],[-73.9446109072817,40.8119578367839],[-73.9446276258988,40.8119648741209],[-73.9446831323436,40.811988238117],[-73.9447101432056,40.8119996063196],[-73.9445250073892,40.8122503447495],[-73.9444256987813,40.8122086740741]]]},"properties":{"Borough":"MN","Block":1915,"Lot":52,"Address":"142 WEST 131 STREET","ZipCode":10027,"LandUse":"11","BldgClass":"V1","OwnerName":"WEST 131 LLC","LotArea":3197,"LotFront":32,"LotDepth":99.92,"BuiltFAR":0,"FacilFAR":6.5,"NumBldgs":0,"YearBuilt":0,"BBL":1019150052,"ZoneDist1":"R7-2"}},{"type":"Feature","geometry":{"type":"Polygon","coordinates":[[[-73.9536467413572,40.8101322820017],[-73.9537982209006,40.8099240170787],[-73.9538462015833,40.8099443010968],[-73.9538995257393,40.8099668439441],[-73.9538643886394,40.8100151559563],[-73.95387227965,40.8100184910149],[-73.9537242321333,40.8102220396912],[-73.9536467413572,40.8101322820017]]]},"properties":{"Borough":"MN","Block":1950,"Lot":55,"Address":"4 HANCOCK PLACE","ZipCode":10027,"LandUse":"11","BldgClass":"V1","OwnerName":"NATIONAL ACTION NETWORK, INC.","LotArea":3051,"LotFront":39.42,"LotDepth":83.58,"BuiltFAR":0,"FacilFAR":6.5,"NumBldgs":0,"YearBuilt":0,"BBL":1019500055,"ZoneDist1":"C4-4D"}},{"type":"Feature","geometry":{"type":"Polygon","coordinates":[[[-73.9531939608009,40.8116590652577],[-73.9535222462923,40.8117984284922],[-73.9534326709912,40.8119252185304],[-73.9531043862731,40.8117858549591],[-73.9531939608009,40.8116590652577]]]},"properties":{"Borough":"MN","Block":1952,"Lot":61,"Address":" MORNINGSIDE AVENUE","ZipCode":10027,"LandUse":"11","BldgClass":"V8","OwnerName":"UNITED STATES POSTAL SERVICE","LotArea":4992,"LotFront":49.92,"LotDepth":100,"BuiltFAR":0,"FacilFAR":6.5,"NumBldgs":0,"YearBuilt":0,"BBL":1019520061,"ZoneDist1":"C4-4D"}},{"type":"Feature","geometry":{"type":"Polygon","coordinates":[[[-73.951327713031,40.8115291755939],[-73.9515063452794,40.8112849241517],[-73.9515576070764,40.8113065252882],[-73.9514248476137,40.8114880539132],[-73.9513950183569,40.811528840152],[-73.9513789748472,40.8115507776453],[-73.951327713031,40.8115291755939]]]},"properties":{"Borough":"MN","Block":1953,"Lot":123,"Address":"WEST 126 STREET","ZipCode":10027,"LandUse":"11","BldgClass":"V1","OwnerName":"319 W 126 LLC","LotArea":1665,"LotFront":16.67,"LotDepth":99.92,"BuiltFAR":0,"FacilFAR":6.5,"NumBldgs":0,"YearBuilt":0,"BBL":1019530123,"ZoneDist1":"R8"}},{"type":"Feature","geometry":{"type":"Polygon","coordinates":[[[-73.9321224965408,40.81078211292],[-73.932165249315,40.8107488691885],[-73.9324065660376,40.8105612255581],[-73.9324807340683,40.8105035551951],[-73.932484735576,40.8103559461435],[-73.9324979668572,40.8102064180766],[-73.9325075099299,40.8101444234681],[-73.9325179875585,40.8100140212388],[-73.9324448791524,40.8100290176155],[-73.9322465962286,40.8100696866186],[-73.9321288099554,40.809979140672],[-73.9323456353412,40.8098247778118],[-73.9325332681607,40.8096783640902],[-73.9324557551657,40.8096206129916],[-73.9324868252123,40.8095952001672],[-73.9324113454358,40.8090993074138],[-73.9323153875555,40.8090262809954],[-73.9323365734286,40.8090110975435],[-73.9323809056696,40.8089793260509],[-73.9323791557814,40.8089729224891],[-73.9323703649774,40.8089407659516],[-73.9324135036428,40.8089077790114],[-73.9321247872125,40.8084626767438],[-73.9320813543431,40.8084786557051],[-73.9318283418253,40.8080706112035],[-73.9318619639793,40.808058150188],[-73.9318707905409,40.8080539429026],[-73.9319198094231,40.8081043482747],[-73.9320646428666,40.8082820930117],[-73.9321836384045,40.8084401798151],[-73.9322408807228,40.8085264821806],[-73.9323172198683,40.8086264607335],[-73.9323441502214,40.8086751628635],[-73.9324069890739,40.8087862365356],[-73.9324170876957,40.8088037544537],[-73.9324372808842,40.8088451918976],[-73.9324518574547,40.8088810727386],[-73.932454097881,40.8088887625154],[-73.9324540900806,40.8088964491335],[-73.9324535172913,40.8089084083222],[-73.9324506949379,40.8089195097726],[-73.9324473170224,40.8089254870961],[-73.9324405628876,40.8089335966742],[-73.932409063823,40.8089570676707],[-73.9323854363902,40.8089758445468],[-73.9323798115552,40.8089818205492],[-73.9323749309715,40.8089912126343],[-73.9323809161912,40.8090003993491],[-73.9323955175976,40.8090117245142],[-73.9324303393749,40.8090390768603],[-73.9324640373258,40.8090655739574],[-73.9324881832707,40.8090869434068],[-73.9324943592022,40.8090950596385],[-73.932496598971,40.8091023225832],[-73.9324976898025,40.8091356343729],[-73.932499927754,40.8091458852106],[-73.9325413787679,40.8092859882884],[-73.9325452944501,40.8093047803886],[-73.9325548115464,40.809343224589],[-73.9325648691924,40.8094013098955],[-73.9325715542225,40.809460251406],[-73.9325737439768,40.809519188529],[-73.9325736937927,40.8095687276396],[-73.9325725344519,40.8096028918537],[-73.9325680067954,40.809633638453],[-73.9325601083701,40.8096633863636],[-73.9325556023693,40.8096703598303],[-73.9325421009601,40.8096831642777],[-73.9325117248998,40.8097079173671],[-73.9324746008698,40.80973351932],[-73.9324374784358,40.809757413857],[-73.9323576034828,40.809816301943],[-73.9323114795767,40.8098495861027],[-73.9322721030162,40.809880311388],[-73.9322518563803,40.8098922590162],[-73.932238353767,40.8099050615868],[-73.9322158568829,40.809917862466],[-73.9322428064732,40.8099469184757],[-73.9322630218331,40.809965720998],[-73.9323012178179,40.8099922207811],[-73.9323259293942,40.8100101732762],[-73.9323416571797,40.810021286529],[-73.9323506514557,40.8100212918067],[-73.9323922516926,40.8100136286671],[-73.9324529736403,40.8099965808506],[-73.9324687153086,40.8099940272511],[-73.9324878336215,40.8099854972466],[-73.9325035727972,40.8099855064618],[-73.9325552760771,40.8099923696803],[-73.9325822550846,40.8099949501205],[-73.9325946174531,40.8099975192495],[-73.9326137260675,40.810000945979],[-73.9326564302594,40.8100137832775],[-73.9327058775392,40.810028332652],[-73.9327272309799,40.8100351780736],[-73.9327463312575,40.8100445850829],[-73.9327541956207,40.8100497125504],[-73.9327609343828,40.8100556957822],[-73.9328058472391,40.810107825678],[-73.9328249403776,40.8101266284509],[-73.9328328030307,40.8101334659931],[-73.9328518990446,40.8101471422026],[-73.9328608830804,40.8101561154648],[-73.9328664949653,40.8101642349445],[-73.9328687396303,40.8101702137129],[-73.9328709786975,40.8101770480616],[-73.9328720895427,40.8101907173074],[-73.9328720593934,40.8102206111166],[-73.93287406584,40.810274359485],[-73.9328685049326,40.8103912284387],[-73.9328307488619,40.8104203230792],[-73.9328202257617,40.8104284314032],[-73.9324447561776,40.8107177644488],[-73.9322676037863,40.8108542741264],[-73.9321796163104,40.8109220749805],[-73.9320590612567,40.8108314390854],[-73.9321224965408,40.81078211292]]]},"properties":{"Borough":"BX","Block":2319,"Lot":200,"Address":"2391 3 AVENUE","ZipCode":10451,"LandUse":"11","BldgClass":"V1","OwnerName":"CITY OF NEW YORK","LotArea":85900,"LotFront":56,"LotDepth":655,"BuiltFAR":0,"FacilFAR":6.5,"NumBldgs":0,"YearBuilt":0,"BBL":2023190200,"ZoneDist1":"M1-3/R8"}},{"type":"Feature","geometry":{"type":"Polygon","coordinates":[[[-73.948615328044,40.8014448676951],[-73.948799851631,40.8011915646238],[-73.9488425457983,40.8012095619961],[-73.9490265138657,40.8009570066403],[-73.949338194041,40.8010883971982],[-73.9491542350445,40.8013409575663],[-73.9489697100795,40.8015942603615],[-73.9488528477726,40.8015449971528],[-73.9487340878189,40.8014949325265],[-73.948615328044,40.8014448676951]]]},"properties":{"Borough":"MN","Block":1599,"Lot":9,"Address":"52 WEST 116TH STREET","ZipCode":10026,"LandUse":"11","BldgClass":"V1","OwnerName":"HP MALCOLM SHABAZZ HDFC, INC.","LotArea":21444,"LotFront":100,"LotDepth":2018.3,"BuiltFAR":0,"FacilFAR":5,"NumBldgs":1,"YearBuilt":0,"BBL":1015990009,"ZoneDist1":"C4-5X"}},{"type":"Feature","geometry":{"type":"Polygon","coordinates":[[[-73.9512632082925,40.791416640419],[-73.9513323770364,40.7914457864432],[-73.9511513704154,40.7916952944432],[-73.9510821967589,40.7916661464681],[-73.9512632082925,40.791416640419]]]},"properties":{"Borough":"MN","Block":1608,"Lot":56,"Address":"1514 MADISON AVENUE","ZipCode":10029,"LandUse":"11","BldgClass":"V1","OwnerName":"THE MOUNT SINAI HOSPITAL","LotArea":2018,"LotFront":20,"LotDepth":100.92,"BuiltFAR":0,"FacilFAR":6.5,"NumBldgs":0,"YearBuilt":0,"BBL":1016080056,"ZoneDist1":"R7-2"}},{"type":"Feature","geometry":{"type":"Polygon","coordinates":[[[-73.951414399752,40.7914803497841],[-73.9514988354488,40.7915159281193],[-73.95131868088,40.7917657951354],[-73.9512334029182,40.7917298615122],[-73.951414399752,40.7914803497841]]]},"properties":{"Borough":"MN","Block":1608,"Lot":58,"Address":"22 EAST 103 STREET","ZipCode":10029,"LandUse":"11","BldgClass":"V1","OwnerName":"THE MOUNT SINAI HOSPITAL","LotArea":2523,"LotFront":25,"LotDepth":100.92,"BuiltFAR":0,"FacilFAR":6.5,"NumBldgs":0,"YearBuilt":0,"BBL":1016080058,"ZoneDist1":"R7-2"}},{"type":"Feature","geometry":{"type":"Polygon","coordinates":[[[-73.9435220863692,40.7998303477847],[-73.9432304292039,40.7997079166982],[-73.9432745920325,40.7996473744112],[-73.9435662490162,40.7997698045507],[-73.9435220863692,40.7998303477847]]]},"properties":{"Borough":"MN","Block":1622,"Lot":35,"Address":"1644 PARK AVENUE","ZipCode":10035,"LandUse":"11","BldgClass":"V1","OwnerName":"SPANISH CHRISTIAN CHURCH","LotArea":2273,"LotFront":25.25,"LotDepth":90,"BuiltFAR":0,"FacilFAR":10,"NumBldgs":1,"YearBuilt":0,"BBL":1016220035,"ZoneDist1":"R9"}},{"type":"Feature","geometry":{"type":"Polygon","coordinates":[[[-73.946763041022,40.7900166852277],[-73.9465818481583,40.7902646353956],[-73.9465424543596,40.7902480226626],[-73.9464902866528,40.7902260235875],[-73.9466715508286,40.7899779745417],[-73.946763041022,40.7900166852277]]]},"properties":{"Borough":"MN","Block":1631,"Lot":30,"Address":"163 EAST 103 STREET","ZipCode":10029,"LandUse":"11","BldgClass":"V1","OwnerName":"PEOPLES BAPTIST CHRCH IN","LotArea":3028,"LotFront":30,"LotDepth":100.92,"BuiltFAR":0,"FacilFAR":3,"NumBldgs":2,"YearBuilt":0,"BBL":1016310030,"ZoneDist1":"R7B"}},{"type":"Feature","geometry":{"type":"Polygon","coordinates":[[[-73.9469350156116,40.7915617294938],[-73.9472971882836,40.7910632586532],[-73.9474729415638,40.791137418614],[-73.9471103373735,40.791635815932],[-73.9469350156116,40.7915617294938]]]},"properties":{"Borough":"MN","Block":1632,"Lot":15,"Address":"1650 LEXINGTON AVENUE","ZipCode":10029,"LandUse":"11","BldgClass":"V5","OwnerName":"NYC DEPARTMENT OF EDUCATION","LotArea":11101,"LotFront":201.83,"LotDepth":55,"BuiltFAR":0,"FacilFAR":4.66,"NumBldgs":0,"YearBuilt":0,"BBL":1016320015,"ZoneDist1":"R7D"}},{"type":"Feature","geometry":{"type":"Polygon","coordinates":[[[-73.9444627960773,40.7931070332113],[-73.9444072711866,40.7930835754073],[-73.9445871932579,40.7928367826505],[-73.9446427439706,40.792860258368],[-73.9444627960773,40.7931070332113]]]},"properties":{"Borough":"MN","Block":1635,"Lot":43,"Address":"174 EAST 108 STREET","ZipCode":10029,"LandUse":"11","BldgClass":"V1","OwnerName":"NYC HOUSING PRESERVATION AND DEVELOPMENT","LotArea":1716,"LotFront":17,"LotDepth":100.92,"BuiltFAR":0,"FacilFAR":4,"NumBldgs":0,"YearBuilt":0,"BBL":1016350043,"ZoneDist1":"R7A"}},{"type":"Feature","geometry":{"type":"Polygon","coordinates":[[[-73.9451714256259,40.7930836856801],[-73.9452302897351,40.7931085629831],[-73.9452002454052,40.793149767354],[-73.9451843133371,40.7931716140002],[-73.9451401543186,40.7931529634286],[-73.9450968871559,40.7932122984543],[-73.9450675409061,40.7931998971665],[-73.9450126855036,40.7932751258038],[-73.9450101661269,40.7932740611213],[-73.9449743767671,40.7933231420005],[-73.9448938321563,40.7932891177428],[-73.9450737350815,40.7930424016958],[-73.9451714256259,40.7930836856801]]]},"properties":{"Borough":"MN","Block":1635,"Lot":48,"Address":"156 EAST 108 STREET","ZipCode":10029,"LandUse":"11","BldgClass":"V1","OwnerName":"152-156 REALTY ASSOCIATES,","LotArea":3718,"LotFront":17,"LotDepth":100.92,"BuiltFAR":0,"FacilFAR":4,"NumBldgs":0,"YearBuilt":0,"BBL":1016350048,"ZoneDist1":"R7A"}},{"type":"Feature","geometry":{"type":"Polygon","coordinates":[[[-73.9450504026402,40.793355257696],[-73.9449743767671,40.7933231420005],[-73.9450101661269,40.7932740611213],[-73.9450126855036,40.7932751258038],[-73.9450675409061,40.7931998971665],[-73.9450968871559,40.7932122984543],[-73.9451401543186,40.7931529634286],[-73.9451843133371,40.7931716140002],[-73.9451725864994,40.7931876985841],[-73.9451410403598,40.7932309579917],[-73.9451122188481,40.7932704852959],[-73.9450828089265,40.7933108172833],[-73.9450504026402,40.793355257696]]]},"properties":{"Borough":"MN","Block":1635,"Lot":49,"Address":"152 EAST 108 STREET","ZipCode":10029,"LandUse":"11","BldgClass":"V1","OwnerName":"152-156 REALTY ASSOCIATES,","LotArea":1430,"LotFront":22.75,"LotDepth":73.5,"BuiltFAR":0,"FacilFAR":4.66,"NumBldgs":0,"YearBuilt":0,"BBL":1016350049,"ZoneDist1":"R7D"}},{"type":"Feature","geometry":{"type":"Polygon","coordinates":[[[-73.9454446134054,40.7931991370074],[-73.945414483885,40.793240306256],[-73.9452002454052,40.793149767354],[-73.9452302897351,40.7931085629831],[-73.9454446134054,40.7931991370074]]]},"properties":{"Borough":"MN","Block":1635,"Lot":52,"Address":"1723 LEXINGTON AVENUE","ZipCode":10029,"LandUse":"11","BldgClass":"V1","OwnerName":"LEXINGTON AVE VENTURE LLC","LotArea":1083,"LotFront":16.67,"LotDepth":65,"BuiltFAR":0,"FacilFAR":4.66,"NumBldgs":0,"YearBuilt":0,"BBL":1016350052,"ZoneDist1":"R7D"}},{"type":"Feature","geometry":{"type":"Polygon","coordinates":[[[-73.9450828089265,40.7933108172833],[-73.9452967185239,40.7934012167007],[-73.94526424249,40.7934455896258],[-73.9450504026402,40.793355257696],[-73.9450828089265,40.7933108172833]]]},"properties":{"Borough":"MN","Block":1635,"Lot":149,"Address":"1733 LEXINGTON AVENUE","ZipCode":10029,"LandUse":"11","BldgClass":"V1","OwnerName":"108 LEXINGTON OPERATING LLC","LotArea":1143,"LotFront":17.58,"LotDepth":65,"BuiltFAR":0,"FacilFAR":4.66,"NumBldgs":0,"YearBuilt":0,"BBL":1016350149,"ZoneDist1":"R7D"}},{"type":"Feature","geometry":{"type":"Polygon","coordinates":[[[-73.9447660678857,40.7965273176294],[-73.9449485440676,40.7962763950569],[-73.9449623199928,40.7962822206568],[-73.9451443467794,40.7960329661405],[-73.945303558291,40.7961002803829],[-73.9449384686536,40.7966002082386],[-73.9447660678857,40.7965273176294]]]},"properties":{"Borough":"MN","Block":1639,"Lot":1,"Address":"111 EAST 111 STREET","ZipCode":10029,"LandUse":"11","BldgClass":"V1","OwnerName":"NYC DEPARTMENT OF EDUCATION","LotArea":10147,"LotFront":47.88,"LotDepth":201.83,"BuiltFAR":0,"FacilFAR":6.5,"NumBldgs":0,"YearBuilt":0,"BBL":1016390001,"ZoneDist1":"R7-2"}},{"type":"Feature","geometry":{"type":"Polygon","coordinates":[[[-73.9438315857869,40.7958041373394],[-73.9440136807453,40.7955547927629],[-73.9441000835978,40.7955914562395],[-73.9439531148445,40.7957927025094],[-73.9440083871791,40.7958160712177],[-73.9439734473084,40.7958641166426],[-73.9439180612718,40.795840700093],[-73.9438315857869,40.7958041373394]]]},"properties":{"Borough":"MN","Block":1639,"Lot":17,"Address":"143 EAST 111 STREET","ZipCode":10029,"LandUse":"11","BldgClass":"V1","OwnerName":"NYC DEPARTMENT OF EDUCATION","LotArea":2882,"LotFront":25,"LotDepth":100.92,"BuiltFAR":0,"FacilFAR":4.66,"NumBldgs":0,"YearBuilt":0,"BBL":1016390017,"ZoneDist1":"R7D"}},{"type":"Feature","geometry":{"type":"Polygon","coordinates":[[[-73.9432540847492,40.7905043126896],[-73.9432370554355,40.7904971290711],[-73.9434163837756,40.7902514831351],[-73.9434716405818,40.7902747945578],[-73.943292311173,40.7905204396582],[-73.9432540847492,40.7905043126896]]]},"properties":{"Borough":"MN","Block":1655,"Lot":19,"Address":"249 EAST 105 STREET","ZipCode":10029,"LandUse":"11","BldgClass":"V1","OwnerName":"BFC 105TH STREET LLC","LotArea":1640,"LotFront":16.25,"LotDepth":100.92,"BuiltFAR":0,"FacilFAR":4,"NumBldgs":0,"YearBuilt":0,"BBL":1016550019,"ZoneDist1":"R7A"}},{"type":"Feature","geometry":{"type":"Polygon","coordinates":[[[-73.9429822242822,40.79014986378],[-73.9430277344606,40.7900875229824],[-73.9433361208115,40.7902176227193],[-73.9432930736638,40.7902763034035],[-73.9431918233901,40.7902333987431],[-73.9431872684059,40.7902396090614],[-73.9430710037916,40.7901903420261],[-73.9430588781949,40.7901822018127],[-73.9429822242822,40.79014986378]]]},"properties":{"Borough":"MN","Block":1655,"Lot":121,"Address":"2 AVENUE","ZipCode":10029,"LandUse":"11","BldgClass":"V1","OwnerName":"KAMELA PROPERTIES CORP","LotArea":2354,"LotFront":24.42,"LotDepth":94,"BuiltFAR":0,"FacilFAR":7.5,"NumBldgs":0,"YearBuilt":0,"BBL":1016550121,"ZoneDist1":"R9A"}},{"type":"Feature","geometry":{"type":"Polygon","coordinates":[[[-73.9392816273356,40.7981197984382],[-73.9392354410392,40.7981003557266],[-73.9394160760032,40.7978535193084],[-73.9395052785568,40.7978910692924],[-73.9393262598143,40.7981357004299],[-73.9392832432215,40.7981175921846],[-73.9392816273356,40.7981197984382]]]},"properties":{"Borough":"MN","Block":1666,"Lot":105,"Address":"205 EAST 116 STREET","ZipCode":10029,"LandUse":"11","BldgClass":"V1","OwnerName":"DLRMD REALTY CO","LotArea":3014,"LotFront":30,"LotDepth":100.92,"BuiltFAR":0,"FacilFAR":4.66,"NumBldgs":0,"YearBuilt":0,"BBL":1016660105,"ZoneDist1":"R7D"}},{"type":"Feature","geometry":{"type":"Polygon","coordinates":[[[-73.939529158199,40.7923491502721],[-73.9394520913745,40.7923165684122],[-73.9396328688347,40.7920682304097],[-73.9397099365606,40.7921008121506],[-73.939529158199,40.7923491502721]]]},"properties":{"Borough":"MN","Block":1681,"Lot":15,"Address":"329 EAST 109 STREET","ZipCode":10029,"LandUse":"11","BldgClass":"V1","OwnerName":"NYC DEPARTMENT OF HEALTH AND MENTAL HYGIENE","LotArea":2523,"LotFront":25,"LotDepth":100.92,"BuiltFAR":0,"FacilFAR":4,"NumBldgs":0,"YearBuilt":0,"BBL":1016810015,"ZoneDist1":"R7A"}},{"type":"Feature","geometry":{"type":"Polygon","coordinates":[[[-73.93493164301,40.7974283076097],[-73.9350228481666,40.7973036200367],[-73.9350704706149,40.7973236325445],[-73.9349792274883,40.7974483733409],[-73.93493164301,40.7974283076097]]]},"properties":{"Borough":"MN","Block":1689,"Lot":130,"Address":"312 EAST 118 STREET","ZipCode":10035,"LandUse":"11","BldgClass":"V1","OwnerName":"BRIJA FRANK","LotArea":832,"LotFront":16.5,"LotDepth":50.42,"BuiltFAR":0,"FacilFAR":5,"NumBldgs":0,"YearBuilt":0,"BBL":1016890130,"ZoneDist1":"R7X"}},{"type":"Feature","geometry":{"type":"Polygon","coordinates":[[[-73.9367353868328,40.789900532462],[-73.9362850653406,40.790535033137],[-73.9362562915168,40.7905231204958],[-73.9366730285647,40.7899531350894],[-73.9367162248694,40.7898924932119],[-73.9367353868328,40.789900532462]]]},"properties":{"Borough":"MN","Block":1702,"Lot":22,"Address":" F D R DRIVE","ZipCode":10029,"LandUse":"11","BldgClass":"V1","OwnerName":"NYC DEPARTMENT OF SMALL BUSINESS SERVICES","LotArea":80225,"LotFront":261.83,"LotDepth":304,"BuiltFAR":0,"FacilFAR":6.5,"NumBldgs":0,"YearBuilt":0,"BBL":1017020022,"ZoneDist1":"R7-2"}},{"type":"Feature","geometry":{"type":"Polygon","coordinates":[[[-73.9362850653406,40.790535033137],[-73.9358738701181,40.791087418196],[-73.9357898834139,40.7911496248893],[-73.9357787340657,40.7911447462597],[-73.9358318626324,40.7911036262021],[-73.9362562915168,40.7905231204958],[-73.9362850653406,40.790535033137]]]},"properties":{"Borough":"MN","Block":1703,"Lot":128,"Address":" F D R DRIVE","ZipCode":null,"LandUse":"11","BldgClass":"V1","OwnerName":"NYC DEPARTMENT OF SMALL BUSINESS SERVICES","LotArea":80900,"LotFront":262.92,"LotDepth":270,"BuiltFAR":0,"FacilFAR":6.5,"NumBldgs":0,"YearBuilt":0,"BBL":1017030128,"ZoneDist1":"R7-2"}},{"type":"Feature","geometry":{"type":"Polygon","coordinates":[[[-73.9357898834139,40.7911496248893],[-73.9355793192495,40.7913071850752],[-73.9353033565363,40.7915136800853],[-73.9352047210894,40.7915874864801],[-73.935166659844,40.7916159658935],[-73.9350842950969,40.7916756984144],[-73.9350795774235,40.7916738027913],[-73.9352712069485,40.7915367904003],[-73.9351970878596,40.791482083815],[-73.9354613899093,40.7912763830695],[-73.9355395411339,40.7913298750784],[-73.9357787340657,40.7911447462597],[-73.9357898834139,40.7911496248893]]]},"properties":{"Borough":"MN","Block":1704,"Lot":2,"Address":"1 AVENUE","ZipCode":null,"LandUse":"11","BldgClass":"V1","OwnerName":"NYC DEPARTMENT OF SMALL BUSINESS SERVICES","LotArea":73303,"LotFront":272,"LotDepth":268,"BuiltFAR":0,"FacilFAR":6.5,"NumBldgs":0,"YearBuilt":0,"BBL":1017040002,"ZoneDist1":"R7-2"}},{"type":"Feature","geometry":{"type":"Polygon","coordinates":[[[-73.9352582898494,40.7953944716569],[-73.9352122830177,40.7954567631322],[-73.9351682029967,40.7955164450773],[-73.9351242639863,40.7955759380128],[-73.935079368669,40.7956367235195],[-73.9350292598929,40.7957045705309],[-73.9349162083981,40.7956568675815],[-73.9351001453802,40.7954078235507],[-73.9350553161264,40.7953889067216],[-73.9352365763035,40.7951434864247],[-73.9353942535468,40.7952103784784],[-73.9352582898494,40.7953944716569]]]},"properties":{"Borough":"MN","Block":1709,"Lot":5,"Address":"408 EAST 116 STREET","ZipCode":10029,"LandUse":"11","BldgClass":"V1","OwnerName":"CAMI BROTHERS HARLEM LLC","LotArea":8805,"LotFront":37.25,"LotDepth":201.83,"BuiltFAR":0,"FacilFAR":3,"NumBldgs":0,"YearBuilt":0,"BBL":1017090005,"ZoneDist1":"R7B"}},{"type":"Feature","geometry":{"type":"Polygon","coordinates":[[[-73.9330559902833,40.7963209836687],[-73.9330662924345,40.7963253120886],[-73.9331151169743,40.7963458213703],[-73.9330760000469,40.7963989345165],[-73.9330559902833,40.7963209836687]]]},"properties":{"Borough":"MN","Block":1711,"Lot":125,"Address":"EAST 118 STREET","ZipCode":10035,"LandUse":"11","BldgClass":"V1","OwnerName":"UPPER E SIDE COM DEV CRP","LotArea":456,"LotFront":20.25,"LotDepth":22.5,"BuiltFAR":0,"FacilFAR":3,"NumBldgs":0,"YearBuilt":0,"BBL":1017110125,"ZoneDist1":"R7B"}},{"type":"Feature","geometry":{"type":"Polygon","coordinates":[[[-73.9327887632848,40.7932066269196],[-73.9327004478937,40.7932601200265],[-73.9310296463,40.7941694385223],[-73.9310023676945,40.7941580894224],[-73.9312340164345,40.7940328194878],[-73.9324934680857,40.7933476869409],[-73.9327613379931,40.7931951038008],[-73.9327887632848,40.7932066269196]]]},"properties":{"Borough":"MN","Block":1713,"Lot":38,"Address":" PLEASANT AVENUE","ZipCode":null,"LandUse":"11","BldgClass":"V1","OwnerName":"NYC DEPARTMENT OF SMALL BUSINESS SERVICES","LotArea":120525,"LotFront":601,"LotDepth":246,"BuiltFAR":0,"FacilFAR":6.5,"NumBldgs":0,"YearBuilt":0,"BBL":1017130038,"ZoneDist1":"R7-2"}},{"type":"Feature","geometry":{"type":"Polygon","coordinates":[[[-73.9322919364306,40.7954083379507],[-73.9323356162523,40.7953484650375],[-73.9326532761294,40.7954828399794],[-73.9326095798565,40.7955427391044],[-73.9322919364306,40.7954083379507]]]},"properties":{"Borough":"MN","Block":1715,"Lot":49,"Address":"316 PLEASANT AVENUE","ZipCode":10035,"LandUse":"11","BldgClass":"V1","OwnerName":"DARABUNDIT , SIVADOL","LotArea":2450,"LotFront":25,"LotDepth":98,"BuiltFAR":0,"FacilFAR":4,"NumBldgs":1,"YearBuilt":0,"BBL":1017150049,"ZoneDist1":"R7A"}},{"type":"Feature","geometry":{"type":"Polygon","coordinates":[[[-73.9310296463,40.7941694385223],[-73.9301948777612,40.7946223001415],[-73.9301429727936,40.7946938890581],[-73.9301235429234,40.7946858907213],[-73.9301848317097,40.7946001928744],[-73.9310023676945,40.7941580894224],[-73.9310296463,40.7941694385223]]]},"properties":{"Borough":"MN","Block":1715,"Lot":53,"Address":" F D R DRIVE","ZipCode":null,"LandUse":"11","BldgClass":"V1","OwnerName":"NYC DEPARTMENT OF SMALL BUSINESS SERVICES","LotArea":51800,"LotFront":308.83,"LotDepth":198,"BuiltFAR":0,"FacilFAR":0,"NumBldgs":0,"YearBuilt":0,"BBL":1017150053,"ZoneDist1":"M2-2"}},{"type":"Feature","geometry":{"type":"Polygon","coordinates":[[[-73.9301429727936,40.7946938890581],[-73.9300897223039,40.7947671503265],[-73.929884659979,40.7950492794745],[-73.9298704642702,40.7950688107817],[-73.9296827475292,40.7953270734245],[-73.9296671706502,40.7953208287748],[-73.9298111478296,40.79512270012],[-73.9298708013381,40.7950390313651],[-73.9300914110143,40.7947308195948],[-73.9301235429234,40.7946858907213],[-73.9301429727936,40.7946938890581]]]},"properties":{"Borough":"MN","Block":1716,"Lot":28,"Address":"561 EAST 117 STREET","ZipCode":null,"LandUse":"11","BldgClass":"V1","OwnerName":"NYC DEPARTMENT OF SMALL BUSINESS SERVICES","LotArea":45822,"LotFront":261.84,"LotDepth":175,"BuiltFAR":0,"FacilFAR":0,"NumBldgs":0,"YearBuilt":0,"BBL":1017160028,"ZoneDist1":"M2-2"}},{"type":"Feature","geometry":{"type":"Polygon","coordinates":[[[-73.9473430831473,40.8034820447933],[-73.9472942077596,40.8034613308046],[-73.9474722140194,40.8032163394399],[-73.9475211059231,40.8032370326983],[-73.9473430831473,40.8034820447933]]]},"properties":{"Borough":"MN","Block":1717,"Lot":62,"Address":"66 WEST 119 STREET","ZipCode":10026,"LandUse":"11","BldgClass":"V1","OwnerName":"68 WEST 119 STREET LLC","LotArea":1615,"LotFront":16,"LotDepth":100.92,"BuiltFAR":0,"FacilFAR":6.5,"NumBldgs":0,"YearBuilt":0,"BBL":1017170062,"ZoneDist1":"R7-2"}},{"type":"Feature","geometry":{"type":"Polygon","coordinates":[[[-73.9476218081704,40.802962841363],[-73.9474457570336,40.803205142284],[-73.9474209515949,40.8031946437614],[-73.9474045974474,40.8031877214306],[-73.9475806462649,40.8029454223271],[-73.9476218081704,40.802962841363]]]},"properties":{"Borough":"MN","Block":1717,"Lot":111,"Address":"WEST 118 STREET","ZipCode":10026,"LandUse":"11","BldgClass":"V1","OwnerName":"MALCOLM SHABAZZ GARDENS HOMEOWNERS ASSOC . INC.","LotArea":1345,"LotFront":13.33,"LotDepth":100.92,"BuiltFAR":0,"FacilFAR":6.5,"NumBldgs":0,"YearBuilt":0,"BBL":1017170111,"ZoneDist1":"R7-2"}},{"type":"Feature","geometry":{"type":"Polygon","coordinates":[[[-73.9469373316272,40.8029899593513],[-73.9468962729009,40.8029725815298],[-73.9470723254227,40.8027302815228],[-73.9471133828347,40.8027476592817],[-73.9469373316272,40.8029899593513]]]},"properties":{"Borough":"MN","Block":1717,"Lot":118,"Address":"WEST 118 STREET","ZipCode":10026,"LandUse":"11","BldgClass":"V1","OwnerName":"MALCOLM SHABAZZ GARDENS HOMEOWNERS ASSOC . INC.","LotArea":1345,"LotFront":13.33,"LotDepth":100.92,"BuiltFAR":0,"FacilFAR":6.5,"NumBldgs":0,"YearBuilt":0,"BBL":1017170118,"ZoneDist1":"R7-2"}},{"type":"Feature","geometry":{"type":"Polygon","coordinates":[[[-73.9473430831473,40.8034820447933],[-73.9475211059231,40.8032370326983],[-73.9475316340287,40.8032414877543],[-73.9475722405263,40.8032586733114],[-73.947394235622,40.8035036648281],[-73.9473430831473,40.8034820447933]]]},"properties":{"Borough":"MN","Block":1717,"Lot":162,"Address":"68 WEST 119 STREET","ZipCode":10026,"LandUse":"11","BldgClass":"V1","OwnerName":"68 WEST 119 STREET LLC","LotArea":1615,"LotFront":16,"LotDepth":100.92,"BuiltFAR":0,"FacilFAR":6.5,"NumBldgs":0,"YearBuilt":0,"BBL":1017170162,"ZoneDist1":"R7-2"}},{"type":"Feature","geometry":{"type":"Polygon","coordinates":[[[-73.9436642752827,40.8065410832143],[-73.94384474757,40.8062939016193],[-73.9439632527529,40.8063440179673],[-73.9437827796672,40.8065911998278],[-73.9436642752827,40.8065410832143]]]},"properties":{"Borough":"MN","Block":1722,"Lot":24,"Address":"27 WEST 124 STREET","ZipCode":10027,"LandUse":"11","BldgClass":"V1","OwnerName":"SJM HOLDINGS 27 LLC","LotArea":3784,"LotFront":37.5,"LotDepth":100.92,"BuiltFAR":0,"FacilFAR":3,"NumBldgs":0,"YearBuilt":0,"BBL":1017220024,"ZoneDist1":"R6A"}},{"type":"Feature","geometry":{"type":"Polygon","coordinates":[[[-73.9436868411677,40.8062271227956],[-73.9435063684732,40.8064743042285],[-73.9434467610776,40.8064490962045],[-73.9433888596746,40.8064246102139],[-73.9432707220553,40.8063746483112],[-73.9434511952445,40.8061274672432],[-73.9436868411677,40.8062271227956]]]},"properties":{"Borough":"MN","Block":1722,"Lot":27,"Address":"15 WEST 124 STREET","ZipCode":10027,"LandUse":"11","BldgClass":"V1","OwnerName":"HARLEM LLC","LotArea":7569,"LotFront":75,"LotDepth":100.92,"BuiltFAR":0,"FacilFAR":3,"NumBldgs":0,"YearBuilt":0,"BBL":1017220027,"ZoneDist1":"R6A"}},{"type":"Feature","geometry":{"type":"Polygon","coordinates":[[[-73.9432772145535,40.8076382670339],[-73.9434543748581,40.8073956292581],[-73.9435157697687,40.8074214441795],[-73.9433389720487,40.8076642452781],[-73.9432772145535,40.8076382670339]]]},"properties":{"Borough":"MN","Block":1723,"Lot":53,"Address":"38 WEST 126 STREET","ZipCode":10027,"LandUse":"11","BldgClass":"V1","OwnerName":"38 WEST 126TH OWNER LLC","LotArea":1998,"LotFront":20,"LotDepth":99.92,"BuiltFAR":0,"FacilFAR":3,"NumBldgs":0,"YearBuilt":0,"BBL":1017230053,"ZoneDist1":"R6A"}},{"type":"Feature","geometry":{"type":"Polygon","coordinates":[[[-73.944357686015,40.8084850639735],[-73.9444131913569,40.808409520909],[-73.9446545803276,40.8085108034646],[-73.944599076387,40.8085863475648],[-73.944357686015,40.8084850639735]]]},"properties":{"Borough":"MN","Block":1724,"Lot":2,"Address":"322 LENOX AVENUE","ZipCode":10027,"LandUse":"11","BldgClass":"V1","OwnerName":"ATOC INCORPORATED","LotArea":2475,"LotFront":33,"LotDepth":75,"BuiltFAR":0,"FacilFAR":6.5,"NumBldgs":0,"YearBuilt":0,"BBL":1017240002,"ZoneDist1":"R7-2"}},{"type":"Feature","geometry":{"type":"Polygon","coordinates":[[[-73.9444491579193,40.8087903923066],[-73.9441786214148,40.8086768853004],[-73.9442088250258,40.8086357804238],[-73.9444793578921,40.8087492873582],[-73.9444491579193,40.8087903923066]]]},"properties":{"Borough":"MN","Block":1724,"Lot":71,"Address":"334 LENOX AVENUE","ZipCode":10027,"LandUse":"11","BldgClass":"V1","OwnerName":"328 LENOX AVENUE REALTY CORP., INC.","LotArea":1403,"LotFront":16.5,"LotDepth":85,"BuiltFAR":0,"FacilFAR":6.5,"NumBldgs":0,"YearBuilt":0,"BBL":1017240071,"ZoneDist1":"R7-2"}},{"type":"Feature","geometry":{"type":"Polygon","coordinates":[[[-73.9427239899001,40.8106692713337],[-73.9428371143948,40.810509455738],[-73.9431076935157,40.8106234593837],[-73.9429925234196,40.8107824142125],[-73.9427239899001,40.8106692713337]]]},"properties":{"Borough":"MN","Block":1727,"Lot":69,"Address":"400 LENOX AVENUE","ZipCode":10027,"LandUse":"11","BldgClass":"V1","OwnerName":"PENTECOSTAL FAITH CHURCH","LotArea":5525,"LotFront":65,"LotDepth":85,"BuiltFAR":0,"FacilFAR":6.5,"NumBldgs":0,"YearBuilt":0,"BBL":1017270069,"ZoneDist1":"R7-2"}},{"type":"Feature","geometry":{"type":"Polygon","coordinates":[[[-73.9413686613542,40.811414538254],[-73.9414287286796,40.8114397701524],[-73.9412516369653,40.8116820616132],[-73.9411915682764,40.8116568287866],[-73.9413686613542,40.811414538254]]]},"properties":{"Borough":"MN","Block":1729,"Lot":61,"Address":"64 WEST 132 STREET","ZipCode":10037,"LandUse":"11","BldgClass":"V1","OwnerName":"EAST 132ND ST LLC","LotArea":1874,"LotFront":18.75,"LotDepth":99.92,"BuiltFAR":0,"FacilFAR":6.5,"NumBldgs":0,"YearBuilt":0,"BBL":1017290061,"ZoneDist1":"R7-2"}},{"type":"Feature","geometry":{"type":"Polygon","coordinates":[[[-73.9397390056631,40.8072060670136],[-73.9397774202578,40.8071535996903],[-73.9398899405203,40.8072008022322],[-73.9398510448496,40.8072532585493],[-73.9398171705963,40.8072989618124],[-73.9397799477402,40.8073491875317],[-73.9397430808939,40.8073989324665],[-73.9397084791445,40.8074456205724],[-73.9395979301842,40.8073989213472],[-73.9396321207881,40.8073521953278],[-73.9396686204228,40.8073022943777],[-73.9397054701214,40.8072519136457],[-73.9397390056631,40.8072060670136]]]},"properties":{"Borough":"MN","Block":1752,"Lot":16,"Address":"2000 MADISON AVENUE","ZipCode":10035,"LandUse":"11","BldgClass":"V1","OwnerName":"HARLEM MADISON AVE, LLC","LotArea":3497,"LotFront":99.92,"LotDepth":35,"BuiltFAR":0,"FacilFAR":4,"NumBldgs":0,"YearBuilt":0,"BBL":1017520016,"ZoneDist1":"R7A"}},{"type":"Feature","geometry":{"type":"Polygon","coordinates":[[[-73.939438475196,40.8084745902564],[-73.9396182513445,40.8082287178899],[-73.9396531345082,40.8082434017261],[-73.939669681077,40.8082503649051],[-73.9394899062709,40.8084962373516],[-73.939438475196,40.8084745902564]]]},"properties":{"Borough":"MN","Block":1753,"Lot":162,"Address":"20 EAST 129 STREET","ZipCode":10035,"LandUse":"11","BldgClass":"V1","OwnerName":"20 E 129 LLC","LotArea":1765,"LotFront":17.67,"LotDepth":99.92,"BuiltFAR":0,"FacilFAR":3,"NumBldgs":0,"YearBuilt":0,"BBL":1017530162,"ZoneDist1":"R7B"}},{"type":"Feature","geometry":{"type":"Polygon","coordinates":[[[-73.9389168393149,40.8090634237268],[-73.9388640514692,40.8090412047673],[-73.9390409561419,40.8087992643751],[-73.9390937437454,40.8088214823344],[-73.9389168393149,40.8090634237268]]]},"properties":{"Borough":"MN","Block":1754,"Lot":61,"Address":"24 EAST 130 STREET","ZipCode":10037,"LandUse":"11","BldgClass":"V1","OwnerName":"PHILADEPHIA COMMUNITY","LotArea":1665,"LotFront":16.67,"LotDepth":99.92,"BuiltFAR":0,"FacilFAR":3,"NumBldgs":0,"YearBuilt":0,"BBL":1017540061,"ZoneDist1":"R7B"}},{"type":"Feature","geometry":{"type":"Polygon","coordinates":[[[-73.9393918432531,40.8092633446189],[-73.9393363647054,40.809239995228],[-73.9395083151287,40.8090048295186],[-73.9395637923273,40.8090281797471],[-73.9393918432531,40.8092633446189]]]},"properties":{"Borough":"MN","Block":1754,"Lot":67,"Address":"6 EAST 130 STREET","ZipCode":10037,"LandUse":"11","BldgClass":"V1","OwnerName":"PHILADELPHIA COMM. SE","LotArea":1665,"LotFront":16.67,"LotDepth":99.92,"BuiltFAR":0,"FacilFAR":3,"NumBldgs":1,"YearBuilt":0,"BBL":1017540067,"ZoneDist1":"R7B"}},{"type":"Feature","geometry":{"type":"Polygon","coordinates":[[[-73.9394466074175,40.8092863955303],[-73.9396185587812,40.8090512287375],[-73.939670508097,40.8090730939538],[-73.9396628020888,40.8090836338453],[-73.9396333749086,40.8091238787542],[-73.9395983811295,40.8091717390124],[-73.9395676854227,40.8092137204258],[-73.9395340064122,40.8092597803345],[-73.939498559172,40.8093082607407],[-73.9394466074175,40.8092863955303]]]},"properties":{"Borough":"MN","Block":1754,"Lot":68,"Address":"2 EAST 130 STREET","ZipCode":10037,"LandUse":"11","BldgClass":"V1","OwnerName":"NYC HOUSING PRESERVATION AND DEVELOPMENT","LotArea":1665,"LotFront":16.67,"LotDepth":99.92,"BuiltFAR":0,"FacilFAR":3,"NumBldgs":0,"YearBuilt":0,"BBL":1017540068,"ZoneDist1":"R7B"}},{"type":"Feature","geometry":{"type":"Polygon","coordinates":[[[-73.9373304182017,40.8083957010865],[-73.9375073456968,40.8081537368479],[-73.937522503609,40.8081601169788],[-73.9375604580558,40.8081760907981],[-73.9373835308038,40.8084180560375],[-73.9373304182017,40.8083957010865]]]},"properties":{"Borough":"MN","Block":1754,"Lot":141,"Address":"68 EAST 130 STREET","ZipCode":10037,"LandUse":"11","BldgClass":"V1","OwnerName":"MS II TP4 HOUSING DEVELOPMENT FUND COMPA NY, INC.","LotArea":1665,"LotFront":16.67,"LotDepth":99.92,"BuiltFAR":0,"FacilFAR":3,"NumBldgs":0,"YearBuilt":0,"BBL":1017540141,"ZoneDist1":"R7B"}},{"type":"Feature","geometry":{"type":"Polygon","coordinates":[[[-73.9393918432531,40.8092633446189],[-73.9395637923273,40.8090281797471],[-73.9395832984533,40.809036389006],[-73.9396185587812,40.8090512287375],[-73.9394466074175,40.8092863955303],[-73.9393918432531,40.8092633446189]]]},"properties":{"Borough":"MN","Block":1754,"Lot":167,"Address":"4 EAST 130 STREET","ZipCode":10037,"LandUse":"11","BldgClass":"V1","OwnerName":"PHILADELPHIA COMM. SE","LotArea":1665,"LotFront":16.67,"LotDepth":99.92,"BuiltFAR":0,"FacilFAR":3,"NumBldgs":1,"YearBuilt":0,"BBL":1017540167,"ZoneDist1":"R7B"}},{"type":"Feature","geometry":{"type":"Polygon","coordinates":[[[-73.9386687964989,40.8105081242479],[-73.9387128591431,40.8104476621412],[-73.9390565525118,40.8105921824553],[-73.9390124900849,40.8106526437706],[-73.9386687964989,40.8105081242479]]]},"properties":{"Borough":"MN","Block":1756,"Lot":70,"Address":"2157 5 AVENUE","ZipCode":10037,"LandUse":"11","BldgClass":"V1","OwnerName":"MADISON AVENUE HOUSING CORP CORPORATIN","LotArea":2475,"LotFront":25,"LotDepth":99,"BuiltFAR":0,"FacilFAR":6.5,"NumBldgs":0,"YearBuilt":0,"BBL":1017560070,"ZoneDist1":"R7-2"}},{"type":"Feature","geometry":{"type":"Polygon","coordinates":[[[-73.9387545863584,40.8103904035999],[-73.9390982807329,40.8105349237917],[-73.9390565525118,40.8105921824553],[-73.9387128591431,40.8104476621412],[-73.9387545863584,40.8103904035999]]]},"properties":{"Borough":"MN","Block":1756,"Lot":71,"Address":"5 AVENUE","ZipCode":10037,"LandUse":"11","BldgClass":"V1","OwnerName":"MADISON AVENUE HOUSING DEVELOPMENT FUND  CORPORATIN","LotArea":2467,"LotFront":24.92,"LotDepth":99,"BuiltFAR":0,"FacilFAR":6.5,"NumBldgs":0,"YearBuilt":0,"BBL":1017560071,"ZoneDist1":"R7-2"}},{"type":"Feature","geometry":{"type":"Polygon","coordinates":[[[-73.9383482226967,40.8017893223529],[-73.9384999536051,40.8015827559166],[-73.9385682838111,40.8016116533588],[-73.9384164984813,40.8018182954818],[-73.9383482226967,40.8017893223529]]]},"properties":{"Borough":"MN","Block":1770,"Lot":31,"Address":"EAST 121 STREET","ZipCode":10035,"LandUse":"11","BldgClass":"V1","OwnerName":"165 EAST 121ST STREET, LLC","LotArea":1905,"LotFront":22.42,"LotDepth":85,"BuiltFAR":0,"FacilFAR":3,"NumBldgs":0,"YearBuilt":0,"BBL":1017700031,"ZoneDist1":"R7B"}},{"type":"Feature","geometry":{"type":"Polygon","coordinates":[[[-73.9389239763789,40.8017620816093],[-73.9389250802917,40.8017625486789],[-73.9387820380647,40.8019572877401],[-73.9387809316145,40.8019568225079],[-73.9389239763789,40.8017620816093]]]},"properties":{"Borough":"MN","Block":1770,"Lot":123,"Address":"EAST 121 STREET","ZipCode":10035,"LandUse":"11","BldgClass":"V1","OwnerName":"KIRSH, HATTIE C","LotArea":81,"LotFront":0.4,"LotDepth":81,"BuiltFAR":0,"FacilFAR":4.66,"NumBldgs":0,"YearBuilt":0,"BBL":1017700123,"ZoneDist1":"R7D"}},{"type":"Feature","geometry":{"type":"Polygon","coordinates":[[[-73.9384631772266,40.802388217559],[-73.9384363536441,40.8024256594965],[-73.9384109692597,40.8024611139476],[-73.9383864559736,40.8024953134639],[-73.938361248396,40.8025304761921],[-73.9383380485325,40.8025628412465],[-73.938310869978,40.8026007548043],[-73.9382855769949,40.8026360390286],[-73.9382097960056,40.8026040451276],[-73.9383873964358,40.8023562237735],[-73.9384631772266,40.802388217559]]]},"properties":{"Borough":"MN","Block":1771,"Lot":23,"Address":"159 EAST 122 STREET","ZipCode":10035,"LandUse":"11","BldgClass":"V1","OwnerName":"NYC DEPARTMENT OF PARKS AND RECREATION","LotArea":2523,"LotFront":25,"LotDepth":100.92,"BuiltFAR":0,"FacilFAR":4.66,"NumBldgs":0,"YearBuilt":0,"BBL":1017710023,"ZoneDist1":"R7D"}},{"type":"Feature","geometry":{"type":"Polygon","coordinates":[[[-73.9383065659247,40.8023220957595],[-73.9383873964358,40.8023562237735],[-73.9382097960056,40.8026040451276],[-73.9381289640747,40.8025699179111],[-73.9383065659247,40.8023220957595]]]},"properties":{"Borough":"MN","Block":1771,"Lot":24,"Address":"161 EAST 122 STREET","ZipCode":10035,"LandUse":"11","BldgClass":"V1","OwnerName":"NYC DEPARTMENT OF PARKS AND RECREATION","LotArea":2523,"LotFront":25,"LotDepth":100.92,"BuiltFAR":0,"FacilFAR":6.5,"NumBldgs":0,"YearBuilt":0,"BBL":1017710024,"ZoneDist1":"R7-2"}},{"type":"Feature","geometry":{"type":"Polygon","coordinates":[[[-73.9383065659247,40.8023220957595],[-73.9381289640747,40.8025699179111],[-73.9380531844476,40.8025379229875],[-73.937998243916,40.8025147281502],[-73.9381758519373,40.8022669097988],[-73.9383065659247,40.8023220957595]]]},"properties":{"Borough":"MN","Block":1771,"Lot":25,"Address":"163 EAST 122 STREET","ZipCode":10035,"LandUse":"11","BldgClass":"V1","OwnerName":"NYC DEPARTMENT OF PARKS AND RECREATION","LotArea":4491,"LotFront":44.5,"LotDepth":100.92,"BuiltFAR":0,"FacilFAR":6.5,"NumBldgs":0,"YearBuilt":0,"BBL":1017710025,"ZoneDist1":"R7-2"}},{"type":"Feature","geometry":{"type":"Polygon","coordinates":[[[-73.9377873719623,40.8027494062038],[-73.9377826595839,40.8026232490643],[-73.9379148736487,40.8024388143665],[-73.9378766676673,40.8024226829823],[-73.9380318627806,40.8022061172269],[-73.9381758519373,40.8022669097988],[-73.937998243916,40.8025147281502],[-73.9379805617047,40.80250726157],[-73.9378024267478,40.8027557583071],[-73.9377873719623,40.8027494062038]]]},"properties":{"Borough":"MN","Block":1771,"Lot":27,"Address":"167 EAST 122 STREET","ZipCode":10035,"LandUse":"11","BldgClass":"V1","OwnerName":"NYC DEPARTMENT OF PARKS AND RECREATION","LotArea":6700,"LotFront":44.5,"LotDepth":201.83,"BuiltFAR":0,"FacilFAR":6.5,"NumBldgs":0,"YearBuilt":0,"BBL":1017710027,"ZoneDist1":"R7-2"}},{"type":"Feature","geometry":{"type":"Polygon","coordinates":[[[-73.9379067066955,40.8032922130115],[-73.9378381700598,40.8032633097215],[-73.9378051248278,40.8032493738127],[-73.9379838841589,40.8030000092916],[-73.9380961625889,40.8030473602287],[-73.9379174058626,40.8032967249233],[-73.9379067066955,40.8032922130115]]]},"properties":{"Borough":"MN","Block":1772,"Lot":22,"Address":"151 EAST 123 STREET","ZipCode":10035,"LandUse":"11","BldgClass":"V1","OwnerName":"NYC HOUSING PRESERVATION AND DEVELOPMENT","LotArea":3532,"LotFront":35,"LotDepth":100.92,"BuiltFAR":0,"FacilFAR":4.66,"NumBldgs":0,"YearBuilt":0,"BBL":1017720022,"ZoneDist1":"R7D"}},{"type":"Feature","geometry":{"type":"Polygon","coordinates":[[[-73.9375006204715,40.8031209536869],[-73.937477290187,40.8031111148175],[-73.937656049165,40.8028617499623],[-73.9377384840345,40.8028965150226],[-73.9375597228494,40.8031458791665],[-73.9375006204715,40.8031209536869]]]},"properties":{"Borough":"MN","Block":1772,"Lot":26,"Address":"161 EAST 123 STREET","ZipCode":10035,"LandUse":"11","BldgClass":"V1","OwnerName":"NYC DEPARTMENT OF SANITATION","LotArea":2632,"LotFront":26.08,"LotDepth":100.92,"BuiltFAR":0,"FacilFAR":6.5,"NumBldgs":0,"YearBuilt":0,"BBL":1017720026,"ZoneDist1":"R7-2"}},{"type":"Feature","geometry":{"type":"Polygon","coordinates":[[[-73.9374330330534,40.8030924504781],[-73.9373916995716,40.8030750186754],[-73.9375704598756,40.8028256539521],[-73.937656049165,40.8028617499623],[-73.937477290187,40.8031111148175],[-73.9374330330534,40.8030924504781]]]},"properties":{"Borough":"MN","Block":1772,"Lot":28,"Address":"163 EAST 123 STREET","ZipCode":10035,"LandUse":"11","BldgClass":"V1","OwnerName":"NYC DEPARTMENT OF SANITATION","LotArea":2809,"LotFront":27.83,"LotDepth":100.92,"BuiltFAR":0,"FacilFAR":6.5,"NumBldgs":0,"YearBuilt":0,"BBL":1017720028,"ZoneDist1":"R7-2"}},{"type":"Feature","geometry":{"type":"Polygon","coordinates":[[[-73.9375006204715,40.8031209536869],[-73.937319708873,40.8033733184866],[-73.937252172319,40.8033447413301],[-73.9374330330534,40.8030924504781],[-73.937477290187,40.8031111148175],[-73.9375006204715,40.8031209536869]]]},"properties":{"Borough":"MN","Block":1772,"Lot":46,"Address":"164 EAST 124 STREET","ZipCode":10035,"LandUse":"11","BldgClass":"V1","OwnerName":"MAHONEY REALTY LLC","LotArea":2153,"LotFront":21.33,"LotDepth":100.92,"BuiltFAR":0,"FacilFAR":6.5,"NumBldgs":1,"YearBuilt":0,"BBL":1017720046,"ZoneDist1":"R7-2"}},{"type":"Feature","geometry":{"type":"Polygon","coordinates":[[[-73.9388100121383,40.8044759949784],[-73.9388651992589,40.8044005957504],[-73.9391562378801,40.8045236362912],[-73.9391003453811,40.8045984238176],[-73.9388100121383,40.8044759949784]]]},"properties":{"Borough":"MN","Block":1773,"Lot":4,"Address":"1807 PARK AVENUE","ZipCode":10035,"LandUse":"11","BldgClass":"V1","OwnerName":"METROPOLITAN TRANSPORTATION AUTHORITY","LotArea":2843,"LotFront":31.58,"LotDepth":90,"BuiltFAR":0,"FacilFAR":10,"NumBldgs":0,"YearBuilt":0,"BBL":1017730004,"ZoneDist1":"C6-4"}},{"type":"Feature","geometry":{"type":"Polygon","coordinates":[[[-73.9377220896344,40.8002547499483],[-73.9378558520427,40.8000697803325],[-73.9378902767978,40.800084296906],[-73.937927224029,40.8000332063017],[-73.9382190866772,40.8001563452043],[-73.9381817061249,40.8002072519527],[-73.938138963598,40.8002654625462],[-73.9380463736412,40.8003915556712],[-73.9377220896344,40.8002547499483]]]},"properties":{"Borough":"MN","Block":1784,"Lot":45,"Address":"2201 3RD AVENUE","ZipCode":10035,"LandUse":"11","BldgClass":"V1","OwnerName":"EAST 120TH HOLDINGS LLC","LotArea":9300,"LotFront":95,"LotDepth":100,"BuiltFAR":0,"FacilFAR":10,"NumBldgs":0,"YearBuilt":0,"BBL":1017840045,"ZoneDist1":"C4-6"}},{"type":"Feature","geometry":{"type":"Polygon","coordinates":[[[-73.9354936975852,40.8003937584822],[-73.9355416774052,40.8003273860477],[-73.9357254304596,40.8004049739735],[-73.9356774518683,40.800471347322],[-73.9354936975852,40.8003937584822]]]},"properties":{"Borough":"MN","Block":1786,"Lot":22,"Address":"2 AVENUE","ZipCode":10035,"LandUse":"11","BldgClass":"V1","OwnerName":"SECOND AVENUE TYH LLC","LotArea":1395,"LotFront":25.92,"LotDepth":53.92,"BuiltFAR":0,"FacilFAR":7.5,"NumBldgs":0,"YearBuilt":0,"BBL":1017860022,"ZoneDist1":"R9A"}},{"type":"Feature","geometry":{"type":"Polygon","coordinates":[[[-73.9361455104422,40.8023873461085],[-73.9361463886033,40.8023861462492],[-73.9361621704536,40.8023928195523],[-73.9361612910835,40.8023940194948],[-73.9361455104422,40.8023873461085]]]},"properties":{"Borough":"MN","Block":1788,"Lot":101,"Address":"3 AVENUE","ZipCode":10035,"LandUse":"11","BldgClass":"V1","OwnerName":"NYC DEPARTMENT OF CITYWIDE ADMINISTRATIVE SERVICES","LotArea":2,"LotFront":5,"LotDepth":0.55,"BuiltFAR":0,"FacilFAR":3,"NumBldgs":0,"YearBuilt":0,"BBL":1017880101,"ZoneDist1":"R7B"}},{"type":"Feature","geometry":{"type":"Polygon","coordinates":[[[-73.9348599042493,40.8034428835536],[-73.9346753016059,40.8036970106715],[-73.9345889132032,40.8036606049695],[-73.9347737139162,40.8034065888657],[-73.9348599042493,40.8034428835536]]]},"properties":{"Borough":"MN","Block":1790,"Lot":9,"Address":"EAST 125 STREET","ZipCode":10035,"LandUse":"11","BldgClass":"V1","OwnerName":"NYC HOUSING PRESERVATION AND DEVELOPMENT","LotArea":2698,"LotFront":27,"LotDepth":99.92,"BuiltFAR":0,"FacilFAR":10,"NumBldgs":0,"YearBuilt":0,"BBL":1017900009,"ZoneDist1":"C6-3"}},{"type":"Feature","geometry":{"type":"Polygon","coordinates":[[[-73.9345342133685,40.8036375544405],[-73.9347190047452,40.8033835518881],[-73.9347737139162,40.8034065888657],[-73.9345889132032,40.8036606049695],[-73.9345342133685,40.8036375544405]]]},"properties":{"Borough":"MN","Block":1790,"Lot":12,"Address":"225 EAST 125 STREET","ZipCode":10035,"LandUse":"11","BldgClass":"V1","OwnerName":"NYC ECONOMIC DEVELOPMENT CORPORATION","LotArea":1665,"LotFront":16.67,"LotDepth":99.92,"BuiltFAR":0,"FacilFAR":10,"NumBldgs":1,"YearBuilt":0,"BBL":1017900012,"ZoneDist1":"C6-3"}},{"type":"Feature","geometry":{"type":"Polygon","coordinates":[[[-73.9338717999519,40.8033579289473],[-73.9337991473681,40.8033273108113],[-73.933792051929,40.803324320681],[-73.9339764465138,40.8030708647867],[-73.934141511982,40.8031403732844],[-73.9339570881761,40.8033938708342],[-73.9338717999519,40.8033579289473]]]},"properties":{"Borough":"MN","Block":1790,"Lot":20,"Address":"249 EAST 125 STREET","ZipCode":10035,"LandUse":"11","BldgClass":"V1","OwnerName":"NYC HOUSING PRESERVATION AND DEVELOPMENT","LotArea":5296,"LotFront":53,"LotDepth":99.92,"BuiltFAR":0,"FacilFAR":10,"NumBldgs":0,"YearBuilt":0,"BBL":1017900020,"ZoneDist1":"C6-3"}},{"type":"Feature","geometry":{"type":"Polygon","coordinates":[[[-73.9334606074957,40.8031846461374],[-73.933504228412,40.8031249762778],[-73.9337449712172,40.8032264255551],[-73.9337015103523,40.8032861631093],[-73.9334606074957,40.8031846461374]]]},"properties":{"Borough":"MN","Block":1790,"Lot":25,"Address":"2 AVENUE","ZipCode":10035,"LandUse":"11","BldgClass":"V1","OwnerName":"NYC HOUSING PRESERVATION AND DEVELOPMENT","LotArea":1850,"LotFront":25,"LotDepth":74,"BuiltFAR":0,"FacilFAR":10,"NumBldgs":0,"YearBuilt":0,"BBL":1017900025,"ZoneDist1":"C6-3"}},{"type":"Feature","geometry":{"type":"Polygon","coordinates":[[[-73.9337991473681,40.8033273108113],[-73.9337559155756,40.8033867351286],[-73.9334172143813,40.8032440026386],[-73.9334606074957,40.8031846461374],[-73.9337015103523,40.8032861631093],[-73.933792051929,40.803324320681],[-73.9337991473681,40.8033273108113]]]},"properties":{"Borough":"MN","Block":1790,"Lot":26,"Address":"2453 2 AVENUE","ZipCode":10035,"LandUse":"11","BldgClass":"V1","OwnerName":"NYC HOUSING PRESERVATION AND DEVELOPMENT","LotArea":2625,"LotFront":25,"LotDepth":105,"BuiltFAR":0,"FacilFAR":10,"NumBldgs":0,"YearBuilt":0,"BBL":1017900026,"ZoneDist1":"C6-3"}},{"type":"Feature","geometry":{"type":"Polygon","coordinates":[[[-73.9337559155756,40.8033867351286],[-73.9337091651867,40.8034509921686],[-73.9333702930822,40.8033081865773],[-73.9334172143813,40.8032440026386],[-73.9337559155756,40.8033867351286]]]},"properties":{"Borough":"MN","Block":1790,"Lot":27,"Address":"2455 2 AVENUE","ZipCode":10035,"LandUse":"11","BldgClass":"V1","OwnerName":"NYC HOUSING PRESERVATION AND DEVELOPMENT","LotArea":2625,"LotFront":25,"LotDepth":105,"BuiltFAR":0,"FacilFAR":10,"NumBldgs":0,"YearBuilt":0,"BBL":1017900027,"ZoneDist1":"C6-3"}},{"type":"Feature","geometry":{"type":"Polygon","coordinates":[[[-73.9337091651867,40.8034509921686],[-73.9336646657273,40.8035121572601],[-73.9333256276725,40.8033692811695],[-73.9333702930822,40.8033081865773],[-73.9337091651867,40.8034509921686]]]},"properties":{"Borough":"MN","Block":1790,"Lot":28,"Address":"2 AVENUE","ZipCode":10035,"LandUse":"11","BldgClass":"V1","OwnerName":"NYC HOUSING PRESERVATION AND DEVELOPMENT","LotArea":2625,"LotFront":25,"LotDepth":105,"BuiltFAR":0,"FacilFAR":10,"NumBldgs":0,"YearBuilt":0,"BBL":1017900028,"ZoneDist1":"C6-3"}},{"type":"Feature","geometry":{"type":"Polygon","coordinates":[[[-73.9336193724053,40.8035744142184],[-73.9332801077636,40.803431548656],[-73.9333256276725,40.8033692811695],[-73.9336646657273,40.8035121572601],[-73.9336193724053,40.8035744142184]]]},"properties":{"Borough":"MN","Block":1790,"Lot":29,"Address":"2459 2 AVENUE","ZipCode":10035,"LandUse":"11","BldgClass":"V1","OwnerName":"NYC HOUSING PRESERVATION AND DEVELOPMENT","LotArea":2616,"LotFront":24.92,"LotDepth":105,"BuiltFAR":0,"FacilFAR":10,"NumBldgs":0,"YearBuilt":0,"BBL":1017900029,"ZoneDist1":"C6-3"}},{"type":"Feature","geometry":{"type":"Polygon","coordinates":[[[-73.9336920381868,40.803605013566],[-73.9336193724053,40.8035744142184],[-73.9336646657273,40.8035121572601],[-73.9337091651867,40.8034509921686],[-73.9337559155756,40.8033867351286],[-73.9337991473681,40.8033273108113],[-73.9338717999519,40.8033579289473],[-73.9336920381868,40.803605013566]]]},"properties":{"Borough":"MN","Block":1790,"Lot":30,"Address":"238 EAST 126 STREET","ZipCode":10035,"LandUse":"11","BldgClass":"V1","OwnerName":"NYC HOUSING PRESERVATION AND DEVELOPMENT","LotArea":2498,"LotFront":25,"LotDepth":99.92,"BuiltFAR":0,"FacilFAR":10,"NumBldgs":0,"YearBuilt":0,"BBL":1017900030,"ZoneDist1":"C6-3"}},{"type":"Feature","geometry":{"type":"Polygon","coordinates":[[[-73.9337773408538,40.8036409349296],[-73.9336920381868,40.803605013566],[-73.9338717999519,40.8033579289473],[-73.9339570881761,40.8033938708342],[-73.9337773408538,40.8036409349296]]]},"properties":{"Borough":"MN","Block":1790,"Lot":31,"Address":"236 EAST 126 STREET","ZipCode":10035,"LandUse":"11","BldgClass":"V9","OwnerName":"NYC ECONOMIC DEVELOPMENT CORPORATION","LotArea":2498,"LotFront":25,"LotDepth":99.92,"BuiltFAR":0,"FacilFAR":10,"NumBldgs":0,"YearBuilt":0,"BBL":1017900031,"ZoneDist1":"C6-3"}},{"type":"Feature","geometry":{"type":"Polygon","coordinates":[[[-73.9346656288942,40.8044216287067],[-73.9347939725138,40.8042472819236],[-73.9351210636173,40.8043848321497],[-73.9349928473682,40.8045592334084],[-73.9346656288942,40.8044216287067]]]},"properties":{"Borough":"MN","Block":1791,"Lot":46,"Address":"2321 3 AVENUE","ZipCode":10035,"LandUse":"11","BldgClass":"V9","OwnerName":"NYC HOUSING PRESERVATION AND DEVELOPMENT","LotArea":6983,"LotFront":69.83,"LotDepth":100,"BuiltFAR":0,"FacilFAR":10,"NumBldgs":0,"YearBuilt":0,"BBL":1017910046,"ZoneDist1":"C6-3"}},{"type":"Feature","geometry":{"type":"Polygon","coordinates":[[[-73.9336765601806,40.7977257775861],[-73.9337189659397,40.7976676540119],[-73.9339380688477,40.7977605249763],[-73.9338956620099,40.7978186486295],[-73.9336765601806,40.7977257775861]]]},"properties":{"Borough":"MN","Block":1806,"Lot":46,"Address":"2316 1 AVENUE","ZipCode":10035,"LandUse":"11","BldgClass":"V1","OwnerName":"2316 FIRST LLC","LotArea":1413,"LotFront":22.08,"LotDepth":64,"BuiltFAR":0,"FacilFAR":5,"NumBldgs":0,"YearBuilt":0,"BBL":1018060046,"ZoneDist1":"R7X"}},{"type":"Feature","geometry":{"type":"Polygon","coordinates":[[[-73.9314751427619,40.796153017429],[-73.9315260262167,40.7961745146203],[-73.9313486562841,40.7964176252103],[-73.9312977725915,40.7963961270213],[-73.9314751427619,40.796153017429]]]},"properties":{"Borough":"MN","Block":1815,"Lot":7,"Address":"EAST 118 STREET","ZipCode":10035,"LandUse":"11","BldgClass":"V1","OwnerName":"LOS TAMARINDOS LLC","LotArea":1682,"LotFront":16.67,"LotDepth":100.92,"BuiltFAR":0,"FacilFAR":3,"NumBldgs":0,"YearBuilt":0,"BBL":1018150007,"ZoneDist1":"R7B"}},{"type":"Feature","geometry":{"type":"Polygon","coordinates":[[[-73.9309526374266,40.7962503143895],[-73.9308868482477,40.7962225125456],[-73.9310632730428,40.795979004124],[-73.9311300095702,40.7960072062447],[-73.9309526374266,40.7962503143895]]]},"properties":{"Borough":"MN","Block":1815,"Lot":12,"Address":"519 EAST 118 STREET","ZipCode":10035,"LandUse":"11","BldgClass":"V1","OwnerName":"TIAGO PARKING HOLDINGS, LLC","LotArea":2077,"LotFront":20.58,"LotDepth":100.92,"BuiltFAR":0,"FacilFAR":3,"NumBldgs":1,"YearBuilt":0,"BBL":1018150012,"ZoneDist1":"R7B"}},{"type":"Feature","geometry":{"type":"Polygon","coordinates":[[[-73.9308868482477,40.7962225125456],[-73.9308247521177,40.7961962860973],[-73.9310021245827,40.7959531780635],[-73.9310632730428,40.795979004124],[-73.9308868482477,40.7962225125456]]]},"properties":{"Borough":"MN","Block":1815,"Lot":13,"Address":"521 EAST 118 STREET","ZipCode":10035,"LandUse":"11","BldgClass":"V1","OwnerName":"TIAGO PARKING HOLDINGS LLC","LotArea":2061,"LotFront":20.42,"LotDepth":100.92,"BuiltFAR":0,"FacilFAR":3,"NumBldgs":1,"YearBuilt":0,"BBL":1018150013,"ZoneDist1":"R7B"}},{"type":"Feature","geometry":{"type":"Polygon","coordinates":[[[-73.9307967658092,40.7961844636835],[-73.9307603607062,40.7961690820135],[-73.9309377333338,40.7959259741615],[-73.9310021245827,40.7959531780635],[-73.9308247521177,40.7961962860973],[-73.9307967658092,40.7961844636835]]]},"properties":{"Borough":"MN","Block":1815,"Lot":14,"Address":"523 EAST 118 STREET","ZipCode":10035,"LandUse":"11","BldgClass":"V1","OwnerName":"TIAGO PARKING HOLDINGS, LLC","LotArea":2060,"LotFront":20.42,"LotDepth":100.92,"BuiltFAR":0,"FacilFAR":3,"NumBldgs":0,"YearBuilt":0,"BBL":1018150014,"ZoneDist1":"R7B"}},{"type":"Feature","geometry":{"type":"Polygon","coordinates":[[[-73.9308512364914,40.7965350286538],[-73.9310338973646,40.7962846468813],[-73.9310856632679,40.7963065159083],[-73.9310970323895,40.7963113196594],[-73.9309143704717,40.7965617015302],[-73.9308512364914,40.7965350286538]]]},"properties":{"Borough":"MN","Block":1815,"Lot":43,"Address":"516 EAST 119 STREET","ZipCode":10035,"LandUse":"11","BldgClass":"V9","OwnerName":"KAVOLS LLC","LotArea":2018,"LotFront":20,"LotDepth":100.92,"BuiltFAR":0,"FacilFAR":3,"NumBldgs":0,"YearBuilt":0,"BBL":1018150043,"ZoneDist1":"R7B"}},{"type":"Feature","geometry":{"type":"Polygon","coordinates":[[[-73.9307603607062,40.7961690820135],[-73.9306947730435,40.7961413720393],[-73.9308721458385,40.7958982642858],[-73.9309377333338,40.7959259741615],[-73.9307603607062,40.7961690820135]]]},"properties":{"Borough":"MN","Block":1815,"Lot":114,"Address":"525 EAST 118 STREET","ZipCode":10035,"LandUse":"11","BldgClass":"V1","OwnerName":"TIAGO PARKING HOLDINGS LLC","LotArea":2060,"LotFront":20.42,"LotDepth":100.92,"BuiltFAR":0,"FacilFAR":3,"NumBldgs":0,"YearBuilt":0,"BBL":1018150114,"ZoneDist1":"R7B"}},{"type":"Feature","geometry":{"type":"Polygon","coordinates":[[[-73.9516095519256,40.8015432381937],[-73.9515293861268,40.8015093681983],[-73.9517032937555,40.8012712141133],[-73.9517834581452,40.8013050839872],[-73.9516095519256,40.8015432381937]]]},"properties":{"Borough":"MN","Block":1824,"Lot":20,"Address":"115 WEST 114 STREET","ZipCode":10026,"LandUse":"11","BldgClass":"V1","OwnerName":"NYC HOUSING PRESERVATION AND DEVELOPMENT","LotArea":2649,"LotFront":26.25,"LotDepth":100.92,"BuiltFAR":0,"FacilFAR":6.5,"NumBldgs":0,"YearBuilt":0,"BBL":1018240020,"ZoneDist1":"R7-2"}},{"type":"Feature","geometry":{"type":"Polygon","coordinates":[[[-73.9517032937555,40.8012712141133],[-73.9515293861268,40.8015093681983],[-73.9514480250646,40.8014749925914],[-73.9516219328953,40.8012368377064],[-73.9517032937555,40.8012712141133]]]},"properties":{"Borough":"MN","Block":1824,"Lot":21,"Address":"113 WEST 114 STREET","ZipCode":10026,"LandUse":"11","BldgClass":"V1","OwnerName":"NYC HOUSING PRESERVATION AND DEVELOPMENT","LotArea":2649,"LotFront":26.25,"LotDepth":100.92,"BuiltFAR":0,"FacilFAR":6.5,"NumBldgs":0,"YearBuilt":0,"BBL":1018240021,"ZoneDist1":"R7-2"}},{"type":"Feature","geometry":{"type":"Polygon","coordinates":[[[-73.9498385869372,40.8028961196426],[-73.9497943501199,40.8028775014714],[-73.9499756675314,40.8026290885041],[-73.9500199030235,40.8026477066059],[-73.9498385869372,40.8028961196426]]]},"properties":{"Borough":"MN","Block":1901,"Lot":138,"Address":"WEST 117 STREET","ZipCode":10026,"LandUse":"11","BldgClass":"V1","OwnerName":"MALCOLM SHABAZZ GARDENS HOMEOWNERS ASSOC IATION INC","LotArea":1497,"LotFront":14.83,"LotDepth":100.92,"BuiltFAR":0,"FacilFAR":6.5,"NumBldgs":0,"YearBuilt":0,"BBL":1019010138,"ZoneDist1":"R7-2"}},{"type":"Feature","geometry":{"type":"Polygon","coordinates":[[[-73.9454497489272,40.8110088860211],[-73.9456323018417,40.8107604266494],[-73.9456492441536,40.8107675539635],[-73.945675579409,40.8107786317435],[-73.945493044461,40.8110270695245],[-73.9454497489272,40.8110088860211]]]},"properties":{"Borough":"MN","Block":1913,"Lot":153,"Address":"146 WEST 129 STREET","ZipCode":10027,"LandUse":"11","BldgClass":"V1","OwnerName":"DAVID, COHN","LotArea":1249,"LotFront":12.5,"LotDepth":99.92,"BuiltFAR":0,"FacilFAR":6.5,"NumBldgs":0,"YearBuilt":0,"BBL":1019130153,"ZoneDist1":"R7-2"}},{"type":"Feature","geometry":{"type":"Polygon","coordinates":[[[-73.9439362903944,40.8111800839634],[-73.9441148921377,40.8109342545734],[-73.9441641798505,40.8109549872329],[-73.9439855770195,40.8112008184542],[-73.9439362903944,40.8111800839634]]]},"properties":{"Borough":"MN","Block":1914,"Lot":40,"Address":"WEST 130 STREET","ZipCode":10027,"LandUse":"11","BldgClass":"V1","OwnerName":"NYC DEPARTMENT OF CITYWIDE ADMINISTRATIVE SERVICES","LotArea":1665,"LotFront":16.67,"LotDepth":99.92,"BuiltFAR":0,"FacilFAR":6.5,"NumBldgs":0,"YearBuilt":0,"BBL":1019140040,"ZoneDist1":"R7-2"}},{"type":"Feature","geometry":{"type":"Polygon","coordinates":[[[-73.9516646174329,40.8069585138629],[-73.9520304737246,40.8064576445873],[-73.9520843148838,40.8064800858525],[-73.9519056747861,40.8067245931123],[-73.9517184588745,40.8069809543758],[-73.9516646174329,40.8069585138629]]]},"properties":{"Borough":"MN","Block":1926,"Lot":16,"Address":"227 WEST 120 STREET","ZipCode":10027,"LandUse":"11","BldgClass":"V1","OwnerName":"NYC DEPARTMENT OF EDUCATION","LotArea":3364,"LotFront":16.67,"LotDepth":201.83,"BuiltFAR":0,"FacilFAR":4,"NumBldgs":0,"YearBuilt":0,"BBL":1019260016,"ZoneDist1":"R7A"}},{"type":"Feature","geometry":{"type":"Polygon","coordinates":[[[-73.9523824663593,40.8076723720953],[-73.952423162158,40.8076166723409],[-73.9527493357374,40.8077539469431],[-73.9527086402379,40.8078096468114],[-73.9523824663593,40.8076723720953]]]},"properties":{"Borough":"MN","Block":1927,"Lot":3,"Address":"2262 8 AVENUE","ZipCode":10027,"LandUse":"11","BldgClass":"V1","OwnerName":"SUN STAR REAL ESTATE DEVELOPMENT 2021B, LLC","LotArea":2400,"LotFront":24.25,"LotDepth":100,"BuiltFAR":0,"FacilFAR":6.5,"NumBldgs":1,"YearBuilt":0,"BBL":1019270003,"ZoneDist1":"R8A"}},{"type":"Feature","geometry":{"type":"Polygon","coordinates":[[[-73.9514296339732,40.8073523066325],[-73.9512496272256,40.8075986772874],[-73.9511369622063,40.8075512588939],[-73.9513169679215,40.8073048884138],[-73.9513873035447,40.807334491347],[-73.9514296339732,40.8073523066325]]]},"properties":{"Borough":"MN","Block":1927,"Lot":48,"Address":"230 WEST 122 STREET","ZipCode":10027,"LandUse":"11","BldgClass":"V1","OwnerName":"NEP WEST 119TH STREET PROPERTIES, LLC","LotArea":3431,"LotFront":34,"LotDepth":100.92,"BuiltFAR":0,"FacilFAR":4,"NumBldgs":0,"YearBuilt":0,"BBL":1019270048,"ZoneDist1":"R7A"}},{"type":"Feature","geometry":{"type":"Polygon","coordinates":[[[-73.9506131799778,40.8078293563043],[-73.9504323624015,40.8080782512453],[-73.95037947911,40.8080560464662],[-73.9505602920833,40.8078071588847],[-73.9505750814564,40.8078133687343],[-73.9506131799778,40.8078293563043]]]},"properties":{"Borough":"MN","Block":1928,"Lot":44,"Address":"224 WEST 123 STREET","ZipCode":10027,"LandUse":"11","BldgClass":"V1","OwnerName":"ARIAS, MARIA E","LotArea":1682,"LotFront":16.67,"LotDepth":100.92,"BuiltFAR":0,"FacilFAR":4,"NumBldgs":0,"YearBuilt":0,"BBL":1019280044,"ZoneDist1":"R7A"}},{"type":"Feature","geometry":{"type":"Polygon","coordinates":[[[-73.9552508158305,40.8054370843855],[-73.9552047515055,40.8055002175463],[-73.9548900882614,40.8053671587305],[-73.9549361515813,40.8053040266137],[-73.9552508158305,40.8054370843855]]]},"properties":{"Borough":"MN","Block":1944,"Lot":30,"Address":"2173 FREDRICK DOUGLASS BL","ZipCode":10026,"LandUse":"11","BldgClass":"V1","OwnerName":"2173 EQUITIES LLC","LotArea":2567,"LotFront":25.67,"LotDepth":100,"BuiltFAR":0,"FacilFAR":6.5,"NumBldgs":0,"YearBuilt":0,"BBL":1019440030,"ZoneDist1":"R8A"}},{"type":"Feature","geometry":{"type":"Polygon","coordinates":[[[-73.9539347690629,40.8079053168919],[-73.9541143251705,40.8076597667634],[-73.9541914125098,40.8076917308694],[-73.9540115814139,40.8079376547127],[-73.9539347690629,40.8079053168919]]]},"properties":{"Borough":"MN","Block":1947,"Lot":41,"Address":"310 WEST 121 STREET","ZipCode":10027,"LandUse":"11","BldgClass":"V1","OwnerName":"MLMG ASSOCIATES LLC","LotArea":2725,"LotFront":27,"LotDepth":100.92,"BuiltFAR":0,"FacilFAR":4,"NumBldgs":0,"YearBuilt":0,"BBL":1019470041,"ZoneDist1":"R7A"}},{"type":"Feature","geometry":{"type":"Polygon","coordinates":[[[-73.9541965831174,40.8078762711844],[-73.9542293294998,40.8078314880288],[-73.9545433794066,40.8079617054374],[-73.9545106330635,40.8080064878449],[-73.9541965831174,40.8078762711844]]]},"properties":{"Borough":"MN","Block":1947,"Lot":145,"Address":"502 MANHATTAN AVENUE","ZipCode":10027,"LandUse":"11","BldgClass":"V1","OwnerName":"510 MANHATTAN AFFORDABLE HOUSING LP","LotArea":1781,"LotFront":18.75,"LotDepth":95,"BuiltFAR":0,"FacilFAR":4,"NumBldgs":0,"YearBuilt":0,"BBL":1019470145,"ZoneDist1":"R7A"}},{"type":"Feature","geometry":{"type":"Polygon","coordinates":[[[-73.9516409321294,40.8115791121263],[-73.951773690083,40.811397584091],[-73.9518771393511,40.811441177261],[-73.9517077985109,40.8116072905923],[-73.9516409321294,40.8115791121263]]]},"properties":{"Borough":"MN","Block":1953,"Lot":20,"Address":"322 ST NICHOLAS AVENUE","ZipCode":10027,"LandUse":"11","BldgClass":"V1","OwnerName":"319 W 126 LLC","LotArea":1848,"LotFront":30.37,"LotDepth":75.24,"BuiltFAR":0,"FacilFAR":6.5,"NumBldgs":0,"YearBuilt":0,"BBL":1019530020,"ZoneDist1":"R8"}},{"type":"Feature","geometry":{"type":"Polygon","coordinates":[[[-73.9515063452794,40.8112849241517],[-73.951327713031,40.8115291755939],[-73.9513192805005,40.8115256213646],[-73.9512754487925,40.8115071516198],[-73.951454081176,40.8112628994214],[-73.9515063452794,40.8112849241517]]]},"properties":{"Borough":"MN","Block":1953,"Lot":24,"Address":"317 WEST 126 STREET","ZipCode":10027,"LandUse":"11","BldgClass":"V1","OwnerName":"NYC DEPARTMENT OF CITYWIDE ADMINISTRATIVE SERVICES","LotArea":1665,"LotFront":16.67,"LotDepth":99.92,"BuiltFAR":0,"FacilFAR":6.5,"NumBldgs":0,"YearBuilt":0,"BBL":1019530024,"ZoneDist1":"R7-2"}},{"type":"Feature","geometry":{"type":"Polygon","coordinates":[[[-73.9513054947027,40.8115444710152],[-73.9516317006156,40.811681936096],[-73.9515914140166,40.8117214537374],[-73.9513113349272,40.8116034272823],[-73.9512739106514,40.8115876564162],[-73.9513054947027,40.8115444710152]]]},"properties":{"Borough":"MN","Block":1953,"Lot":45,"Address":"328 ST NICHOLAS AVENUE","ZipCode":10027,"LandUse":"11","BldgClass":"V1","OwnerName":"319 W 126 LLC","LotArea":1717,"LotFront":17.62,"LotDepth":98.86,"BuiltFAR":0,"FacilFAR":6.5,"NumBldgs":0,"YearBuilt":0,"BBL":1019530045,"ZoneDist1":"R8"}},{"type":"Feature","geometry":{"type":"Polygon","coordinates":[[[-73.9513054947027,40.8115444710152],[-73.9513192805005,40.8115256213646],[-73.951327713031,40.8115291755939],[-73.9513789748472,40.8115507776453],[-73.9513950183569,40.811528840152],[-73.9516697490346,40.8116446128896],[-73.9516317006156,40.811681936096],[-73.9513054947027,40.8115444710152]]]},"properties":{"Borough":"MN","Block":1953,"Lot":46,"Address":" ST NICHOLAS AVENUE","ZipCode":10027,"LandUse":"11","BldgClass":"V1","OwnerName":"319 W 126 LLC","LotArea":1649,"LotFront":16.71,"LotDepth":98.96,"BuiltFAR":0,"FacilFAR":6.5,"NumBldgs":0,"YearBuilt":0,"BBL":1019530046,"ZoneDist1":"R8"}},{"type":"Feature","geometry":{"type":"Polygon","coordinates":[[[-73.9513950183569,40.811528840152],[-73.9514248476137,40.8114880539132],[-73.9514779211604,40.8115104194065],[-73.9515309935307,40.8115327839533],[-73.9515840682477,40.811555149398],[-73.9516409321294,40.8115791121263],[-73.9517077985109,40.8116072905923],[-73.9516697490346,40.8116446128896],[-73.9513950183569,40.811528840152]]]},"properties":{"Borough":"MN","Block":1953,"Lot":47,"Address":" ST NICHOLAS AVENUE","ZipCode":10027,"LandUse":"11","BldgClass":"V1","OwnerName":"319 W 126 LLC","LotArea":1377,"LotFront":16.72,"LotDepth":85.97,"BuiltFAR":0,"FacilFAR":6.5,"NumBldgs":0,"YearBuilt":0,"BBL":1019530047,"ZoneDist1":"R8"}},{"type":"Feature","geometry":{"type":"MultiPolygon","coordinates":[[[[-73.9305114309714,40.8066712146034],[-73.9305105140134,40.8066822172683],[-73.930516110037,40.8067061360195],[-73.9305273329789,40.8067232243585],[-73.9305486708732,40.8067437388706],[-73.9305688785446,40.8067685210832],[-73.9305744899919,40.8067753574277],[-73.9305812294375,40.8067813407908],[-73.930633998637,40.8068420157434],[-73.9306789252047,40.8068796259963],[-73.9307283504927,40.8069138187705],[-73.9307643407249,40.8068950514944],[-73.9307926159888,40.8069248119796],[-73.9306918853183,40.8069801133226],[-73.9304621393158,40.8067385045128],[-73.9305114309714,40.8066712146034]]],[[[-73.9313745768154,40.807552557181],[-73.9313582237222,40.8075497820013],[-73.9308579785201,40.8069936077581],[-73.9310663965779,40.8072129734633],[-73.9311825840802,40.8073361300989],[-73.9313745768154,40.807552557181]]]]},"properties":{"Borough":"BX","Block":2316,"Lot":15,"Address":" LINCOLN AVENUE","ZipCode":null,"LandUse":"11","BldgClass":"V1","OwnerName":"UNAVAILABLE OWNER","LotArea":6085,"LotFront":48.8,"LotDepth":392.62,"BuiltFAR":0,"FacilFAR":6.5,"NumBldgs":0,"YearBuilt":0,"BBL":2023160015,"ZoneDist1":"M1-3/R8"}},{"type":"Feature","geometry":{"type":"Polygon","coordinates":[[[-73.9311825840802,40.8073361300989],[-73.9313437487758,40.8075069616951],[-73.9314190745649,40.8074976099054],[-73.9314954278854,40.8075813628739],[-73.931602099288,40.8076988701796],[-73.9316199676476,40.8078129081837],[-73.9316252622789,40.8078179456941],[-73.9316142605992,40.8078227383736],[-73.9313745768154,40.807552557181],[-73.9311825840802,40.8073361300989]]]},"properties":{"Borough":"BX","Block":2316,"Lot":35,"Address":" THIRD AVENUE","ZipCode":null,"LandUse":"11","BldgClass":"V1","OwnerName":"NYS DEPARTMENT OF TRANSPORTATION","LotArea":27000,"LotFront":51,"LotDepth":544.42,"BuiltFAR":0,"FacilFAR":6.5,"NumBldgs":0,"YearBuilt":0,"BBL":2023160035,"ZoneDist1":"M1-3/R8"}},{"type":"Feature","geometry":{"type":"Polygon","coordinates":[[[-73.930935914639,40.8085253351364],[-73.9310673341869,40.8084270091135],[-73.9312818509661,40.8085926947226],[-73.931291001374,40.8085997618643],[-73.9311591790436,40.8086977781078],[-73.9311519743904,40.8086922132175],[-73.930935914639,40.8085253351364]]]},"properties":{"Borough":"BX","Block":2319,"Lot":108,"Address":"2415 3 AVENUE","ZipCode":10451,"LandUse":"11","BldgClass":"V1","OwnerName":"BRUCKNER PARTNERS LLC","LotArea":4400,"LotFront":50,"LotDepth":88,"BuiltFAR":0,"FacilFAR":6.5,"NumBldgs":0,"YearBuilt":0,"BBL":2023190108,"ZoneDist1":"M1-3/R8"}},{"type":"Feature","geometry":{"type":"Polygon","coordinates":[[[-73.9300796857721,40.8103389808242],[-73.9300955195055,40.8103268274438],[-73.9303623659872,40.8105307374213],[-73.9303465571198,40.8105429098435],[-73.9303322918797,40.8105320087775],[-73.9300796857721,40.8103389808242]]]},"properties":{"Borough":"BX","Block":2322,"Lot":129,"Address":" RIDER AVENUE","ZipCode":10451,"LandUse":"11","BldgClass":"V1","OwnerName":"NYC DEPARTMENT OF CITYWIDE ADMINISTRATIVE SERVICES","LotArea":700,"LotFront":6.17,"LotDepth":100,"BuiltFAR":0,"FacilFAR":6.5,"NumBldgs":0,"YearBuilt":0,"BBL":2023220129,"ZoneDist1":"M1-4"}},{"type":"Feature","geometry":{"type":"Polygon","coordinates":[[[-73.9328202257617,40.8104284314032],[-73.9328307488619,40.8104203230792],[-73.9328685049326,40.8103912284387],[-73.9328660181249,40.8104075286001],[-73.932858371585,40.810417054034],[-73.9328471224316,40.8104247350233],[-73.9328251887901,40.8104371077615],[-73.9327683756406,40.8104785002437],[-73.9327560029322,40.8104861796488],[-73.9327267596153,40.8105015395123],[-73.9327155104333,40.8105092195687],[-73.932708194835,40.8105169020022],[-73.9326997556985,40.8105245846185],[-73.9326952530857,40.8105305612899],[-73.9326851216212,40.8105450749566],[-73.9326671013044,40.8105775211637],[-73.932669309844,40.8106168129813],[-73.9326883992856,40.81063817851],[-73.9327187536027,40.8106364879866],[-73.9327243559348,40.8106552810609],[-73.9327265869566,40.8106723639269],[-73.9327276932274,40.8106894488144],[-73.9327265619188,40.8106971356948],[-73.9327243058611,40.8107048209988],[-73.9327186663973,40.8107227565296],[-73.9327006377611,40.8107645984336],[-73.9326623515417,40.8108277820502],[-73.9326567244994,40.8108346126443],[-73.9326477206065,40.8108440023283],[-73.9326319677416,40.8108585136257],[-73.9326229693766,40.8108636321672],[-73.9326038366433,40.8108849754498],[-73.932591452249,40.8109029042695],[-73.9325869457941,40.8109114438397],[-73.9325846911591,40.8109199837214],[-73.9325824318994,40.8109285226802],[-73.9325824241127,40.8109362102158],[-73.9325924477645,40.8110293186306],[-73.9325979930038,40.8111044855208],[-73.9325991108425,40.8111113191332],[-73.9326013504965,40.8111198608058],[-73.9326148078025,40.8111531798957],[-73.9326181628762,40.8111685569364],[-73.9326203826458,40.8111967464942],[-73.9326226010331,40.8112274980339],[-73.9326222082425,40.8112620109618],[-73.9325117700457,40.8113138658546],[-73.9324601284251,40.8109777607512],[-73.9324518492287,40.8109235612132],[-73.9324503656351,40.8108999060838],[-73.9324479969307,40.8108621018017],[-73.9324455278963,40.8108226945468],[-73.9324452283338,40.8107872885668],[-73.9324447561776,40.8107177644488],[-73.9328202257617,40.8104284314032]]]},"properties":{"Borough":"BX","Block":2323,"Lot":5,"Address":" PARK AVENUE","ZipCode":10451,"LandUse":"11","BldgClass":"V8","OwnerName":"NYC DEPARTMENT OF CITYWIDE ADMINISTRATIVE SERVICES","LotArea":22503,"LotFront":180,"LotDepth":155,"BuiltFAR":0,"FacilFAR":6.5,"NumBldgs":0,"YearBuilt":0,"BBL":2023230005,"ZoneDist1":"R7-2"}},{"type":"Feature","geometry":{"type":"Polygon","coordinates":[[[-73.9321796163104,40.8109220749805],[-73.9322676037863,40.8108542741264],[-73.9324447561776,40.8107177644488],[-73.9324452283338,40.8107872885668],[-73.9324455278963,40.8108226945468],[-73.9324479969307,40.8108621018017],[-73.9324503656351,40.8108999060838],[-73.9324518492287,40.8109235612132],[-73.9324601284251,40.8109777607512],[-73.9325117700457,40.8113138658546],[-73.9321680800649,40.8114752386976],[-73.932163155944,40.8114655599296],[-73.93215982021,40.8114591671464],[-73.9321570662701,40.8114539858416],[-73.9321547926309,40.8114497701655],[-73.9321533955408,40.8114472056868],[-73.932152097785,40.8114448402085],[-73.9321510035576,40.8114428602678],[-73.9321494761693,40.8114401164308],[-73.932135960323,40.811416759491],[-73.9321346161215,40.8114145911694],[-73.9321212465597,40.8113930208591],[-73.932105404684,40.8113691240316],[-73.932089511425,40.8113468192914],[-73.9320818790413,40.8113361060659],[-73.9319636822486,40.8111710191763],[-73.9319255912082,40.8111178196396],[-73.9321796163104,40.8109220749805]]]},"properties":{"Borough":"BX","Block":2323,"Lot":13,"Address":"188 EAST 135 STREET","ZipCode":10451,"LandUse":"11","BldgClass":"V1","OwnerName":"WATERFRONT LIVING II LLC","LotArea":25000,"LotFront":143,"LotDepth":210,"BuiltFAR":0,"FacilFAR":6.5,"NumBldgs":0,"YearBuilt":0,"BBL":2023230013,"ZoneDist1":"R7-2"}},{"type":"Feature","geometry":{"type":"Polygon","coordinates":[[[-73.9322432419604,40.8117044028762],[-73.9322540804468,40.8117488884846],[-73.9322601971966,40.8117921078092],[-73.9322639535283,40.8118405261786],[-73.9322645677935,40.8118612272039],[-73.9322646538999,40.8118720449907],[-73.9322641618213,40.8118990920131],[-73.9322611009048,40.8119440755081],[-73.9322587843437,40.8119644830068],[-73.932256144772,40.811983217212],[-73.9322528274332,40.8120029622943],[-73.93224276605,40.8120496661438],[-73.9322310181813,40.8120916377307],[-73.9322145702265,40.8121390338681],[-73.9321978960821,40.8121791898247],[-73.9321902149341,40.8121952637093],[-73.9321814219582,40.8122137538573],[-73.9321318965705,40.8123080149621],[-73.9321150118054,40.8123395305309],[-73.932085725106,40.8123941969466],[-73.9320017579257,40.8125490168347],[-73.9318953697982,40.8127465178605],[-73.9318023793073,40.812919181062],[-73.9317891366323,40.8129436910963],[-73.9317112239353,40.8130864413824],[-73.9322432419604,40.8117044028762]]]},"properties":{"Borough":"BX","Block":2323,"Lot":20,"Address":" EXTERIOR STREET","ZipCode":10451,"LandUse":"11","BldgClass":"V0","OwnerName":"NYC DEPARTMENT OF SMALL BUSINESS SERVICE","LotArea":9229,"LotFront":529,"LotDepth":37,"BuiltFAR":0,"FacilFAR":6.5,"NumBldgs":0,"YearBuilt":0,"BBL":2023230020,"ZoneDist1":"R7-2"}},{"type":"Feature","geometry":{"type":"MultiPolygon","coordinates":[[[[-73.932508910984,40.8117117041235],[-73.9326365274554,40.8116933536245],[-73.9326359738633,40.8117132244835],[-73.9326267790936,40.811726031453],[-73.93261646882,40.8117320767581],[-73.9326063488118,40.8117339915782],[-73.932589484913,40.8117348345429],[-73.9325591338978,40.8117339639703],[-73.9325450809632,40.8117339557494],[-73.9325304624443,40.8117365082584],[-73.9325220287771,40.8117397090645],[-73.9325172458284,40.8117450435638],[-73.9325096393683,40.8117646843292],[-73.9325051213509,40.8117834724063],[-73.9324972095012,40.8118261756932],[-73.9324938000218,40.8118620449757],[-73.9324903413877,40.811947458788],[-73.93248805407,40.811985893387],[-73.9324494766491,40.8123352135503],[-73.9324215508074,40.8125463129832],[-73.932508910984,40.8117117041235]]],[[[-73.9321117061711,40.8133133629018],[-73.9323080554173,40.8133997433875],[-73.9323061701734,40.8134117736603],[-73.9322696511297,40.8133950956459],[-73.9321651486954,40.8133454960229],[-73.9321438000492,40.8133352304261],[-73.9321325581591,40.8133352238095],[-73.9321235593077,40.8133403450715],[-73.9321089343197,40.8133488776574],[-73.9320884046064,40.8133430143518],[-73.9321117061711,40.8133133629018]]]]},"properties":{"Borough":"BX","Block":2323,"Lot":25,"Address":" EXTERIOR STREET","ZipCode":null,"LandUse":"11","BldgClass":"V0","OwnerName":"NYC DEPARTMENT OF SMALL BUSINESS SERVICE","LotArea":30401,"LotFront":0,"LotDepth":0,"BuiltFAR":0,"FacilFAR":6.5,"NumBldgs":0,"YearBuilt":0,"BBL":2023230025,"ZoneDist1":"R7-2"}}]}